partition,k,model,avg,base_avg,delta,wins,min_folds
tpsa,0,p4_tpsa_mofe_last_k0,0.7855624999999999,0.78184,0.003722499999999962,3,5
tpsa,1,p4_tpsa_mofe_last_k1,0.7826625,0.78184,0.0008225000000000593,3,5
tpsa,2,p4_tpsa_mofe_last_k2,0.78762,0.78184,0.005780000000000007,5,5
tpsa,3,p4_tpsa_mofe_last_k3,0.7842375,0.78184,0.0023975000000000524,3,5
tpsa,4,p4_tpsa_mofe_last_k4,0.780535,0.78184,-0.0013050000000000006,5,5
tpsa,5,p4_tpsa_mofe_last_k5,0.7828275,0.78184,0.00098750000000003,3,5
tpsa,6,p4_tpsa_mofe_last_k6,0.7768425,0.78184,-0.004997499999999988,2,5
tpsa,7,p4_tpsa_mofe_last_k7,0.7809225,0.78184,-0.0009175000000000155,2,5
logp,0,p4_logp_mofe_last_k0,0.777645,0.7831025,-0.005457500000000004,4,5
logp,1,p4_logp_mofe_last_k1,0.7896099999999999,0.7831025,0.006507499999999888,4,5
logp,2,p4_logp_mofe_last_k2,0.7857325,0.7831025,0.00262999999999991,4,5
logp,3,p4_logp_mofe_last_k3,0.791205,0.7831025,0.008102500000000012,5,5
logp,4,p4_logp_mofe_last_k4,0.784735,0.7831025,0.0016324999999999257,5,5
logp,5,p4_logp_mofe_last_k5,0.78288875,0.7831025,-0.00021375000000001254,2,4
logp,6,p4_logp_mofe_last_k6,0.77925,0.7831025,-0.0038525000000000365,1,5
logp,7,p4_logp_mofe_last_k7,0.7789025,0.7831025,-0.0041999999999999815,2,5
