model,result_exp,dataset,fold,seed,validation_best_epoch,validation_best_auc,completion
p3_base_vanilla,p3_base_vanilla_n8aligned_evalfix,bbbp,1,42,15,0.9665570175438596,complete
p3_base_vanilla,p3_base_vanilla_n8aligned_evalfix,bbbp,2,43,9,0.9756756756756757,complete
p3_base_vanilla,p3_base_vanilla_n8aligned_evalfix,bbbp,3,44,32,0.9701886792452831,complete
p3_base_vanilla,p3_base_vanilla_n8aligned_evalfix,bbbp,4,45,30,0.9561236623067776,complete
p3_base_vanilla,p3_base_vanilla_n8aligned_evalfix,bbbp,5,46,15,0.9393059855521156,complete
p3_base_vanilla,p3_base_vanilla_n8aligned_evalfix,tox21,1,42,13,0.8262839653247229,complete
p3_base_vanilla,p3_base_vanilla_n8aligned_evalfix,tox21,2,43,12,0.7686087741193831,complete
p3_base_vanilla,p3_base_vanilla_n8aligned_evalfix,tox21,3,44,10,0.8216181160548973,complete
p3_base_vanilla,p3_base_vanilla_n8aligned_evalfix,tox21,4,45,10,0.7976033972842574,complete
p3_base_vanilla,p3_base_vanilla_n8aligned_evalfix,tox21,5,46,10,0.8374345970031292,complete
p3_base_vanilla,p3_base_vanilla_n8aligned_evalfix,toxcast,1,42,46,0.7036628129681899,complete
p3_base_vanilla,p3_base_vanilla_n8aligned_evalfix,toxcast,2,43,30,0.7298545133602552,complete
p3_base_vanilla,p3_base_vanilla_n8aligned_evalfix,toxcast,3,44,30,0.7139593774555989,complete
p3_base_vanilla,p3_base_vanilla_n8aligned_evalfix,toxcast,4,45,44,0.7271600093620805,complete
p3_base_vanilla,p3_base_vanilla_n8aligned_evalfix,toxcast,5,46,31,0.7155264013545244,complete
p3_base_vanilla,p3_base_vanilla_n8aligned_evalfix,sider,1,42,20,0.636687911424262,complete
p3_base_vanilla,p3_base_vanilla_n8aligned_evalfix,sider,2,43,11,0.6327702265711556,complete
p3_base_vanilla,p3_base_vanilla_n8aligned_evalfix,sider,3,44,11,0.6485892315986497,complete
p3_base_vanilla,p3_base_vanilla_n8aligned_evalfix,sider,4,45,8,0.6281514285130169,complete
p3_base_vanilla,p3_base_vanilla_n8aligned_evalfix,sider,5,46,29,0.6591426267678563,complete
p3_base_vanilla,p3_base_vanilla_n8aligned_evalfix,clintox,1,42,19,0.8681363641595379,complete
p3_base_vanilla,p3_base_vanilla_n8aligned_evalfix,clintox,2,43,30,0.9075751651025374,complete
p3_base_vanilla,p3_base_vanilla_n8aligned_evalfix,clintox,3,44,59,0.8285752070612418,complete
p3_base_vanilla,p3_base_vanilla_n8aligned_evalfix,clintox,4,45,26,0.9836478107777098,complete
p3_base_vanilla,p3_base_vanilla_n8aligned_evalfix,clintox,5,46,143,0.9716299903799904,complete
p3_base_vanilla,p3_base_vanilla_n8aligned_evalfix,bace,1,42,25,0.9384669479606189,complete
p3_base_vanilla,p3_base_vanilla_n8aligned_evalfix,bace,2,43,38,0.9326956826956827,complete
p3_base_vanilla,p3_base_vanilla_n8aligned_evalfix,bace,3,44,15,0.9022893772893773,complete
p3_base_vanilla,p3_base_vanilla_n8aligned_evalfix,bace,4,45,6,0.9000538793103448,complete
p3_base_vanilla,p3_base_vanilla_n8aligned_evalfix,bace,5,46,26,0.9389064697609002,complete
p3_base_vanilla,p3_base_vanilla_n8aligned_evalfix,hiv,1,42,25,0.818706049042532,complete
p3_base_vanilla,p3_base_vanilla_n8aligned_evalfix,hiv,2,43,58,0.8198554987702604,complete
p3_base_vanilla,p3_base_vanilla_n8aligned_evalfix,hiv,3,44,7,0.8501634197184548,complete
p3_base_vanilla,p3_base_vanilla_n8aligned_evalfix,hiv,4,45,31,0.8347575449304849,complete
p3_base_vanilla,p3_base_vanilla_n8aligned_evalfix,hiv,5,46,16,0.7974441003236918,complete
p3_base_vanilla,p3_base_vanilla_n8aligned_evalfix,muv,1,42,12,0.789148873336788,complete
p3_base_vanilla,p3_base_vanilla_n8aligned_evalfix,muv,2,43,15,0.8371323487931486,complete
p3_base_vanilla,p3_base_vanilla_n8aligned_evalfix,muv,3,44,24,0.8395758995534367,complete
p3_base_vanilla,p3_base_vanilla_n8aligned_evalfix,muv,4,45,12,0.7595728007608102,complete
p3_base_vanilla,p3_base_vanilla_n8aligned_evalfix,muv,5,46,15,0.7636408728549069,complete
p3_tpsa_mofe_last_ffn,p3_tpsa_mofe_last_ffn_n8aligned_evalfix,bbbp,1,42,5,0.9358552631578947,complete
p3_tpsa_mofe_last_ffn,p3_tpsa_mofe_last_ffn_n8aligned_evalfix,bbbp,2,43,24,0.9774774774774775,complete
p3_tpsa_mofe_last_ffn,p3_tpsa_mofe_last_ffn_n8aligned_evalfix,bbbp,3,44,19,0.969559748427673,complete
p3_tpsa_mofe_last_ffn,p3_tpsa_mofe_last_ffn_n8aligned_evalfix,bbbp,4,45,23,0.9293697978596908,complete
p3_tpsa_mofe_last_ffn,p3_tpsa_mofe_last_ffn_n8aligned_evalfix,bbbp,5,46,12,0.9340170278637772,complete
p3_tpsa_mofe_last_ffn,p3_tpsa_mofe_last_ffn_n8aligned_evalfix,tox21,1,42,11,0.81760100146369,complete
p3_tpsa_mofe_last_ffn,p3_tpsa_mofe_last_ffn_n8aligned_evalfix,tox21,2,43,17,0.7668509868551947,complete
p3_tpsa_mofe_last_ffn,p3_tpsa_mofe_last_ffn_n8aligned_evalfix,tox21,3,44,12,0.8147028179086965,complete
p3_tpsa_mofe_last_ffn,p3_tpsa_mofe_last_ffn_n8aligned_evalfix,tox21,4,45,28,0.8049654789933293,complete
p3_tpsa_mofe_last_ffn,p3_tpsa_mofe_last_ffn_n8aligned_evalfix,tox21,5,46,9,0.8295230186599166,complete
p3_tpsa_mofe_last_ffn,p3_tpsa_mofe_last_ffn_n8aligned_evalfix,toxcast,1,42,36,0.7037343136042334,complete
p3_tpsa_mofe_last_ffn,p3_tpsa_mofe_last_ffn_n8aligned_evalfix,toxcast,2,43,33,0.7333549392026499,complete
p3_tpsa_mofe_last_ffn,p3_tpsa_mofe_last_ffn_n8aligned_evalfix,toxcast,3,44,34,0.7104289233385986,complete
p3_tpsa_mofe_last_ffn,p3_tpsa_mofe_last_ffn_n8aligned_evalfix,toxcast,4,45,28,0.7209446816376952,complete
p3_tpsa_mofe_last_ffn,p3_tpsa_mofe_last_ffn_n8aligned_evalfix,toxcast,5,46,38,0.6974034176562156,complete
p3_tpsa_mofe_last_ffn,p3_tpsa_mofe_last_ffn_n8aligned_evalfix,sider,1,42,30,0.6272715847937353,complete
p3_tpsa_mofe_last_ffn,p3_tpsa_mofe_last_ffn_n8aligned_evalfix,sider,2,43,21,0.6387109539231802,complete
p3_tpsa_mofe_last_ffn,p3_tpsa_mofe_last_ffn_n8aligned_evalfix,sider,3,44,11,0.6294892839775267,complete
p3_tpsa_mofe_last_ffn,p3_tpsa_mofe_last_ffn_n8aligned_evalfix,sider,4,45,16,0.6265482479930377,complete
p3_tpsa_mofe_last_ffn,p3_tpsa_mofe_last_ffn_n8aligned_evalfix,sider,5,46,17,0.6405457456231445,complete
p3_tpsa_mofe_last_ffn,p3_tpsa_mofe_last_ffn_n8aligned_evalfix,clintox,1,42,23,0.836792756863456,complete
p3_tpsa_mofe_last_ffn,p3_tpsa_mofe_last_ffn_n8aligned_evalfix,clintox,2,43,16,0.8776047097671185,complete
p3_tpsa_mofe_last_ffn,p3_tpsa_mofe_last_ffn_n8aligned_evalfix,clintox,3,44,29,0.8289012907321203,complete
p3_tpsa_mofe_last_ffn,p3_tpsa_mofe_last_ffn_n8aligned_evalfix,clintox,4,45,22,0.9708932945499081,complete
p3_tpsa_mofe_last_ffn,p3_tpsa_mofe_last_ffn_n8aligned_evalfix,clintox,5,46,14,0.9439724627224627,complete
p3_tpsa_mofe_last_ffn,p3_tpsa_mofe_last_ffn_n8aligned_evalfix,bace,1,42,42,0.9389943741209564,complete
p3_tpsa_mofe_last_ffn,p3_tpsa_mofe_last_ffn_n8aligned_evalfix,bace,2,43,55,0.8961916461916462,complete
p3_tpsa_mofe_last_ffn,p3_tpsa_mofe_last_ffn_n8aligned_evalfix,bace,3,44,20,0.8964285714285715,complete
p3_tpsa_mofe_last_ffn,p3_tpsa_mofe_last_ffn_n8aligned_evalfix,bace,4,45,33,0.9045438218390804,complete
p3_tpsa_mofe_last_ffn,p3_tpsa_mofe_last_ffn_n8aligned_evalfix,bace,5,46,20,0.9438291139240507,complete
p3_tpsa_mofe_last_ffn,p3_tpsa_mofe_last_ffn_n8aligned_evalfix,hiv,1,42,9,0.8336656728353746,complete
p3_tpsa_mofe_last_ffn,p3_tpsa_mofe_last_ffn_n8aligned_evalfix,hiv,2,43,19,0.8199910713796634,complete
p3_tpsa_mofe_last_ffn,p3_tpsa_mofe_last_ffn_n8aligned_evalfix,hiv,3,44,5,0.8451209992193598,complete
p3_tpsa_mofe_last_ffn,p3_tpsa_mofe_last_ffn_n8aligned_evalfix,hiv,4,45,41,0.8354639990957388,complete
p3_tpsa_mofe_last_ffn,p3_tpsa_mofe_last_ffn_n8aligned_evalfix,hiv,5,46,49,0.8043865632918689,complete
p3_tpsa_mofe_last_ffn,p3_tpsa_mofe_last_ffn_n8aligned_evalfix,muv,1,42,13,0.7836663692858694,complete
p3_tpsa_mofe_last_ffn,p3_tpsa_mofe_last_ffn_n8aligned_evalfix,muv,2,43,14,0.805356505634957,complete
p3_tpsa_mofe_last_ffn,p3_tpsa_mofe_last_ffn_n8aligned_evalfix,muv,3,44,24,0.8162073512436465,complete
p3_tpsa_mofe_last_ffn,p3_tpsa_mofe_last_ffn_n8aligned_evalfix,muv,4,45,35,0.755010594125571,complete
p3_tpsa_mofe_last_ffn,p3_tpsa_mofe_last_ffn_n8aligned_evalfix,muv,5,46,35,0.761475764963558,complete
p3_logp_mofe_last_ffn,p3_logp_mofe_last_ffn_n8aligned_evalfix,bbbp,1,42,28,0.9744152046783625,complete
p3_logp_mofe_last_ffn,p3_logp_mofe_last_ffn_n8aligned_evalfix,bbbp,2,43,21,0.9834834834834835,complete
p3_logp_mofe_last_ffn,p3_logp_mofe_last_ffn_n8aligned_evalfix,bbbp,3,44,29,0.9671698113207546,complete
p3_logp_mofe_last_ffn,p3_logp_mofe_last_ffn_n8aligned_evalfix,bbbp,4,45,26,0.9386444708680142,complete
p3_logp_mofe_last_ffn,p3_logp_mofe_last_ffn_n8aligned_evalfix,bbbp,5,46,15,0.9375000000000001,complete
p3_logp_mofe_last_ffn,p3_logp_mofe_last_ffn_n8aligned_evalfix,tox21,1,42,10,0.8194221369648437,complete
p3_logp_mofe_last_ffn,p3_logp_mofe_last_ffn_n8aligned_evalfix,tox21,2,43,10,0.7620354813330791,complete
p3_logp_mofe_last_ffn,p3_logp_mofe_last_ffn_n8aligned_evalfix,tox21,3,44,12,0.8222839366696384,complete
p3_logp_mofe_last_ffn,p3_logp_mofe_last_ffn_n8aligned_evalfix,tox21,4,45,12,0.7983403023420008,complete
p3_logp_mofe_last_ffn,p3_logp_mofe_last_ffn_n8aligned_evalfix,tox21,5,46,10,0.8372311211548387,complete
p3_logp_mofe_last_ffn,p3_logp_mofe_last_ffn_n8aligned_evalfix,toxcast,1,42,31,0.7015294421393394,complete
p3_logp_mofe_last_ffn,p3_logp_mofe_last_ffn_n8aligned_evalfix,toxcast,2,43,33,0.7368756267408773,complete
p3_logp_mofe_last_ffn,p3_logp_mofe_last_ffn_n8aligned_evalfix,toxcast,3,44,26,0.7176141840117907,complete
p3_logp_mofe_last_ffn,p3_logp_mofe_last_ffn_n8aligned_evalfix,toxcast,4,45,34,0.7214903026609538,complete
p3_logp_mofe_last_ffn,p3_logp_mofe_last_ffn_n8aligned_evalfix,toxcast,5,46,35,0.695514015447209,complete
p3_logp_mofe_last_ffn,p3_logp_mofe_last_ffn_n8aligned_evalfix,sider,1,42,37,0.6548490097595626,complete
p3_logp_mofe_last_ffn,p3_logp_mofe_last_ffn_n8aligned_evalfix,sider,2,43,8,0.6405917905568846,complete
p3_logp_mofe_last_ffn,p3_logp_mofe_last_ffn_n8aligned_evalfix,sider,3,44,11,0.6368483152716818,complete
p3_logp_mofe_last_ffn,p3_logp_mofe_last_ffn_n8aligned_evalfix,sider,4,45,13,0.6338611049789504,complete
p3_logp_mofe_last_ffn,p3_logp_mofe_last_ffn_n8aligned_evalfix,sider,5,46,16,0.6466999568553516,complete
p3_logp_mofe_last_ffn,p3_logp_mofe_last_ffn_n8aligned_evalfix,clintox,1,42,39,0.8479060380572557,complete
p3_logp_mofe_last_ffn,p3_logp_mofe_last_ffn_n8aligned_evalfix,clintox,2,43,16,0.8416891148186769,complete
p3_logp_mofe_last_ffn,p3_logp_mofe_last_ffn_n8aligned_evalfix,clintox,3,44,18,0.8199938788465027,complete
p3_logp_mofe_last_ffn,p3_logp_mofe_last_ffn_n8aligned_evalfix,clintox,4,45,27,0.9946417636252296,complete
p3_logp_mofe_last_ffn,p3_logp_mofe_last_ffn_n8aligned_evalfix,clintox,5,46,47,0.9617815055315055,complete
p3_logp_mofe_last_ffn,p3_logp_mofe_last_ffn_n8aligned_evalfix,bace,1,42,11,0.8978551336146273,complete
p3_logp_mofe_last_ffn,p3_logp_mofe_last_ffn_n8aligned_evalfix,bace,2,43,13,0.9009301509301509,complete
p3_logp_mofe_last_ffn,p3_logp_mofe_last_ffn_n8aligned_evalfix,bace,3,44,11,0.9097069597069597,complete
p3_logp_mofe_last_ffn,p3_logp_mofe_last_ffn_n8aligned_evalfix,bace,4,45,34,0.9083153735632183,complete
p3_logp_mofe_last_ffn,p3_logp_mofe_last_ffn_n8aligned_evalfix,bace,5,46,13,0.9320499296765119,complete
p3_logp_mofe_last_ffn,p3_logp_mofe_last_ffn_n8aligned_evalfix,hiv,1,42,8,0.8093669323644203,complete
p3_logp_mofe_last_ffn,p3_logp_mofe_last_ffn_n8aligned_evalfix,hiv,2,43,14,0.8008657475117631,complete
p3_logp_mofe_last_ffn,p3_logp_mofe_last_ffn_n8aligned_evalfix,hiv,3,44,7,0.8580916351408154,complete
p3_logp_mofe_last_ffn,p3_logp_mofe_last_ffn_n8aligned_evalfix,hiv,4,45,10,0.8359811235447043,complete
p3_logp_mofe_last_ffn,p3_logp_mofe_last_ffn_n8aligned_evalfix,hiv,5,46,16,0.7950820756339202,complete
p3_logp_mofe_last_ffn,p3_logp_mofe_last_ffn_n8aligned_evalfix,muv,1,42,9,0.8011800408095975,complete
p3_logp_mofe_last_ffn,p3_logp_mofe_last_ffn_n8aligned_evalfix,muv,2,43,22,0.8137689904884802,complete
p3_logp_mofe_last_ffn,p3_logp_mofe_last_ffn_n8aligned_evalfix,muv,3,44,42,0.8073300033291608,complete
p3_logp_mofe_last_ffn,p3_logp_mofe_last_ffn_n8aligned_evalfix,muv,4,45,14,0.7691660089327225,complete
p3_logp_mofe_last_ffn,p3_logp_mofe_last_ffn_n8aligned_evalfix,muv,5,46,12,0.7823935669964422,complete
p3_tpsa_mofe_last_ffn_conloss,p3_tpsa_mofe_last_ffn_conloss_n8aligned_evalfix,bbbp,1,42,10,0.9429824561403508,complete
p3_tpsa_mofe_last_ffn_conloss,p3_tpsa_mofe_last_ffn_conloss_n8aligned_evalfix,bbbp,2,43,4,0.9726726726726727,complete
p3_tpsa_mofe_last_ffn_conloss,p3_tpsa_mofe_last_ffn_conloss_n8aligned_evalfix,bbbp,3,44,31,0.9656603773584906,complete
p3_tpsa_mofe_last_ffn_conloss,p3_tpsa_mofe_last_ffn_conloss_n8aligned_evalfix,bbbp,4,45,27,0.938525564803805,complete
p3_tpsa_mofe_last_ffn_conloss,p3_tpsa_mofe_last_ffn_conloss_n8aligned_evalfix,bbbp,5,46,8,0.927438080495356,complete
p3_tpsa_mofe_last_ffn_conloss,p3_tpsa_mofe_last_ffn_conloss_n8aligned_evalfix,tox21,1,42,11,0.8188280004927274,complete
p3_tpsa_mofe_last_ffn_conloss,p3_tpsa_mofe_last_ffn_conloss_n8aligned_evalfix,tox21,2,43,11,0.7678711075057864,complete
p3_tpsa_mofe_last_ffn_conloss,p3_tpsa_mofe_last_ffn_conloss_n8aligned_evalfix,tox21,3,44,11,0.8134094189858102,complete
p3_tpsa_mofe_last_ffn_conloss,p3_tpsa_mofe_last_ffn_conloss_n8aligned_evalfix,tox21,4,45,13,0.7951096795729421,complete
p3_tpsa_mofe_last_ffn_conloss,p3_tpsa_mofe_last_ffn_conloss_n8aligned_evalfix,tox21,5,46,9,0.8365304346153651,complete
p3_tpsa_mofe_last_ffn_conloss,p3_tpsa_mofe_last_ffn_conloss_n8aligned_evalfix,toxcast,1,42,34,0.6978565396184199,complete
p3_tpsa_mofe_last_ffn_conloss,p3_tpsa_mofe_last_ffn_conloss_n8aligned_evalfix,toxcast,2,43,38,0.7261617183226114,complete
p3_tpsa_mofe_last_ffn_conloss,p3_tpsa_mofe_last_ffn_conloss_n8aligned_evalfix,toxcast,3,44,29,0.7210085354594643,complete
p3_tpsa_mofe_last_ffn_conloss,p3_tpsa_mofe_last_ffn_conloss_n8aligned_evalfix,toxcast,4,45,33,0.72343458453995,complete
p3_tpsa_mofe_last_ffn_conloss,p3_tpsa_mofe_last_ffn_conloss_n8aligned_evalfix,toxcast,5,46,33,0.7075798484000744,complete
p3_tpsa_mofe_last_ffn_conloss,p3_tpsa_mofe_last_ffn_conloss_n8aligned_evalfix,sider,1,42,14,0.6086509183893101,complete
p3_tpsa_mofe_last_ffn_conloss,p3_tpsa_mofe_last_ffn_conloss_n8aligned_evalfix,sider,2,43,8,0.6275995622324098,complete
p3_tpsa_mofe_last_ffn_conloss,p3_tpsa_mofe_last_ffn_conloss_n8aligned_evalfix,sider,3,44,11,0.6673759784538424,complete
p3_tpsa_mofe_last_ffn_conloss,p3_tpsa_mofe_last_ffn_conloss_n8aligned_evalfix,sider,4,45,34,0.6367805027859227,complete
p3_tpsa_mofe_last_ffn_conloss,p3_tpsa_mofe_last_ffn_conloss_n8aligned_evalfix,sider,5,46,9,0.642770497926156,complete
p3_tpsa_mofe_last_ffn_conloss,p3_tpsa_mofe_last_ffn_conloss_n8aligned_evalfix,clintox,1,42,24,0.8785624724843106,complete
p3_tpsa_mofe_last_ffn_conloss,p3_tpsa_mofe_last_ffn_conloss_n8aligned_evalfix,clintox,2,43,16,0.8884493395898505,complete
p3_tpsa_mofe_last_ffn_conloss,p3_tpsa_mofe_last_ffn_conloss_n8aligned_evalfix,clintox,3,44,12,0.8468491173447796,complete
p3_tpsa_mofe_last_ffn_conloss,p3_tpsa_mofe_last_ffn_conloss_n8aligned_evalfix,clintox,4,45,23,0.9620904776484998,complete
p3_tpsa_mofe_last_ffn_conloss,p3_tpsa_mofe_last_ffn_conloss_n8aligned_evalfix,clintox,5,46,23,0.9344967532467533,complete
p3_tpsa_mofe_last_ffn_conloss,p3_tpsa_mofe_last_ffn_conloss_n8aligned_evalfix,bace,1,42,32,0.9463783403656821,complete
p3_tpsa_mofe_last_ffn_conloss,p3_tpsa_mofe_last_ffn_conloss_n8aligned_evalfix,bace,2,43,40,0.9012811512811513,complete
p3_tpsa_mofe_last_ffn_conloss,p3_tpsa_mofe_last_ffn_conloss_n8aligned_evalfix,bace,3,44,19,0.8991758241758242,complete
p3_tpsa_mofe_last_ffn_conloss,p3_tpsa_mofe_last_ffn_conloss_n8aligned_evalfix,bace,4,45,27,0.9181932471264368,complete
p3_tpsa_mofe_last_ffn_conloss,p3_tpsa_mofe_last_ffn_conloss_n8aligned_evalfix,bace,5,46,37,0.9382032348804501,complete
p3_tpsa_mofe_last_ffn_conloss,p3_tpsa_mofe_last_ffn_conloss_n8aligned_evalfix,hiv,1,42,9,0.8263501473362134,complete
p3_tpsa_mofe_last_ffn_conloss,p3_tpsa_mofe_last_ffn_conloss_n8aligned_evalfix,hiv,2,43,29,0.8219904250132833,complete
p3_tpsa_mofe_last_ffn_conloss,p3_tpsa_mofe_last_ffn_conloss_n8aligned_evalfix,hiv,3,44,7,0.8571857494574122,complete
p3_tpsa_mofe_last_ffn_conloss,p3_tpsa_mofe_last_ffn_conloss_n8aligned_evalfix,hiv,4,45,26,0.8304312196224709,complete
p3_tpsa_mofe_last_ffn_conloss,p3_tpsa_mofe_last_ffn_conloss_n8aligned_evalfix,hiv,5,46,7,0.7881377230459914,complete
p3_tpsa_mofe_last_ffn_conloss,p3_tpsa_mofe_last_ffn_conloss_n8aligned_evalfix,muv,1,42,13,0.7502421972541307,complete
p3_tpsa_mofe_last_ffn_conloss,p3_tpsa_mofe_last_ffn_conloss_n8aligned_evalfix,muv,2,43,50,0.8159708719425226,complete
p3_tpsa_mofe_last_ffn_conloss,p3_tpsa_mofe_last_ffn_conloss_n8aligned_evalfix,muv,3,44,17,0.8273782555463359,complete
p3_tpsa_mofe_last_ffn_conloss,p3_tpsa_mofe_last_ffn_conloss_n8aligned_evalfix,muv,4,45,20,0.7665930659746398,complete
p3_tpsa_mofe_last_ffn_conloss,p3_tpsa_mofe_last_ffn_conloss_n8aligned_evalfix,muv,5,46,12,0.7825593301882677,complete
p3_logp_mofe_last_ffn_conloss,p3_logp_mofe_last_ffn_conloss_n8aligned_evalfix,bbbp,1,42,27,0.9751461988304093,complete
p3_logp_mofe_last_ffn_conloss,p3_logp_mofe_last_ffn_conloss_n8aligned_evalfix,bbbp,2,43,14,0.9837837837837837,complete
p3_logp_mofe_last_ffn_conloss,p3_logp_mofe_last_ffn_conloss_n8aligned_evalfix,bbbp,3,44,23,0.9734591194968554,complete
p3_logp_mofe_last_ffn_conloss,p3_logp_mofe_last_ffn_conloss_n8aligned_evalfix,bbbp,4,45,12,0.936385255648038,complete
p3_logp_mofe_last_ffn_conloss,p3_logp_mofe_last_ffn_conloss_n8aligned_evalfix,bbbp,5,46,14,0.9399509803921569,complete
p3_logp_mofe_last_ffn_conloss,p3_logp_mofe_last_ffn_conloss_n8aligned_evalfix,tox21,1,42,11,0.8217775381589837,complete
p3_logp_mofe_last_ffn_conloss,p3_logp_mofe_last_ffn_conloss_n8aligned_evalfix,tox21,2,43,23,0.7687823836581199,complete
p3_logp_mofe_last_ffn_conloss,p3_logp_mofe_last_ffn_conloss_n8aligned_evalfix,tox21,3,44,11,0.8051173315088236,complete
p3_logp_mofe_last_ffn_conloss,p3_logp_mofe_last_ffn_conloss_n8aligned_evalfix,tox21,4,45,11,0.7982068505503704,complete
p3_logp_mofe_last_ffn_conloss,p3_logp_mofe_last_ffn_conloss_n8aligned_evalfix,tox21,5,46,9,0.8307270047961254,complete
p3_logp_mofe_last_ffn_conloss,p3_logp_mofe_last_ffn_conloss_n8aligned_evalfix,toxcast,1,42,39,0.6946514609403847,complete
p3_logp_mofe_last_ffn_conloss,p3_logp_mofe_last_ffn_conloss_n8aligned_evalfix,toxcast,2,43,38,0.7392586857885461,complete
p3_logp_mofe_last_ffn_conloss,p3_logp_mofe_last_ffn_conloss_n8aligned_evalfix,toxcast,3,44,30,0.7212968830176248,complete
p3_logp_mofe_last_ffn_conloss,p3_logp_mofe_last_ffn_conloss_n8aligned_evalfix,toxcast,4,45,27,0.7123928542900447,complete
p3_logp_mofe_last_ffn_conloss,p3_logp_mofe_last_ffn_conloss_n8aligned_evalfix,toxcast,5,46,31,0.7014997808842768,complete
p3_logp_mofe_last_ffn_conloss,p3_logp_mofe_last_ffn_conloss_n8aligned_evalfix,sider,1,42,38,0.6292456086674093,complete
p3_logp_mofe_last_ffn_conloss,p3_logp_mofe_last_ffn_conloss_n8aligned_evalfix,sider,2,43,21,0.6458562399076884,complete
p3_logp_mofe_last_ffn_conloss,p3_logp_mofe_last_ffn_conloss_n8aligned_evalfix,sider,3,44,12,0.6342083899415735,complete
p3_logp_mofe_last_ffn_conloss,p3_logp_mofe_last_ffn_conloss_n8aligned_evalfix,sider,4,45,36,0.6397524475340509,complete
p3_logp_mofe_last_ffn_conloss,p3_logp_mofe_last_ffn_conloss_n8aligned_evalfix,sider,5,46,20,0.6482410752690109,complete
p3_logp_mofe_last_ffn_conloss,p3_logp_mofe_last_ffn_conloss_n8aligned_evalfix,clintox,1,42,29,0.8439009766091463,complete
p3_logp_mofe_last_ffn_conloss,p3_logp_mofe_last_ffn_conloss_n8aligned_evalfix,clintox,2,43,12,0.8695986849727726,complete
p3_logp_mofe_last_ffn_conloss,p3_logp_mofe_last_ffn_conloss_n8aligned_evalfix,clintox,3,44,10,0.8483741158333836,complete
p3_logp_mofe_last_ffn_conloss,p3_logp_mofe_last_ffn_conloss_n8aligned_evalfix,clintox,4,45,32,0.9865916513574199,complete
p3_logp_mofe_last_ffn_conloss,p3_logp_mofe_last_ffn_conloss_n8aligned_evalfix,clintox,5,46,39,0.9529611592111592,complete
p3_logp_mofe_last_ffn_conloss,p3_logp_mofe_last_ffn_conloss_n8aligned_evalfix,bace,1,42,34,0.909634317862166,complete
p3_logp_mofe_last_ffn_conloss,p3_logp_mofe_last_ffn_conloss_n8aligned_evalfix,bace,2,43,16,0.8856616356616357,complete
p3_logp_mofe_last_ffn_conloss,p3_logp_mofe_last_ffn_conloss_n8aligned_evalfix,bace,3,44,11,0.8948717948717948,complete
p3_logp_mofe_last_ffn_conloss,p3_logp_mofe_last_ffn_conloss_n8aligned_evalfix,bace,4,45,8,0.9022090517241379,complete
p3_logp_mofe_last_ffn_conloss,p3_logp_mofe_last_ffn_conloss_n8aligned_evalfix,bace,5,46,20,0.9385548523206751,complete
p3_logp_mofe_last_ffn_conloss,p3_logp_mofe_last_ffn_conloss_n8aligned_evalfix,hiv,1,42,9,0.8232295750284675,complete
p3_logp_mofe_last_ffn_conloss,p3_logp_mofe_last_ffn_conloss_n8aligned_evalfix,hiv,2,43,6,0.802470708099847,complete
p3_logp_mofe_last_ffn_conloss,p3_logp_mofe_last_ffn_conloss_n8aligned_evalfix,hiv,3,44,10,0.8422472141441697,complete
p3_logp_mofe_last_ffn_conloss,p3_logp_mofe_last_ffn_conloss_n8aligned_evalfix,hiv,4,45,57,0.839869447270261,complete
p3_logp_mofe_last_ffn_conloss,p3_logp_mofe_last_ffn_conloss_n8aligned_evalfix,hiv,5,46,47,0.8164102137726826,complete
p3_logp_mofe_last_ffn_conloss,p3_logp_mofe_last_ffn_conloss_n8aligned_evalfix,muv,1,42,13,0.795307259638243,complete
p3_logp_mofe_last_ffn_conloss,p3_logp_mofe_last_ffn_conloss_n8aligned_evalfix,muv,2,43,19,0.7980351983703851,complete
p3_logp_mofe_last_ffn_conloss,p3_logp_mofe_last_ffn_conloss_n8aligned_evalfix,muv,3,44,30,0.841001717059474,complete
p3_logp_mofe_last_ffn_conloss,p3_logp_mofe_last_ffn_conloss_n8aligned_evalfix,muv,4,45,15,0.8263573404792485,complete
p3_logp_mofe_last_ffn_conloss,p3_logp_mofe_last_ffn_conloss_n8aligned_evalfix,muv,5,46,20,0.756703008403773,complete
p6_tpsa_descriptor_concat_last,p6_tpsa_descriptor_concat_last_n8_evalfix,bbbp,1,42,17,0.9444444444444444,complete
p6_tpsa_descriptor_concat_last,p6_tpsa_descriptor_concat_last_n8_evalfix,bbbp,2,43,12,0.9747747747747748,complete
p6_tpsa_descriptor_concat_last,p6_tpsa_descriptor_concat_last_n8_evalfix,bbbp,3,44,35,0.9728301886792452,complete
p6_tpsa_descriptor_concat_last,p6_tpsa_descriptor_concat_last_n8_evalfix,bbbp,4,45,25,0.9401902497027348,complete
p6_tpsa_descriptor_concat_last,p6_tpsa_descriptor_concat_last_n8_evalfix,bbbp,5,46,29,0.9403379772961816,complete
p6_tpsa_descriptor_concat_last,p6_tpsa_descriptor_concat_last_n8_evalfix,tox21,1,42,8,0.8290596877513797,complete
p6_tpsa_descriptor_concat_last,p6_tpsa_descriptor_concat_last_n8_evalfix,tox21,2,43,16,0.7720607364337969,complete
p6_tpsa_descriptor_concat_last,p6_tpsa_descriptor_concat_last_n8_evalfix,tox21,3,44,11,0.8240084739819796,complete
p6_tpsa_descriptor_concat_last,p6_tpsa_descriptor_concat_last_n8_evalfix,tox21,4,45,11,0.8201352661937413,complete
p6_tpsa_descriptor_concat_last,p6_tpsa_descriptor_concat_last_n8_evalfix,tox21,5,46,11,0.8382392862647547,complete
p6_tpsa_descriptor_concat_last,p6_tpsa_descriptor_concat_last_n8_evalfix,toxcast,1,42,36,0.713540451098255,complete
p6_tpsa_descriptor_concat_last,p6_tpsa_descriptor_concat_last_n8_evalfix,toxcast,2,43,33,0.721706311831506,complete
p6_tpsa_descriptor_concat_last,p6_tpsa_descriptor_concat_last_n8_evalfix,toxcast,3,44,21,0.6963239590492225,complete
p6_tpsa_descriptor_concat_last,p6_tpsa_descriptor_concat_last_n8_evalfix,toxcast,4,45,39,0.7198093201461906,complete
p6_tpsa_descriptor_concat_last,p6_tpsa_descriptor_concat_last_n8_evalfix,toxcast,5,46,36,0.7185517898961868,complete
p6_tpsa_descriptor_concat_last,p6_tpsa_descriptor_concat_last_n8_evalfix,sider,1,42,22,0.6381492080993193,complete
p6_tpsa_descriptor_concat_last,p6_tpsa_descriptor_concat_last_n8_evalfix,sider,2,43,10,0.6150473921440286,complete
p6_tpsa_descriptor_concat_last,p6_tpsa_descriptor_concat_last_n8_evalfix,sider,3,44,11,0.6401782716938089,complete
p6_tpsa_descriptor_concat_last,p6_tpsa_descriptor_concat_last_n8_evalfix,sider,4,45,7,0.6332649414685485,complete
p6_tpsa_descriptor_concat_last,p6_tpsa_descriptor_concat_last_n8_evalfix,sider,5,46,9,0.6354922440367976,complete
p6_tpsa_descriptor_concat_last,p6_tpsa_descriptor_concat_last_n8_evalfix,clintox,1,42,38,0.8368769225014315,complete
p6_tpsa_descriptor_concat_last,p6_tpsa_descriptor_concat_last_n8_evalfix,clintox,2,43,28,0.886135007530993,complete
p6_tpsa_descriptor_concat_last,p6_tpsa_descriptor_concat_last_n8_evalfix,clintox,3,44,31,0.8326737349616106,complete
p6_tpsa_descriptor_concat_last,p6_tpsa_descriptor_concat_last_n8_evalfix,clintox,4,45,35,0.983545749132476,complete
p6_tpsa_descriptor_concat_last,p6_tpsa_descriptor_concat_last_n8_evalfix,clintox,5,46,70,0.9591540404040404,complete
p6_tpsa_descriptor_concat_last,p6_tpsa_descriptor_concat_last_n8_evalfix,bace,1,42,29,0.9289732770745429,complete
p6_tpsa_descriptor_concat_last,p6_tpsa_descriptor_concat_last_n8_evalfix,bace,2,43,13,0.9339241839241839,complete
p6_tpsa_descriptor_concat_last,p6_tpsa_descriptor_concat_last_n8_evalfix,bace,3,44,21,0.9162087912087913,complete
p6_tpsa_descriptor_concat_last,p6_tpsa_descriptor_concat_last_n8_evalfix,bace,4,45,10,0.9049030172413793,complete
p6_tpsa_descriptor_concat_last,p6_tpsa_descriptor_concat_last_n8_evalfix,bace,5,46,15,0.9343354430379747,complete
p6_tpsa_descriptor_concat_last,p6_tpsa_descriptor_concat_last_n8_evalfix,hiv,1,42,22,0.824569943412463,complete
p6_tpsa_descriptor_concat_last,p6_tpsa_descriptor_concat_last_n8_evalfix,hiv,2,43,35,0.827313361707722,complete
p6_tpsa_descriptor_concat_last,p6_tpsa_descriptor_concat_last_n8_evalfix,hiv,3,44,21,0.8724348251280336,complete
p6_tpsa_descriptor_concat_last,p6_tpsa_descriptor_concat_last_n8_evalfix,hiv,4,45,29,0.8462614445574772,complete
p6_tpsa_descriptor_concat_last,p6_tpsa_descriptor_concat_last_n8_evalfix,hiv,5,46,10,0.7970775140918394,complete
p6_tpsa_descriptor_concat_last,p6_tpsa_descriptor_concat_last_n8_evalfix,muv,1,42,13,0.7908048608798582,complete
p6_tpsa_descriptor_concat_last,p6_tpsa_descriptor_concat_last_n8_evalfix,muv,2,43,16,0.8067388915909871,complete
p6_tpsa_descriptor_concat_last,p6_tpsa_descriptor_concat_last_n8_evalfix,muv,3,44,35,0.8217947501585662,complete
p6_tpsa_descriptor_concat_last,p6_tpsa_descriptor_concat_last_n8_evalfix,muv,4,45,17,0.8255083955371374,complete
p6_tpsa_descriptor_concat_last,p6_tpsa_descriptor_concat_last_n8_evalfix,muv,5,46,11,0.7574988768572394,complete
p6_tpsa_descriptor_auxiliary,p6_tpsa_descriptor_auxiliary_n8_evalfix,bbbp,1,42,28,0.9755116959064327,complete
p6_tpsa_descriptor_auxiliary,p6_tpsa_descriptor_auxiliary_n8_evalfix,bbbp,2,43,6,0.9702702702702702,complete
p6_tpsa_descriptor_auxiliary,p6_tpsa_descriptor_auxiliary_n8_evalfix,bbbp,3,44,27,0.9739622641509433,complete
p6_tpsa_descriptor_auxiliary,p6_tpsa_descriptor_auxiliary_n8_evalfix,bbbp,4,45,33,0.9432818073721759,complete
p6_tpsa_descriptor_auxiliary,p6_tpsa_descriptor_auxiliary_n8_evalfix,bbbp,5,46,24,0.9389189886480908,complete
p6_tpsa_descriptor_auxiliary,p6_tpsa_descriptor_auxiliary_n8_evalfix,tox21,1,42,12,0.83163779972192,complete
p6_tpsa_descriptor_auxiliary,p6_tpsa_descriptor_auxiliary_n8_evalfix,tox21,2,43,11,0.7731728787056819,complete
p6_tpsa_descriptor_auxiliary,p6_tpsa_descriptor_auxiliary_n8_evalfix,tox21,3,44,11,0.814870554537948,complete
p6_tpsa_descriptor_auxiliary,p6_tpsa_descriptor_auxiliary_n8_evalfix,tox21,4,45,8,0.8133202997743493,complete
p6_tpsa_descriptor_auxiliary,p6_tpsa_descriptor_auxiliary_n8_evalfix,tox21,5,46,9,0.8485365743672296,complete
p6_tpsa_descriptor_auxiliary,p6_tpsa_descriptor_auxiliary_n8_evalfix,toxcast,1,42,46,0.703628170069749,complete
p6_tpsa_descriptor_auxiliary,p6_tpsa_descriptor_auxiliary_n8_evalfix,toxcast,2,43,38,0.7321369647097269,complete
p6_tpsa_descriptor_auxiliary,p6_tpsa_descriptor_auxiliary_n8_evalfix,toxcast,3,44,26,0.7049853024928018,complete
p6_tpsa_descriptor_auxiliary,p6_tpsa_descriptor_auxiliary_n8_evalfix,toxcast,4,45,43,0.7237772992309462,complete
p6_tpsa_descriptor_auxiliary,p6_tpsa_descriptor_auxiliary_n8_evalfix,toxcast,5,46,32,0.7183397369248484,complete
p6_tpsa_descriptor_auxiliary,p6_tpsa_descriptor_auxiliary_n8_evalfix,sider,1,42,29,0.6448196877396624,complete
p6_tpsa_descriptor_auxiliary,p6_tpsa_descriptor_auxiliary_n8_evalfix,sider,2,43,9,0.6332895531379713,complete
p6_tpsa_descriptor_auxiliary,p6_tpsa_descriptor_auxiliary_n8_evalfix,sider,3,44,16,0.6719584498651642,complete
p6_tpsa_descriptor_auxiliary,p6_tpsa_descriptor_auxiliary_n8_evalfix,sider,4,45,55,0.6543516270193249,complete
p6_tpsa_descriptor_auxiliary,p6_tpsa_descriptor_auxiliary_n8_evalfix,sider,5,46,16,0.6638201736523549,complete
p6_tpsa_descriptor_auxiliary,p6_tpsa_descriptor_auxiliary_n8_evalfix,clintox,1,42,26,0.8375606783894294,complete
p6_tpsa_descriptor_auxiliary,p6_tpsa_descriptor_auxiliary_n8_evalfix,clintox,2,43,30,0.8963510890974394,complete
p6_tpsa_descriptor_auxiliary,p6_tpsa_descriptor_auxiliary_n8_evalfix,clintox,3,44,8,0.8970916963907866,complete
p6_tpsa_descriptor_auxiliary,p6_tpsa_descriptor_auxiliary_n8_evalfix,clintox,4,45,68,0.9813322872014696,complete
p6_tpsa_descriptor_auxiliary,p6_tpsa_descriptor_auxiliary_n8_evalfix,clintox,5,46,18,0.9353385040885042,complete
p6_tpsa_descriptor_auxiliary,p6_tpsa_descriptor_auxiliary_n8_evalfix,bace,1,42,34,0.9284458509142054,complete
p6_tpsa_descriptor_auxiliary,p6_tpsa_descriptor_auxiliary_n8_evalfix,bace,2,43,20,0.9393646893646893,complete
p6_tpsa_descriptor_auxiliary,p6_tpsa_descriptor_auxiliary_n8_evalfix,bace,3,44,33,0.931959706959707,complete
p6_tpsa_descriptor_auxiliary,p6_tpsa_descriptor_auxiliary_n8_evalfix,bace,4,45,53,0.9415409482758621,complete
p6_tpsa_descriptor_auxiliary,p6_tpsa_descriptor_auxiliary_n8_evalfix,bace,5,46,19,0.9517405063291139,complete
p6_tpsa_descriptor_auxiliary,p6_tpsa_descriptor_auxiliary_n8_evalfix,hiv,1,42,10,0.8341315855810436,complete
p6_tpsa_descriptor_auxiliary,p6_tpsa_descriptor_auxiliary_n8_evalfix,hiv,2,43,11,0.8129905948214002,complete
p6_tpsa_descriptor_auxiliary,p6_tpsa_descriptor_auxiliary_n8_evalfix,hiv,3,44,10,0.8623259644336927,complete
p6_tpsa_descriptor_auxiliary,p6_tpsa_descriptor_auxiliary_n8_evalfix,hiv,4,45,21,0.8345173505142987,complete
p6_tpsa_descriptor_auxiliary,p6_tpsa_descriptor_auxiliary_n8_evalfix,hiv,5,46,22,0.8109794466059596,complete
p6_tpsa_descriptor_auxiliary,p6_tpsa_descriptor_auxiliary_n8_evalfix,muv,1,42,13,0.7808406197961681,complete
p6_tpsa_descriptor_auxiliary,p6_tpsa_descriptor_auxiliary_n8_evalfix,muv,2,43,13,0.8172367406776029,complete
p6_tpsa_descriptor_auxiliary,p6_tpsa_descriptor_auxiliary_n8_evalfix,muv,3,44,20,0.8078672452964374,complete
p6_tpsa_descriptor_auxiliary,p6_tpsa_descriptor_auxiliary_n8_evalfix,muv,4,45,28,0.7972939862985563,complete
p6_tpsa_descriptor_auxiliary,p6_tpsa_descriptor_auxiliary_n8_evalfix,muv,5,46,32,0.7531162417379236,complete
p6_tpsa_quantile_routing_last,p6_tpsa_quantile_routing_last_n8_evalfix,bbbp,1,42,24,0.9513888888888888,complete
p6_tpsa_quantile_routing_last,p6_tpsa_quantile_routing_last_n8_evalfix,bbbp,2,43,35,0.9885885885885887,complete
p6_tpsa_quantile_routing_last,p6_tpsa_quantile_routing_last_n8_evalfix,bbbp,3,44,28,0.9714465408805031,complete
p6_tpsa_quantile_routing_last,p6_tpsa_quantile_routing_last_n8_evalfix,bbbp,4,45,11,0.9453032104637336,complete
p6_tpsa_quantile_routing_last,p6_tpsa_quantile_routing_last_n8_evalfix,bbbp,5,46,14,0.936468008255934,complete
p6_tpsa_quantile_routing_last,p6_tpsa_quantile_routing_last_n8_evalfix,tox21,1,42,11,0.8167108562963631,complete
p6_tpsa_quantile_routing_last,p6_tpsa_quantile_routing_last_n8_evalfix,tox21,2,43,10,0.7553356793749572,complete
p6_tpsa_quantile_routing_last,p6_tpsa_quantile_routing_last_n8_evalfix,tox21,3,44,16,0.8090851472075832,complete
p6_tpsa_quantile_routing_last,p6_tpsa_quantile_routing_last_n8_evalfix,tox21,4,45,13,0.7906881765637815,complete
p6_tpsa_quantile_routing_last,p6_tpsa_quantile_routing_last_n8_evalfix,tox21,5,46,9,0.8352198166409703,complete
p6_tpsa_quantile_routing_last,p6_tpsa_quantile_routing_last_n8_evalfix,toxcast,1,42,31,0.701534636930102,complete
p6_tpsa_quantile_routing_last,p6_tpsa_quantile_routing_last_n8_evalfix,toxcast,2,43,35,0.7356589812170313,complete
p6_tpsa_quantile_routing_last,p6_tpsa_quantile_routing_last_n8_evalfix,toxcast,3,44,35,0.7160100893183774,complete
p6_tpsa_quantile_routing_last,p6_tpsa_quantile_routing_last_n8_evalfix,toxcast,4,45,28,0.7201660265850758,complete
p6_tpsa_quantile_routing_last,p6_tpsa_quantile_routing_last_n8_evalfix,toxcast,5,46,34,0.708181506531643,complete
p6_tpsa_quantile_routing_last,p6_tpsa_quantile_routing_last_n8_evalfix,sider,1,42,43,0.6234935028074889,complete
p6_tpsa_quantile_routing_last,p6_tpsa_quantile_routing_last_n8_evalfix,sider,2,43,32,0.6300057937173382,complete
p6_tpsa_quantile_routing_last,p6_tpsa_quantile_routing_last_n8_evalfix,sider,3,44,11,0.6405166755770964,complete
p6_tpsa_quantile_routing_last,p6_tpsa_quantile_routing_last_n8_evalfix,sider,4,45,16,0.6519543212699076,complete
p6_tpsa_quantile_routing_last,p6_tpsa_quantile_routing_last_n8_evalfix,sider,5,46,16,0.632896383994123,complete
p6_tpsa_quantile_routing_last,p6_tpsa_quantile_routing_last_n8_evalfix,clintox,1,42,41,0.8532293348181015,complete
p6_tpsa_quantile_routing_last,p6_tpsa_quantile_routing_last_n8_evalfix,clintox,2,43,16,0.8943423415594949,complete
p6_tpsa_quantile_routing_last,p6_tpsa_quantile_routing_last_n8_evalfix,clintox,3,44,31,0.8356232241097878,complete
p6_tpsa_quantile_routing_last,p6_tpsa_quantile_routing_last_n8_evalfix,clintox,4,45,23,0.9196519697897529,complete
p6_tpsa_quantile_routing_last,p6_tpsa_quantile_routing_last_n8_evalfix,clintox,5,46,22,0.9424392736892737,complete
p6_tpsa_quantile_routing_last,p6_tpsa_quantile_routing_last_n8_evalfix,bace,1,42,32,0.9200070323488044,complete
p6_tpsa_quantile_routing_last,p6_tpsa_quantile_routing_last_n8_evalfix,bace,2,43,27,0.9181291681291681,complete
p6_tpsa_quantile_routing_last,p6_tpsa_quantile_routing_last_n8_evalfix,bace,3,44,29,0.898992673992674,complete
p6_tpsa_quantile_routing_last,p6_tpsa_quantile_routing_last_n8_evalfix,bace,4,45,33,0.8941271551724137,complete
p6_tpsa_quantile_routing_last,p6_tpsa_quantile_routing_last_n8_evalfix,bace,5,46,28,0.9287095639943741,complete
p6_tpsa_quantile_routing_last,p6_tpsa_quantile_routing_last_n8_evalfix,hiv,1,42,8,0.7928948306285476,complete
p6_tpsa_quantile_routing_last,p6_tpsa_quantile_routing_last_n8_evalfix,hiv,2,43,25,0.8090836387140596,complete
p6_tpsa_quantile_routing_last,p6_tpsa_quantile_routing_last_n8_evalfix,hiv,3,44,28,0.8496538590215403,complete
p6_tpsa_quantile_routing_last,p6_tpsa_quantile_routing_last_n8_evalfix,hiv,4,45,10,0.8232084322369164,complete
p6_tpsa_quantile_routing_last,p6_tpsa_quantile_routing_last_n8_evalfix,hiv,5,46,16,0.8202688173058934,complete
p6_tpsa_quantile_routing_last,p6_tpsa_quantile_routing_last_n8_evalfix,muv,1,42,26,0.7656199060323563,complete
p6_tpsa_quantile_routing_last,p6_tpsa_quantile_routing_last_n8_evalfix,muv,2,43,15,0.7737839433809899,complete
p6_tpsa_quantile_routing_last,p6_tpsa_quantile_routing_last_n8_evalfix,muv,3,44,33,0.8017406009078549,complete
p6_tpsa_quantile_routing_last,p6_tpsa_quantile_routing_last_n8_evalfix,muv,4,45,14,0.7526184499395595,complete
p6_tpsa_quantile_routing_last,p6_tpsa_quantile_routing_last_n8_evalfix,muv,5,46,12,0.7620354124613123,complete
p6_logp_quantile_routing_last,p6_logp_quantile_routing_last_n8_evalfix,bbbp,1,42,18,0.9610745614035088,complete
p6_logp_quantile_routing_last,p6_logp_quantile_routing_last_n8_evalfix,bbbp,2,43,22,0.9810810810810812,complete
p6_logp_quantile_routing_last,p6_logp_quantile_routing_last_n8_evalfix,bbbp,3,44,5,0.9690566037735848,complete
p6_logp_quantile_routing_last,p6_logp_quantile_routing_last_n8_evalfix,bbbp,4,45,14,0.9346016646848989,complete
p6_logp_quantile_routing_last,p6_logp_quantile_routing_last_n8_evalfix,bbbp,5,46,14,0.947561919504644,complete
p6_logp_quantile_routing_last,p6_logp_quantile_routing_last_n8_evalfix,tox21,1,42,13,0.8364170088335993,complete
p6_logp_quantile_routing_last,p6_logp_quantile_routing_last_n8_evalfix,tox21,2,43,17,0.7686884415725915,complete
p6_logp_quantile_routing_last,p6_logp_quantile_routing_last_n8_evalfix,tox21,3,44,11,0.8152948185130088,complete
p6_logp_quantile_routing_last,p6_logp_quantile_routing_last_n8_evalfix,tox21,4,45,15,0.7896366063798318,complete
p6_logp_quantile_routing_last,p6_logp_quantile_routing_last_n8_evalfix,tox21,5,46,12,0.8411362620970896,complete
p6_logp_quantile_routing_last,p6_logp_quantile_routing_last_n8_evalfix,toxcast,1,42,43,0.7014679891033861,complete
p6_logp_quantile_routing_last,p6_logp_quantile_routing_last_n8_evalfix,toxcast,2,43,30,0.7265486706300512,complete
p6_logp_quantile_routing_last,p6_logp_quantile_routing_last_n8_evalfix,toxcast,3,44,20,0.7139815672495647,complete
p6_logp_quantile_routing_last,p6_logp_quantile_routing_last_n8_evalfix,toxcast,4,45,38,0.7196669587938593,complete
p6_logp_quantile_routing_last,p6_logp_quantile_routing_last_n8_evalfix,toxcast,5,46,29,0.7113150758338481,complete
p6_logp_quantile_routing_last,p6_logp_quantile_routing_last_n8_evalfix,sider,1,42,33,0.6291106101101315,complete
p6_logp_quantile_routing_last,p6_logp_quantile_routing_last_n8_evalfix,sider,2,43,10,0.6351894942053966,complete
p6_logp_quantile_routing_last,p6_logp_quantile_routing_last_n8_evalfix,sider,3,44,11,0.6481829026685617,complete
p6_logp_quantile_routing_last,p6_logp_quantile_routing_last_n8_evalfix,sider,4,45,33,0.6414594208228552,complete
p6_logp_quantile_routing_last,p6_logp_quantile_routing_last_n8_evalfix,sider,5,46,8,0.6530258050399025,complete
p6_logp_quantile_routing_last,p6_logp_quantile_routing_last_n8_evalfix,clintox,1,42,34,0.8207324065042054,complete
p6_logp_quantile_routing_last,p6_logp_quantile_routing_last_n8_evalfix,clintox,2,43,12,0.926987747653806,complete
p6_logp_quantile_routing_last,p6_logp_quantile_routing_last_n8_evalfix,clintox,3,44,8,0.8165138897285533,complete
p6_logp_quantile_routing_last,p6_logp_quantile_routing_last_n8_evalfix,clintox,4,45,22,0.9560975454174321,complete
p6_logp_quantile_routing_last,p6_logp_quantile_routing_last_n8_evalfix,clintox,5,46,33,0.9669161856661856,complete
p6_logp_quantile_routing_last,p6_logp_quantile_routing_last_n8_evalfix,bace,1,42,12,0.9003164556962026,complete
p6_logp_quantile_routing_last,p6_logp_quantile_routing_last_n8_evalfix,bace,2,43,37,0.9184801684801684,complete
p6_logp_quantile_routing_last,p6_logp_quantile_routing_last_n8_evalfix,bace,3,44,24,0.9032967032967033,complete
p6_logp_quantile_routing_last,p6_logp_quantile_routing_last_n8_evalfix,bace,4,45,6,0.9032866379310344,complete
p6_logp_quantile_routing_last,p6_logp_quantile_routing_last_n8_evalfix,bace,5,46,26,0.9311708860759493,complete
p6_logp_quantile_routing_last,p6_logp_quantile_routing_last_n8_evalfix,hiv,1,42,9,0.8161278826178038,complete
p6_logp_quantile_routing_last,p6_logp_quantile_routing_last_n8_evalfix,hiv,2,43,69,0.815047464107494,complete
p6_logp_quantile_routing_last,p6_logp_quantile_routing_last_n8_evalfix,hiv,3,44,7,0.8584828130495576,complete
p6_logp_quantile_routing_last,p6_logp_quantile_routing_last_n8_evalfix,hiv,4,45,10,0.8153272295693456,complete
p6_logp_quantile_routing_last,p6_logp_quantile_routing_last_n8_evalfix,hiv,5,46,13,0.7888142069171421,complete
p6_logp_quantile_routing_last,p6_logp_quantile_routing_last_n8_evalfix,muv,1,42,10,0.8333697967070316,complete
p6_logp_quantile_routing_last,p6_logp_quantile_routing_last_n8_evalfix,muv,2,43,21,0.8068902700488044,complete
p6_logp_quantile_routing_last,p6_logp_quantile_routing_last_n8_evalfix,muv,3,44,28,0.8581741968898392,complete
p6_logp_quantile_routing_last,p6_logp_quantile_routing_last_n8_evalfix,muv,4,45,38,0.7602887725820597,complete
p6_logp_quantile_routing_last,p6_logp_quantile_routing_last_n8_evalfix,muv,5,46,13,0.7934408365934335,complete
p6_logp_descriptor_concat_last,p6_logp_descriptor_concat_last_n8_evalfix,bbbp,1,42,24,0.9672880116959064,complete
p6_logp_descriptor_concat_last,p6_logp_descriptor_concat_last_n8_evalfix,bbbp,2,43,12,0.9780780780780781,complete
p6_logp_descriptor_concat_last,p6_logp_descriptor_concat_last_n8_evalfix,bbbp,3,44,15,0.9738364779874215,complete
p6_logp_descriptor_concat_last,p6_logp_descriptor_concat_last_n8_evalfix,bbbp,4,45,31,0.936385255648038,complete
p6_logp_descriptor_concat_last,p6_logp_descriptor_concat_last_n8_evalfix,bbbp,5,46,18,0.9510448916408668,complete
p6_logp_descriptor_concat_last,p6_logp_descriptor_concat_last_n8_evalfix,tox21,1,42,12,0.8217546553789686,complete
p6_logp_descriptor_concat_last,p6_logp_descriptor_concat_last_n8_evalfix,tox21,2,43,17,0.7743235905467564,complete
p6_logp_descriptor_concat_last,p6_logp_descriptor_concat_last_n8_evalfix,tox21,3,44,11,0.8179026121210659,complete
p6_logp_descriptor_concat_last,p6_logp_descriptor_concat_last_n8_evalfix,tox21,4,45,12,0.7995992550699569,complete
p6_logp_descriptor_concat_last,p6_logp_descriptor_concat_last_n8_evalfix,tox21,5,46,11,0.8429525808645398,complete
p6_logp_descriptor_concat_last,p6_logp_descriptor_concat_last_n8_evalfix,toxcast,1,42,34,0.7103286935710839,complete
p6_logp_descriptor_concat_last,p6_logp_descriptor_concat_last_n8_evalfix,toxcast,2,43,33,0.7366938499383001,complete
p6_logp_descriptor_concat_last,p6_logp_descriptor_concat_last_n8_evalfix,toxcast,3,44,20,0.7106347299913393,complete
p6_logp_descriptor_concat_last,p6_logp_descriptor_concat_last_n8_evalfix,toxcast,4,45,37,0.7258279707904602,complete
p6_logp_descriptor_concat_last,p6_logp_descriptor_concat_last_n8_evalfix,toxcast,5,46,31,0.7204827464574335,complete
p6_logp_descriptor_concat_last,p6_logp_descriptor_concat_last_n8_evalfix,sider,1,42,19,0.6403325287614015,complete
p6_logp_descriptor_concat_last,p6_logp_descriptor_concat_last_n8_evalfix,sider,2,43,7,0.6267552048234383,complete
p6_logp_descriptor_concat_last,p6_logp_descriptor_concat_last_n8_evalfix,sider,3,44,11,0.637015683716252,complete
p6_logp_descriptor_concat_last,p6_logp_descriptor_concat_last_n8_evalfix,sider,4,45,35,0.6356873939703557,complete
p6_logp_descriptor_concat_last,p6_logp_descriptor_concat_last_n8_evalfix,sider,5,46,9,0.6571841948674536,complete
p6_logp_descriptor_concat_last,p6_logp_descriptor_concat_last_n8_evalfix,clintox,1,42,37,0.8649799728943484,complete
p6_logp_descriptor_concat_last,p6_logp_descriptor_concat_last_n8_evalfix,clintox,2,43,27,0.8776307785888078,complete
p6_logp_descriptor_concat_last,p6_logp_descriptor_concat_last_n8_evalfix,clintox,3,44,29,0.8503710476996553,complete
p6_logp_descriptor_concat_last,p6_logp_descriptor_concat_last_n8_evalfix,clintox,4,45,36,0.9848789293733415,complete
p6_logp_descriptor_concat_last,p6_logp_descriptor_concat_last_n8_evalfix,clintox,5,46,43,0.9669883357383358,complete
p6_logp_descriptor_concat_last,p6_logp_descriptor_concat_last_n8_evalfix,bace,1,42,22,0.9317862165963432,complete
p6_logp_descriptor_concat_last,p6_logp_descriptor_concat_last_n8_evalfix,bace,2,43,42,0.9449806949806949,complete
p6_logp_descriptor_concat_last,p6_logp_descriptor_concat_last_n8_evalfix,bace,3,44,35,0.9165750915750916,complete
p6_logp_descriptor_concat_last,p6_logp_descriptor_concat_last_n8_evalfix,bace,4,45,13,0.9318426724137931,complete
p6_logp_descriptor_concat_last,p6_logp_descriptor_concat_last_n8_evalfix,bace,5,46,43,0.9454113924050633,complete
p6_logp_descriptor_concat_last,p6_logp_descriptor_concat_last_n8_evalfix,hiv,1,42,9,0.8219778691445807,complete
p6_logp_descriptor_concat_last,p6_logp_descriptor_concat_last_n8_evalfix,hiv,2,43,14,0.8123784639486412,complete
p6_logp_descriptor_concat_last,p6_logp_descriptor_concat_last_n8_evalfix,hiv,3,44,8,0.8573727599488724,complete
p6_logp_descriptor_concat_last,p6_logp_descriptor_concat_last_n8_evalfix,hiv,4,45,9,0.8311503899626993,complete
p6_logp_descriptor_concat_last,p6_logp_descriptor_concat_last_n8_evalfix,hiv,5,46,43,0.8127878127084487,complete
p6_logp_descriptor_concat_last,p6_logp_descriptor_concat_last_n8_evalfix,muv,1,42,14,0.7685352497393547,complete
p6_logp_descriptor_concat_last,p6_logp_descriptor_concat_last_n8_evalfix,muv,2,43,15,0.8526887636421493,complete
p6_logp_descriptor_concat_last,p6_logp_descriptor_concat_last_n8_evalfix,muv,3,44,25,0.8190362077707012,complete
p6_logp_descriptor_concat_last,p6_logp_descriptor_concat_last_n8_evalfix,muv,4,45,22,0.8134391616657933,complete
p6_logp_descriptor_concat_last,p6_logp_descriptor_concat_last_n8_evalfix,muv,5,46,17,0.7554963246426388,complete
p6_logp_descriptor_auxiliary,p6_logp_descriptor_auxiliary_n8_evalfix,bbbp,1,42,30,0.9638157894736842,complete
p6_logp_descriptor_auxiliary,p6_logp_descriptor_auxiliary_n8_evalfix,bbbp,2,43,21,0.9825825825825827,complete
p6_logp_descriptor_auxiliary,p6_logp_descriptor_auxiliary_n8_evalfix,bbbp,3,44,29,0.9755974842767295,complete
p6_logp_descriptor_auxiliary,p6_logp_descriptor_auxiliary_n8_evalfix,bbbp,4,45,33,0.9478002378121284,complete
p6_logp_descriptor_auxiliary,p6_logp_descriptor_auxiliary_n8_evalfix,bbbp,5,46,18,0.9393059855521156,complete
p6_logp_descriptor_auxiliary,p6_logp_descriptor_auxiliary_n8_evalfix,tox21,1,42,12,0.824865574321984,complete
p6_logp_descriptor_auxiliary,p6_logp_descriptor_auxiliary_n8_evalfix,tox21,2,43,19,0.7583050613107126,complete
p6_logp_descriptor_auxiliary,p6_logp_descriptor_auxiliary_n8_evalfix,tox21,3,44,11,0.8205450733426236,complete
p6_logp_descriptor_auxiliary,p6_logp_descriptor_auxiliary_n8_evalfix,tox21,4,45,11,0.827978372908737,complete
p6_logp_descriptor_auxiliary,p6_logp_descriptor_auxiliary_n8_evalfix,tox21,5,46,12,0.8457170099061582,complete
p6_logp_descriptor_auxiliary,p6_logp_descriptor_auxiliary_n8_evalfix,toxcast,1,42,41,0.7057624968760916,complete
p6_logp_descriptor_auxiliary,p6_logp_descriptor_auxiliary_n8_evalfix,toxcast,2,43,37,0.732365552071235,complete
p6_logp_descriptor_auxiliary,p6_logp_descriptor_auxiliary_n8_evalfix,toxcast,3,44,23,0.7062292547537713,complete
p6_logp_descriptor_auxiliary,p6_logp_descriptor_auxiliary_n8_evalfix,toxcast,4,45,38,0.7218748121789874,complete
p6_logp_descriptor_auxiliary,p6_logp_descriptor_auxiliary_n8_evalfix,toxcast,5,46,32,0.7185684646490667,complete
p6_logp_descriptor_auxiliary,p6_logp_descriptor_auxiliary_n8_evalfix,sider,1,42,16,0.6362704247422833,complete
p6_logp_descriptor_auxiliary,p6_logp_descriptor_auxiliary_n8_evalfix,sider,2,43,9,0.6324368702706565,complete
p6_logp_descriptor_auxiliary,p6_logp_descriptor_auxiliary_n8_evalfix,sider,3,44,23,0.6568245905075559,complete
p6_logp_descriptor_auxiliary,p6_logp_descriptor_auxiliary_n8_evalfix,sider,4,45,18,0.6509816684720079,complete
p6_logp_descriptor_auxiliary,p6_logp_descriptor_auxiliary_n8_evalfix,sider,5,46,11,0.6492213573651516,complete
p6_logp_descriptor_auxiliary,p6_logp_descriptor_auxiliary_n8_evalfix,clintox,1,42,31,0.865959747244115,complete
p6_logp_descriptor_auxiliary,p6_logp_descriptor_auxiliary_n8_evalfix,clintox,2,43,14,0.9144949889931642,complete
p6_logp_descriptor_auxiliary,p6_logp_descriptor_auxiliary_n8_evalfix,clintox,3,44,11,0.8491385043225923,complete
p6_logp_descriptor_auxiliary,p6_logp_descriptor_auxiliary_n8_evalfix,clintox,4,45,51,0.9799735915492958,complete
p6_logp_descriptor_auxiliary,p6_logp_descriptor_auxiliary_n8_evalfix,clintox,5,46,37,0.967643698893699,complete
p6_logp_descriptor_auxiliary,p6_logp_descriptor_auxiliary_n8_evalfix,bace,1,42,33,0.9221167369901547,complete
p6_logp_descriptor_auxiliary,p6_logp_descriptor_auxiliary_n8_evalfix,bace,2,43,58,0.9304141804141804,complete
p6_logp_descriptor_auxiliary,p6_logp_descriptor_auxiliary_n8_evalfix,bace,3,44,20,0.920054945054945,complete
p6_logp_descriptor_auxiliary,p6_logp_descriptor_auxiliary_n8_evalfix,bace,4,45,16,0.9187320402298851,complete
p6_logp_descriptor_auxiliary,p6_logp_descriptor_auxiliary_n8_evalfix,bace,5,46,19,0.9369725738396626,complete
p6_logp_descriptor_auxiliary,p6_logp_descriptor_auxiliary_n8_evalfix,hiv,1,42,7,0.8062515754978574,complete
p6_logp_descriptor_auxiliary,p6_logp_descriptor_auxiliary_n8_evalfix,hiv,2,43,27,0.8167441758554769,complete
p6_logp_descriptor_auxiliary,p6_logp_descriptor_auxiliary_n8_evalfix,hiv,3,44,30,0.8581551157663571,complete
p6_logp_descriptor_auxiliary,p6_logp_descriptor_auxiliary_n8_evalfix,hiv,4,45,26,0.8501172713914322,complete
p6_logp_descriptor_auxiliary,p6_logp_descriptor_auxiliary_n8_evalfix,hiv,5,46,9,0.8070074658876394,complete
p6_logp_descriptor_auxiliary,p6_logp_descriptor_auxiliary_n8_evalfix,muv,1,42,13,0.7694367796476062,complete
p6_logp_descriptor_auxiliary,p6_logp_descriptor_auxiliary_n8_evalfix,muv,2,43,15,0.8335850178852591,complete
p6_logp_descriptor_auxiliary,p6_logp_descriptor_auxiliary_n8_evalfix,muv,3,44,14,0.7943967936501652,complete
p6_logp_descriptor_auxiliary,p6_logp_descriptor_auxiliary_n8_evalfix,muv,4,45,13,0.7690152787178167,complete
p6_logp_descriptor_auxiliary,p6_logp_descriptor_auxiliary_n8_evalfix,muv,5,46,13,0.782276726710041,complete
p8_tpsa_stable_random_last,p8_tpsa_stable_random_last_n8_evalfix,bbbp,1,42,15,0.9521198830409356,complete
p8_tpsa_stable_random_last,p8_tpsa_stable_random_last_n8_evalfix,bbbp,2,43,28,0.9747747747747748,complete
p8_tpsa_stable_random_last,p8_tpsa_stable_random_last_n8_evalfix,bbbp,3,44,5,0.9615094339622641,complete
p8_tpsa_stable_random_last,p8_tpsa_stable_random_last_n8_evalfix,bbbp,4,45,11,0.9140309155766945,complete
p8_tpsa_stable_random_last,p8_tpsa_stable_random_last_n8_evalfix,bbbp,5,46,16,0.9383384932920537,complete
p8_tpsa_stable_random_last,p8_tpsa_stable_random_last_n8_evalfix,tox21,1,42,27,0.8207573540199963,complete
p8_tpsa_stable_random_last,p8_tpsa_stable_random_last_n8_evalfix,tox21,2,43,10,0.7559508194023475,complete
p8_tpsa_stable_random_last,p8_tpsa_stable_random_last_n8_evalfix,tox21,3,44,11,0.818720551749378,complete
p8_tpsa_stable_random_last,p8_tpsa_stable_random_last_n8_evalfix,tox21,4,45,17,0.8049350832297679,complete
p8_tpsa_stable_random_last,p8_tpsa_stable_random_last_n8_evalfix,tox21,5,46,9,0.8265639881938672,complete
p8_tpsa_stable_random_last,p8_tpsa_stable_random_last_n8_evalfix,toxcast,1,42,34,0.6924743005771196,complete
p8_tpsa_stable_random_last,p8_tpsa_stable_random_last_n8_evalfix,toxcast,2,43,33,0.7134734866584079,complete
p8_tpsa_stable_random_last,p8_tpsa_stable_random_last_n8_evalfix,toxcast,3,44,30,0.7122444312560909,complete
p8_tpsa_stable_random_last,p8_tpsa_stable_random_last_n8_evalfix,toxcast,4,45,23,0.707029461397171,complete
p8_tpsa_stable_random_last,p8_tpsa_stable_random_last_n8_evalfix,toxcast,5,46,40,0.7043308884114738,complete
p8_tpsa_stable_random_last,p8_tpsa_stable_random_last_n8_evalfix,sider,1,42,7,0.5916404593642712,complete
p8_tpsa_stable_random_last,p8_tpsa_stable_random_last_n8_evalfix,sider,2,43,7,0.6482494280503793,complete
p8_tpsa_stable_random_last,p8_tpsa_stable_random_last_n8_evalfix,sider,3,44,12,0.6229363185044335,complete
p8_tpsa_stable_random_last,p8_tpsa_stable_random_last_n8_evalfix,sider,4,45,31,0.6190525996649521,complete
p8_tpsa_stable_random_last,p8_tpsa_stable_random_last_n8_evalfix,sider,5,46,14,0.6689574449414146,complete
p8_tpsa_stable_random_last,p8_tpsa_stable_random_last_n8_evalfix,clintox,1,42,25,0.8207198176267304,complete
p8_tpsa_stable_random_last,p8_tpsa_stable_random_last_n8_evalfix,clintox,2,43,12,0.9004395492990382,complete
p8_tpsa_stable_random_last,p8_tpsa_stable_random_last_n8_evalfix,clintox,3,44,29,0.7983990538661508,complete
p8_tpsa_stable_random_last,p8_tpsa_stable_random_last_n8_evalfix,clintox,4,45,22,0.9198943661971831,complete
p8_tpsa_stable_random_last,p8_tpsa_stable_random_last_n8_evalfix,clintox,5,46,19,0.9353655603655604,complete
p8_tpsa_stable_random_last,p8_tpsa_stable_random_last_n8_evalfix,bace,1,42,6,0.90014064697609,complete
p8_tpsa_stable_random_last,p8_tpsa_stable_random_last_n8_evalfix,bace,2,43,11,0.9101439101439102,complete
p8_tpsa_stable_random_last,p8_tpsa_stable_random_last_n8_evalfix,bace,3,44,39,0.8807692307692307,complete
p8_tpsa_stable_random_last,p8_tpsa_stable_random_last_n8_evalfix,bace,4,45,16,0.8956537356321839,complete
p8_tpsa_stable_random_last,p8_tpsa_stable_random_last_n8_evalfix,bace,5,46,16,0.9193037974683544,complete
p8_tpsa_stable_random_last,p8_tpsa_stable_random_last_n8_evalfix,hiv,1,42,10,0.8251836269916465,complete
p8_tpsa_stable_random_last,p8_tpsa_stable_random_last_n8_evalfix,hiv,2,43,32,0.8020557737498561,complete
p8_tpsa_stable_random_last,p8_tpsa_stable_random_last_n8_evalfix,hiv,3,44,7,0.8353449828859665,complete
p8_tpsa_stable_random_last,p8_tpsa_stable_random_last_n8_evalfix,hiv,4,45,9,0.82424833276817,complete
p8_tpsa_stable_random_last,p8_tpsa_stable_random_last_n8_evalfix,hiv,5,46,16,0.7841676319474231,complete
p8_tpsa_stable_random_last,p8_tpsa_stable_random_last_n8_evalfix,muv,1,42,13,0.8130940656449023,complete
p8_tpsa_stable_random_last,p8_tpsa_stable_random_last_n8_evalfix,muv,2,43,14,0.8278673367337808,complete
p8_tpsa_stable_random_last,p8_tpsa_stable_random_last_n8_evalfix,muv,3,44,25,0.7971792161120121,complete
p8_tpsa_stable_random_last,p8_tpsa_stable_random_last_n8_evalfix,muv,4,45,41,0.7368955276202519,complete
p8_tpsa_stable_random_last,p8_tpsa_stable_random_last_n8_evalfix,muv,5,46,43,0.7589395264291201,complete
p8_tpsa_stable_random_conloss_last,p8_tpsa_stable_random_conloss_last_n8_evalfix,bbbp,1,42,12,0.9608918128654971,complete
p8_tpsa_stable_random_conloss_last,p8_tpsa_stable_random_conloss_last_n8_evalfix,bbbp,2,43,28,0.9819819819819819,complete
p8_tpsa_stable_random_conloss_last,p8_tpsa_stable_random_conloss_last_n8_evalfix,bbbp,3,44,14,0.9657861635220126,complete
p8_tpsa_stable_random_conloss_last,p8_tpsa_stable_random_conloss_last_n8_evalfix,bbbp,4,45,36,0.938049940546968,complete
p8_tpsa_stable_random_conloss_last,p8_tpsa_stable_random_conloss_last_n8_evalfix,bbbp,5,46,20,0.938983488132095,complete
p8_tpsa_stable_random_conloss_last,p8_tpsa_stable_random_conloss_last_n8_evalfix,tox21,1,42,14,0.8170978912950829,complete
p8_tpsa_stable_random_conloss_last,p8_tpsa_stable_random_conloss_last_n8_evalfix,tox21,2,43,10,0.7455170279890492,complete
p8_tpsa_stable_random_conloss_last,p8_tpsa_stable_random_conloss_last_n8_evalfix,tox21,3,44,12,0.8074108709126352,complete
p8_tpsa_stable_random_conloss_last,p8_tpsa_stable_random_conloss_last_n8_evalfix,tox21,4,45,21,0.7931926547458855,complete
p8_tpsa_stable_random_conloss_last,p8_tpsa_stable_random_conloss_last_n8_evalfix,tox21,5,46,9,0.822173082605595,complete
p8_tpsa_stable_random_conloss_last,p8_tpsa_stable_random_conloss_last_n8_evalfix,toxcast,1,42,42,0.6959157892388624,complete
p8_tpsa_stable_random_conloss_last,p8_tpsa_stable_random_conloss_last_n8_evalfix,toxcast,2,43,29,0.722930464496339,complete
p8_tpsa_stable_random_conloss_last,p8_tpsa_stable_random_conloss_last_n8_evalfix,toxcast,3,44,27,0.7126236159901543,complete
p8_tpsa_stable_random_conloss_last,p8_tpsa_stable_random_conloss_last_n8_evalfix,toxcast,4,45,39,0.7077534555663384,complete
p8_tpsa_stable_random_conloss_last,p8_tpsa_stable_random_conloss_last_n8_evalfix,toxcast,5,46,40,0.7065508881554229,complete
p8_tpsa_stable_random_conloss_last,p8_tpsa_stable_random_conloss_last_n8_evalfix,sider,1,42,8,0.610510925751722,complete
p8_tpsa_stable_random_conloss_last,p8_tpsa_stable_random_conloss_last_n8_evalfix,sider,2,43,15,0.6259663864088457,complete
p8_tpsa_stable_random_conloss_last,p8_tpsa_stable_random_conloss_last_n8_evalfix,sider,3,44,12,0.633636836909853,complete
p8_tpsa_stable_random_conloss_last,p8_tpsa_stable_random_conloss_last_n8_evalfix,sider,4,45,12,0.6345218055584768,complete
p8_tpsa_stable_random_conloss_last,p8_tpsa_stable_random_conloss_last_n8_evalfix,sider,5,46,9,0.6391009545156927,complete
p8_tpsa_stable_random_conloss_last,p8_tpsa_stable_random_conloss_last_n8_evalfix,clintox,1,42,24,0.8371037021370878,complete
p8_tpsa_stable_random_conloss_last,p8_tpsa_stable_random_conloss_last_n8_evalfix,clintox,2,43,30,0.9279363631097208,complete
p8_tpsa_stable_random_conloss_last,p8_tpsa_stable_random_conloss_last_n8_evalfix,clintox,3,44,31,0.8353727102351731,complete
p8_tpsa_stable_random_conloss_last,p8_tpsa_stable_random_conloss_last_n8_evalfix,clintox,4,45,12,0.898480557256583,complete
p8_tpsa_stable_random_conloss_last,p8_tpsa_stable_random_conloss_last_n8_evalfix,clintox,5,46,30,0.9201479076479077,complete
p8_tpsa_stable_random_conloss_last,p8_tpsa_stable_random_conloss_last_n8_evalfix,bace,1,42,18,0.9112165963431786,complete
p8_tpsa_stable_random_conloss_last,p8_tpsa_stable_random_conloss_last_n8_evalfix,bace,2,43,13,0.9043524043524043,complete
p8_tpsa_stable_random_conloss_last,p8_tpsa_stable_random_conloss_last_n8_evalfix,bace,3,44,17,0.8866300366300366,complete
p8_tpsa_stable_random_conloss_last,p8_tpsa_stable_random_conloss_last_n8_evalfix,bace,4,45,6,0.8994252873563219,complete
p8_tpsa_stable_random_conloss_last,p8_tpsa_stable_random_conloss_last_n8_evalfix,bace,5,46,25,0.9217651195499297,complete
p8_tpsa_stable_random_conloss_last,p8_tpsa_stable_random_conloss_last_n8_evalfix,hiv,1,42,9,0.8130942343297723,complete
p8_tpsa_stable_random_conloss_last,p8_tpsa_stable_random_conloss_last_n8_evalfix,hiv,2,43,19,0.8220027497959563,complete
p8_tpsa_stable_random_conloss_last,p8_tpsa_stable_random_conloss_last_n8_evalfix,hiv,3,44,48,0.8548198093865541,complete
p8_tpsa_stable_random_conloss_last,p8_tpsa_stable_random_conloss_last_n8_evalfix,hiv,4,45,29,0.8274485701367696,complete
p8_tpsa_stable_random_conloss_last,p8_tpsa_stable_random_conloss_last_n8_evalfix,hiv,5,46,14,0.812256829558188,complete
p8_tpsa_stable_random_conloss_last,p8_tpsa_stable_random_conloss_last_n8_evalfix,muv,1,42,11,0.7377003775521809,complete
p8_tpsa_stable_random_conloss_last,p8_tpsa_stable_random_conloss_last_n8_evalfix,muv,2,43,25,0.8049317756603773,complete
p8_tpsa_stable_random_conloss_last,p8_tpsa_stable_random_conloss_last_n8_evalfix,muv,3,44,25,0.7487693172935745,complete
p8_tpsa_stable_random_conloss_last,p8_tpsa_stable_random_conloss_last_n8_evalfix,muv,4,45,14,0.786085621244287,complete
p8_tpsa_stable_random_conloss_last,p8_tpsa_stable_random_conloss_last_n8_evalfix,muv,5,46,30,0.7743108097518616,complete
p8_logp_stable_random_last,p8_logp_stable_random_last_n8_evalfix,bbbp,1,42,24,0.9411549707602338,complete
p8_logp_stable_random_last,p8_logp_stable_random_last_n8_evalfix,bbbp,2,43,11,0.9741741741741742,complete
p8_logp_stable_random_last,p8_logp_stable_random_last_n8_evalfix,bbbp,3,44,5,0.9659119496855346,complete
p8_logp_stable_random_last,p8_logp_stable_random_last_n8_evalfix,bbbp,4,45,11,0.9449464922711058,complete
p8_logp_stable_random_last,p8_logp_stable_random_last_n8_evalfix,bbbp,5,46,35,0.9378224974200206,complete
p8_logp_stable_random_last,p8_logp_stable_random_last_n8_evalfix,tox21,1,42,13,0.8182027641415613,complete
p8_logp_stable_random_last,p8_logp_stable_random_last_n8_evalfix,tox21,2,43,11,0.7597405292085949,complete
p8_logp_stable_random_last,p8_logp_stable_random_last_n8_evalfix,tox21,3,44,11,0.8224184789013416,complete
p8_logp_stable_random_last,p8_logp_stable_random_last_n8_evalfix,tox21,4,45,11,0.7702274362395554,complete
p8_logp_stable_random_last,p8_logp_stable_random_last_n8_evalfix,tox21,5,46,9,0.8241718183755844,complete
p8_logp_stable_random_last,p8_logp_stable_random_last_n8_evalfix,toxcast,1,42,35,0.6952318667354942,complete
p8_logp_stable_random_last,p8_logp_stable_random_last_n8_evalfix,toxcast,2,43,35,0.7321888971111147,complete
p8_logp_stable_random_last,p8_logp_stable_random_last_n8_evalfix,toxcast,3,44,33,0.6968394260665454,complete
p8_logp_stable_random_last,p8_logp_stable_random_last_n8_evalfix,toxcast,4,45,36,0.7243383065819136,complete
p8_logp_stable_random_last,p8_logp_stable_random_last_n8_evalfix,toxcast,5,46,35,0.7083763558621481,complete
p8_logp_stable_random_last,p8_logp_stable_random_last_n8_evalfix,sider,1,42,9,0.6248610951026236,complete
p8_logp_stable_random_last,p8_logp_stable_random_last_n8_evalfix,sider,2,43,21,0.6238718172448142,complete
p8_logp_stable_random_last,p8_logp_stable_random_last_n8_evalfix,sider,3,44,9,0.6320304376632436,complete
p8_logp_stable_random_last,p8_logp_stable_random_last_n8_evalfix,sider,4,45,34,0.6016124558398087,complete
p8_logp_stable_random_last,p8_logp_stable_random_last_n8_evalfix,sider,5,46,15,0.631906956632291,complete
p8_logp_stable_random_last,p8_logp_stable_random_last_n8_evalfix,clintox,1,42,24,0.8323461854981886,complete
p8_logp_stable_random_last,p8_logp_stable_random_last_n8_evalfix,clintox,2,43,27,0.8573810972077396,complete
p8_logp_stable_random_last,p8_logp_stable_random_last_n8_evalfix,clintox,3,44,39,0.7424116589081676,complete
p8_logp_stable_random_last,p8_logp_stable_random_last_n8_evalfix,clintox,4,45,27,0.9258841090018372,complete
p8_logp_stable_random_last,p8_logp_stable_random_last_n8_evalfix,clintox,5,46,36,0.9474086099086099,complete
p8_logp_stable_random_last,p8_logp_stable_random_last_n8_evalfix,bace,1,42,37,0.9335443037974684,complete
p8_logp_stable_random_last,p8_logp_stable_random_last_n8_evalfix,bace,2,43,13,0.8952263952263952,complete
p8_logp_stable_random_last,p8_logp_stable_random_last_n8_evalfix,bace,3,44,25,0.8886446886446886,complete
p8_logp_stable_random_last,p8_logp_stable_random_last_n8_evalfix,bace,4,45,6,0.9141522988505747,complete
p8_logp_stable_random_last,p8_logp_stable_random_last_n8_evalfix,bace,5,46,13,0.9178973277074542,complete
p8_logp_stable_random_last,p8_logp_stable_random_last_n8_evalfix,hiv,1,42,28,0.8223638117921126,complete
p8_logp_stable_random_last,p8_logp_stable_random_last_n8_evalfix,hiv,2,43,9,0.803820956512689,complete
p8_logp_stable_random_last,p8_logp_stable_random_last_n8_evalfix,hiv,3,44,7,0.8577193298504773,complete
p8_logp_stable_random_last,p8_logp_stable_random_last_n8_evalfix,hiv,4,45,32,0.8391319091217363,complete
p8_logp_stable_random_last,p8_logp_stable_random_last_n8_evalfix,hiv,5,46,18,0.798734710614183,complete
p8_logp_stable_random_last,p8_logp_stable_random_last_n8_evalfix,muv,1,42,13,0.7866494494012587,complete
p8_logp_stable_random_last,p8_logp_stable_random_last_n8_evalfix,muv,2,43,29,0.7926296962039028,complete
p8_logp_stable_random_last,p8_logp_stable_random_last_n8_evalfix,muv,3,44,38,0.8121387055412502,complete
p8_logp_stable_random_last,p8_logp_stable_random_last_n8_evalfix,muv,4,45,15,0.7971802312271065,complete
p8_logp_stable_random_last,p8_logp_stable_random_last_n8_evalfix,muv,5,46,29,0.7512572351856956,complete
p8_logp_stable_random_conloss_last,p8_logp_stable_random_conloss_last_n8_evalfix,bbbp,1,42,22,0.9565058479532164,complete
p8_logp_stable_random_conloss_last,p8_logp_stable_random_conloss_last_n8_evalfix,bbbp,2,43,36,0.9561561561561562,complete
p8_logp_stable_random_conloss_last,p8_logp_stable_random_conloss_last_n8_evalfix,bbbp,3,44,8,0.9642767295597485,complete
p8_logp_stable_random_conloss_last,p8_logp_stable_random_conloss_last_n8_evalfix,bbbp,4,45,35,0.9325802615933412,complete
p8_logp_stable_random_conloss_last,p8_logp_stable_random_conloss_last_n8_evalfix,bbbp,5,46,16,0.9373065015479876,complete
p8_logp_stable_random_conloss_last,p8_logp_stable_random_conloss_last_n8_evalfix,tox21,1,42,11,0.8230569626705769,complete
p8_logp_stable_random_conloss_last,p8_logp_stable_random_conloss_last_n8_evalfix,tox21,2,43,10,0.7629623757313054,complete
p8_logp_stable_random_conloss_last,p8_logp_stable_random_conloss_last_n8_evalfix,tox21,3,44,12,0.8078394442743985,complete
p8_logp_stable_random_conloss_last,p8_logp_stable_random_conloss_last_n8_evalfix,tox21,4,45,11,0.78905839419731,complete
p8_logp_stable_random_conloss_last,p8_logp_stable_random_conloss_last_n8_evalfix,tox21,5,46,9,0.8244071064413818,complete
p8_logp_stable_random_conloss_last,p8_logp_stable_random_conloss_last_n8_evalfix,toxcast,1,42,23,0.6824510403794076,complete
p8_logp_stable_random_conloss_last,p8_logp_stable_random_conloss_last_n8_evalfix,toxcast,2,43,37,0.715866311077854,complete
p8_logp_stable_random_conloss_last,p8_logp_stable_random_conloss_last_n8_evalfix,toxcast,3,44,29,0.6988900096584013,complete
p8_logp_stable_random_conloss_last,p8_logp_stable_random_conloss_last_n8_evalfix,toxcast,4,45,34,0.7258331271813865,complete
p8_logp_stable_random_conloss_last,p8_logp_stable_random_conloss_last_n8_evalfix,toxcast,5,46,34,0.6980622803185081,complete
p8_logp_stable_random_conloss_last,p8_logp_stable_random_conloss_last_n8_evalfix,sider,1,42,13,0.6350078147481599,complete
p8_logp_stable_random_conloss_last,p8_logp_stable_random_conloss_last_n8_evalfix,sider,2,43,8,0.6158385997983631,complete
p8_logp_stable_random_conloss_last,p8_logp_stable_random_conloss_last_n8_evalfix,sider,3,44,15,0.6301279691981393,complete
p8_logp_stable_random_conloss_last,p8_logp_stable_random_conloss_last_n8_evalfix,sider,4,45,11,0.61324104153521,complete
p8_logp_stable_random_conloss_last,p8_logp_stable_random_conloss_last_n8_evalfix,sider,5,46,28,0.6211922570731815,complete
p8_logp_stable_random_conloss_last,p8_logp_stable_random_conloss_last_n8_evalfix,clintox,1,42,31,0.8112889499869076,complete
p8_logp_stable_random_conloss_last,p8_logp_stable_random_conloss_last_n8_evalfix,clintox,2,43,30,0.8982034237052485,complete
p8_logp_stable_random_conloss_last,p8_logp_stable_random_conloss_last_n8_evalfix,clintox,3,44,13,0.7894039810168672,complete
p8_logp_stable_random_conloss_last,p8_logp_stable_random_conloss_last_n8_evalfix,clintox,4,45,22,0.9095542457644417,complete
p8_logp_stable_random_conloss_last,p8_logp_stable_random_conloss_last_n8_evalfix,clintox,5,46,33,0.9284511784511784,complete
p8_logp_stable_random_conloss_last,p8_logp_stable_random_conloss_last_n8_evalfix,bace,1,42,10,0.9129746835443039,complete
p8_logp_stable_random_conloss_last,p8_logp_stable_random_conloss_last_n8_evalfix,bace,2,43,9,0.8794313794313795,complete
p8_logp_stable_random_conloss_last,p8_logp_stable_random_conloss_last_n8_evalfix,bace,3,44,15,0.8778388278388278,complete
p8_logp_stable_random_conloss_last,p8_logp_stable_random_conloss_last_n8_evalfix,bace,4,45,8,0.9100215517241379,complete
p8_logp_stable_random_conloss_last,p8_logp_stable_random_conloss_last_n8_evalfix,bace,5,46,7,0.8989099859353024,complete
p8_logp_stable_random_conloss_last,p8_logp_stable_random_conloss_last_n8_evalfix,hiv,1,42,21,0.8139426127621846,complete
p8_logp_stable_random_conloss_last,p8_logp_stable_random_conloss_last_n8_evalfix,hiv,2,43,11,0.8211578174727074,complete
p8_logp_stable_random_conloss_last,p8_logp_stable_random_conloss_last_n8_evalfix,hiv,3,44,7,0.8310488886601298,complete
p8_logp_stable_random_conloss_last,p8_logp_stable_random_conloss_last_n8_evalfix,hiv,4,45,10,0.8396476206623713,complete
p8_logp_stable_random_conloss_last,p8_logp_stable_random_conloss_last_n8_evalfix,hiv,5,46,16,0.8044923819979706,complete
p8_logp_stable_random_conloss_last,p8_logp_stable_random_conloss_last_n8_evalfix,muv,1,42,10,0.788467743792725,complete
p8_logp_stable_random_conloss_last,p8_logp_stable_random_conloss_last_n8_evalfix,muv,2,43,40,0.7880792932628164,complete
p8_logp_stable_random_conloss_last,p8_logp_stable_random_conloss_last_n8_evalfix,muv,3,44,16,0.7979112012577687,complete
p8_logp_stable_random_conloss_last,p8_logp_stable_random_conloss_last_n8_evalfix,muv,4,45,17,0.7837757540841706,complete
p8_logp_stable_random_conloss_last,p8_logp_stable_random_conloss_last_n8_evalfix,muv,5,46,12,0.7328569209403454,complete
p8_learned_molecule_top1_last,p8_learned_molecule_top1_last_n8_evalfix,bbbp,1,42,80,0.9767909356725146,complete
p8_learned_molecule_top1_last,p8_learned_molecule_top1_last_n8_evalfix,bbbp,2,43,29,0.9771771771771771,complete
p8_learned_molecule_top1_last,p8_learned_molecule_top1_last_n8_evalfix,bbbp,3,44,17,0.9672955974842767,complete
p8_learned_molecule_top1_last,p8_learned_molecule_top1_last_n8_evalfix,bbbp,4,45,21,0.9479191438763377,complete
p8_learned_molecule_top1_last,p8_learned_molecule_top1_last_n8_evalfix,bbbp,5,46,23,0.9424019607843137,complete
p8_learned_molecule_top1_last,p8_learned_molecule_top1_last_n8_evalfix,tox21,1,42,11,0.8275179690658718,complete
p8_learned_molecule_top1_last,p8_learned_molecule_top1_last_n8_evalfix,tox21,2,43,13,0.7635768250615328,complete
p8_learned_molecule_top1_last,p8_learned_molecule_top1_last_n8_evalfix,tox21,3,44,13,0.8295043127785227,complete
p8_learned_molecule_top1_last,p8_learned_molecule_top1_last_n8_evalfix,tox21,4,45,9,0.8117827239246983,complete
p8_learned_molecule_top1_last,p8_learned_molecule_top1_last_n8_evalfix,tox21,5,46,19,0.8393530803433729,complete
p8_learned_molecule_top1_last,p8_learned_molecule_top1_last_n8_evalfix,toxcast,1,42,44,0.6993953554004217,complete
p8_learned_molecule_top1_last,p8_learned_molecule_top1_last_n8_evalfix,toxcast,2,43,35,0.7250737891771603,complete
p8_learned_molecule_top1_last,p8_learned_molecule_top1_last_n8_evalfix,toxcast,3,44,29,0.7164908626818428,complete
p8_learned_molecule_top1_last,p8_learned_molecule_top1_last_n8_evalfix,toxcast,4,45,35,0.7187480323904707,complete
p8_learned_molecule_top1_last,p8_learned_molecule_top1_last_n8_evalfix,toxcast,5,46,33,0.7275264473007257,complete
p8_learned_molecule_top1_last,p8_learned_molecule_top1_last_n8_evalfix,sider,1,42,24,0.6357099236295412,complete
p8_learned_molecule_top1_last,p8_learned_molecule_top1_last_n8_evalfix,sider,2,43,14,0.6335323874597835,complete
p8_learned_molecule_top1_last,p8_learned_molecule_top1_last_n8_evalfix,sider,3,44,10,0.6596422799915311,complete
p8_learned_molecule_top1_last,p8_learned_molecule_top1_last_n8_evalfix,sider,4,45,30,0.6483518004949813,complete
p8_learned_molecule_top1_last,p8_learned_molecule_top1_last_n8_evalfix,sider,5,46,20,0.6435086359218162,complete
p8_learned_molecule_top1_last,p8_learned_molecule_top1_last_n8_evalfix,clintox,1,42,27,0.8715876948398551,complete
p8_learned_molecule_top1_last,p8_learned_molecule_top1_last_n8_evalfix,clintox,2,43,14,0.9304360734561465,complete
p8_learned_molecule_top1_last,p8_learned_molecule_top1_last_n8_evalfix,clintox,3,44,35,0.8608155492412792,complete
p8_learned_molecule_top1_last,p8_learned_molecule_top1_last_n8_evalfix,clintox,4,45,67,0.9766533986527863,complete
p8_learned_molecule_top1_last,p8_learned_molecule_top1_last_n8_evalfix,clintox,5,46,38,0.9396554834054833,complete
p8_learned_molecule_top1_last,p8_learned_molecule_top1_last_n8_evalfix,bace,1,42,53,0.9342475386779185,complete
p8_learned_molecule_top1_last,p8_learned_molecule_top1_last_n8_evalfix,bace,2,43,28,0.9337486837486837,complete
p8_learned_molecule_top1_last,p8_learned_molecule_top1_last_n8_evalfix,bace,3,44,23,0.9149267399267398,complete
p8_learned_molecule_top1_last,p8_learned_molecule_top1_last_n8_evalfix,bace,4,45,49,0.919989224137931,complete
p8_learned_molecule_top1_last,p8_learned_molecule_top1_last_n8_evalfix,bace,5,46,22,0.9309950773558369,complete
p8_learned_molecule_top1_last,p8_learned_molecule_top1_last_n8_evalfix,hiv,1,42,11,0.8266891510130995,complete
p8_learned_molecule_top1_last,p8_learned_molecule_top1_last_n8_evalfix,hiv,2,43,55,0.8143381043936481,complete
p8_learned_molecule_top1_last,p8_learned_molecule_top1_last_n8_evalfix,hiv,3,44,7,0.8505906271714234,complete
p8_learned_molecule_top1_last,p8_learned_molecule_top1_last_n8_evalfix,hiv,4,45,14,0.846397083757206,complete
p8_learned_molecule_top1_last,p8_learned_molecule_top1_last_n8_evalfix,hiv,5,46,21,0.8112194283144402,complete
p8_learned_molecule_top1_last,p8_learned_molecule_top1_last_n8_evalfix,muv,1,42,14,0.7595770524685403,complete
p8_learned_molecule_top1_last,p8_learned_molecule_top1_last_n8_evalfix,muv,2,43,18,0.8300792558006863,complete
p8_learned_molecule_top1_last,p8_learned_molecule_top1_last_n8_evalfix,muv,3,44,55,0.7997729459792535,complete
p8_learned_molecule_top1_last,p8_learned_molecule_top1_last_n8_evalfix,muv,4,45,28,0.8015287318731867,complete
p8_learned_molecule_top1_last,p8_learned_molecule_top1_last_n8_evalfix,muv,5,46,32,0.7518863991204119,complete
