model,result_exp,partition,control,source_group,macro_roc_auc,datasets,folds
p3_base_vanilla,p3_base_vanilla_n8aligned_evalfix,shared,dense_base,corrected_core,0.7989096156142359,8,40
p3_logp_mofe_last_ffn,p3_logp_mofe_last_ffn_n8aligned_evalfix,logp,fixed_assignment,corrected_core,0.7884694551685127,8,40
p3_logp_mofe_last_ffn_conloss,p3_logp_mofe_last_ffn_conloss_n8aligned_evalfix,logp,fixed_assignment_conloss,corrected_core,0.7890991767599788,8,40
p3_tpsa_mofe_last_ffn,p3_tpsa_mofe_last_ffn_n8aligned_evalfix,tpsa,fixed_assignment,corrected_core,0.784636023700414,8,40
p3_tpsa_mofe_last_ffn_conloss,p3_tpsa_mofe_last_ffn_conloss_n8aligned_evalfix,tpsa,fixed_assignment_conloss,corrected_core,0.7896528941788776,8,40
p6_logp_descriptor_auxiliary,p6_logp_descriptor_auxiliary_n8_evalfix,logp,auxiliary_descriptor_prediction,reused_corrected_p6,0.7977881086051523,8,40
p6_logp_descriptor_concat_last,p6_logp_descriptor_concat_last_n8_evalfix,logp,descriptor_concatenation,reused_corrected_p6,0.795184803286976,8,40
p6_logp_quantile_routing_last,p6_logp_quantile_routing_last_n8_evalfix,logp,quantile_assignment,reused_corrected_p6,0.7926573116326088,8,40
p6_tpsa_descriptor_auxiliary,p6_tpsa_descriptor_auxiliary_n8_evalfix,tpsa,auxiliary_descriptor_prediction,reused_corrected_p6,0.8001996931382346,8,40
p6_tpsa_descriptor_concat_last,p6_tpsa_descriptor_concat_last_n8_evalfix,tpsa,descriptor_concatenation,reused_corrected_p6,0.7990637569664049,8,40
p6_tpsa_quantile_routing_last,p6_tpsa_quantile_routing_last_n8_evalfix,tpsa,quantile_assignment,reused_corrected_p6,0.7916620098682794,8,40
p8_learned_molecule_top1_last,p8_learned_molecule_top1_last_n8_evalfix,shared,learned_molecule_top1,corrected_p8,0.7889965632805188,8,40
p8_logp_stable_random_conloss_last,p8_logp_stable_random_conloss_last_n8_evalfix,logp,stable_random_assignment_conloss,corrected_p8,0.7784571588883584,8,40
p8_logp_stable_random_last,p8_logp_stable_random_last_n8_evalfix,logp,stable_random_assignment,corrected_p8,0.7850793187083949,8,40
p8_tpsa_stable_random_conloss_last,p8_tpsa_stable_random_conloss_last_n8_evalfix,tpsa,stable_random_assignment_conloss,corrected_p8,0.7753479661172515,8,40
p8_tpsa_stable_random_last,p8_tpsa_stable_random_last_n8_evalfix,tpsa,stable_random_assignment,corrected_p8,0.7840873323786934,8,40
