model,result_exp,partition,control,source_group,dataset,mean_roc_auc,sd_roc_auc,folds
p3_base_vanilla,p3_base_vanilla_n8aligned_evalfix,shared,dense_base,corrected_core,bace,0.8903286523872589,0.03406902275150087,5
p3_base_vanilla,p3_base_vanilla_n8aligned_evalfix,shared,dense_base,corrected_core,bbbp,0.937660147691721,0.027187453512657563,5
p3_base_vanilla,p3_base_vanilla_n8aligned_evalfix,shared,dense_base,corrected_core,clintox,0.841739821862028,0.05406058810407959,5
p3_base_vanilla,p3_base_vanilla_n8aligned_evalfix,shared,dense_base,corrected_core,hiv,0.8034015982332482,0.02998460610164428,5
p3_base_vanilla,p3_base_vanilla_n8aligned_evalfix,shared,dense_base,corrected_core,muv,0.7905881044001504,0.032982696229092084,5
p3_base_vanilla,p3_base_vanilla_n8aligned_evalfix,shared,dense_base,corrected_core,sider,0.6189216774808463,0.02664136722361575,5
p3_base_vanilla,p3_base_vanilla_n8aligned_evalfix,shared,dense_base,corrected_core,tox21,0.815230882944267,0.021174958276225963,5
p3_base_vanilla,p3_base_vanilla_n8aligned_evalfix,shared,dense_base,corrected_core,toxcast,0.6934060399143676,0.019235313640122424,5
p3_logp_mofe_last_ffn,p3_logp_mofe_last_ffn_n8aligned_evalfix,logp,fixed_assignment,corrected_core,bace,0.87093038109023,0.028991568005375386,5
p3_logp_mofe_last_ffn,p3_logp_mofe_last_ffn_n8aligned_evalfix,logp,fixed_assignment,corrected_core,bbbp,0.9388301946334672,0.02256099907840421,5
p3_logp_mofe_last_ffn,p3_logp_mofe_last_ffn_n8aligned_evalfix,logp,fixed_assignment,corrected_core,clintox,0.8701471323260881,0.030748828653399975,5
p3_logp_mofe_last_ffn,p3_logp_mofe_last_ffn_n8aligned_evalfix,logp,fixed_assignment,corrected_core,hiv,0.7775824386208279,0.05460896026139508,5
p3_logp_mofe_last_ffn,p3_logp_mofe_last_ffn_n8aligned_evalfix,logp,fixed_assignment,corrected_core,muv,0.7297560947243914,0.03669704803244466,5
p3_logp_mofe_last_ffn,p3_logp_mofe_last_ffn_n8aligned_evalfix,logp,fixed_assignment,corrected_core,sider,0.6249296779249104,0.017859372991833888,5
p3_logp_mofe_last_ffn,p3_logp_mofe_last_ffn_n8aligned_evalfix,logp,fixed_assignment,corrected_core,tox21,0.8002080176786043,0.019827112190867344,5
p3_logp_mofe_last_ffn,p3_logp_mofe_last_ffn_n8aligned_evalfix,logp,fixed_assignment,corrected_core,toxcast,0.6953717043495828,0.016687816157434945,5
p3_logp_mofe_last_ffn_conloss,p3_logp_mofe_last_ffn_conloss_n8aligned_evalfix,logp,fixed_assignment_conloss,corrected_core,bace,0.8672465033383873,0.04517563864679208,5
p3_logp_mofe_last_ffn_conloss,p3_logp_mofe_last_ffn_conloss_n8aligned_evalfix,logp,fixed_assignment_conloss,corrected_core,bbbp,0.9313350861429134,0.021661776013150294,5
p3_logp_mofe_last_ffn_conloss,p3_logp_mofe_last_ffn_conloss_n8aligned_evalfix,logp,fixed_assignment_conloss,corrected_core,clintox,0.8615336307940169,0.03206267470224862,5
p3_logp_mofe_last_ffn_conloss,p3_logp_mofe_last_ffn_conloss_n8aligned_evalfix,logp,fixed_assignment_conloss,corrected_core,hiv,0.7750777459216438,0.03219283218478785,5
p3_logp_mofe_last_ffn_conloss,p3_logp_mofe_last_ffn_conloss_n8aligned_evalfix,logp,fixed_assignment_conloss,corrected_core,muv,0.7718507354605536,0.01584840264045716,5
p3_logp_mofe_last_ffn_conloss,p3_logp_mofe_last_ffn_conloss_n8aligned_evalfix,logp,fixed_assignment_conloss,corrected_core,sider,0.6077054564958784,0.03399017494534828,5
p3_logp_mofe_last_ffn_conloss,p3_logp_mofe_last_ffn_conloss_n8aligned_evalfix,logp,fixed_assignment_conloss,corrected_core,tox21,0.8098669800995326,0.010917396014444145,5
p3_logp_mofe_last_ffn_conloss,p3_logp_mofe_last_ffn_conloss_n8aligned_evalfix,logp,fixed_assignment_conloss,corrected_core,toxcast,0.688177275826904,0.017005956382428227,5
p3_tpsa_mofe_last_ffn,p3_tpsa_mofe_last_ffn_n8aligned_evalfix,tpsa,fixed_assignment,corrected_core,bace,0.8761356360384077,0.025573552486538614,5
p3_tpsa_mofe_last_ffn,p3_tpsa_mofe_last_ffn_n8aligned_evalfix,tpsa,fixed_assignment,corrected_core,bbbp,0.9471642580680075,0.02010054936834748,5
p3_tpsa_mofe_last_ffn,p3_tpsa_mofe_last_ffn_n8aligned_evalfix,tpsa,fixed_assignment,corrected_core,clintox,0.8176066001825915,0.07018442214349686,5
p3_tpsa_mofe_last_ffn,p3_tpsa_mofe_last_ffn_n8aligned_evalfix,tpsa,fixed_assignment,corrected_core,hiv,0.7794428171928822,0.030699436314929916,5
p3_tpsa_mofe_last_ffn,p3_tpsa_mofe_last_ffn_n8aligned_evalfix,tpsa,fixed_assignment,corrected_core,muv,0.7312149883623027,0.03275533597715807,5
p3_tpsa_mofe_last_ffn,p3_tpsa_mofe_last_ffn_n8aligned_evalfix,tpsa,fixed_assignment,corrected_core,sider,0.6216881600048816,0.02144781284358166,5
p3_tpsa_mofe_last_ffn,p3_tpsa_mofe_last_ffn_n8aligned_evalfix,tpsa,fixed_assignment,corrected_core,tox21,0.8053621259366522,0.019116991752946767,5
p3_tpsa_mofe_last_ffn,p3_tpsa_mofe_last_ffn_n8aligned_evalfix,tpsa,fixed_assignment,corrected_core,toxcast,0.6984736038175866,0.019231147341396762,5
p3_tpsa_mofe_last_ffn_conloss,p3_tpsa_mofe_last_ffn_conloss_n8aligned_evalfix,tpsa,fixed_assignment_conloss,corrected_core,bace,0.886780858833113,0.031492550386722024,5
p3_tpsa_mofe_last_ffn_conloss,p3_tpsa_mofe_last_ffn_conloss_n8aligned_evalfix,tpsa,fixed_assignment_conloss,corrected_core,bbbp,0.9349470089031977,0.029072218451668515,5
p3_tpsa_mofe_last_ffn_conloss,p3_tpsa_mofe_last_ffn_conloss_n8aligned_evalfix,tpsa,fixed_assignment_conloss,corrected_core,clintox,0.8405950660657115,0.03882427319039623,5
p3_tpsa_mofe_last_ffn_conloss,p3_tpsa_mofe_last_ffn_conloss_n8aligned_evalfix,tpsa,fixed_assignment_conloss,corrected_core,hiv,0.788060740375536,0.02648243987288293,5
p3_tpsa_mofe_last_ffn_conloss,p3_tpsa_mofe_last_ffn_conloss_n8aligned_evalfix,tpsa,fixed_assignment_conloss,corrected_core,muv,0.7344327045952801,0.035220534709405345,5
p3_tpsa_mofe_last_ffn_conloss,p3_tpsa_mofe_last_ffn_conloss_n8aligned_evalfix,tpsa,fixed_assignment_conloss,corrected_core,sider,0.6288945438802209,0.02820246916061545,5
p3_tpsa_mofe_last_ffn_conloss,p3_tpsa_mofe_last_ffn_conloss_n8aligned_evalfix,tpsa,fixed_assignment_conloss,corrected_core,tox21,0.8114259957157725,0.014928831093885632,5
p3_tpsa_mofe_last_ffn_conloss,p3_tpsa_mofe_last_ffn_conloss_n8aligned_evalfix,tpsa,fixed_assignment_conloss,corrected_core,toxcast,0.692086235062189,0.012538627416378035,5
p6_logp_descriptor_auxiliary,p6_logp_descriptor_auxiliary_n8_evalfix,logp,auxiliary_descriptor_prediction,reused_corrected_p6,bace,0.8805342176015094,0.03209230723264595,5
p6_logp_descriptor_auxiliary,p6_logp_descriptor_auxiliary_n8_evalfix,logp,auxiliary_descriptor_prediction,reused_corrected_p6,bbbp,0.9392919401755291,0.011180414399579544,5
p6_logp_descriptor_auxiliary,p6_logp_descriptor_auxiliary_n8_evalfix,logp,auxiliary_descriptor_prediction,reused_corrected_p6,clintox,0.8596373715529835,0.04689653140724663,5
p6_logp_descriptor_auxiliary,p6_logp_descriptor_auxiliary_n8_evalfix,logp,auxiliary_descriptor_prediction,reused_corrected_p6,hiv,0.7961989530671326,0.040591819930553025,5
p6_logp_descriptor_auxiliary,p6_logp_descriptor_auxiliary_n8_evalfix,logp,auxiliary_descriptor_prediction,reused_corrected_p6,muv,0.7791846286561289,0.04227727806020925,5
p6_logp_descriptor_auxiliary,p6_logp_descriptor_auxiliary_n8_evalfix,logp,auxiliary_descriptor_prediction,reused_corrected_p6,sider,0.626922338633334,0.028784903573977134,5
p6_logp_descriptor_auxiliary,p6_logp_descriptor_auxiliary_n8_evalfix,logp,auxiliary_descriptor_prediction,reused_corrected_p6,tox21,0.8151439909014773,0.02002074476101485,5
p6_logp_descriptor_auxiliary,p6_logp_descriptor_auxiliary_n8_evalfix,logp,auxiliary_descriptor_prediction,reused_corrected_p6,toxcast,0.6853914282531234,0.019442335800319177,5
p6_logp_descriptor_concat_last,p6_logp_descriptor_concat_last_n8_evalfix,logp,descriptor_concatenation,reused_corrected_p6,bace,0.8768103862943256,0.0434112777993427,5
p6_logp_descriptor_concat_last,p6_logp_descriptor_concat_last_n8_evalfix,logp,descriptor_concatenation,reused_corrected_p6,bbbp,0.9457041148892161,0.01915617138746978,5
p6_logp_descriptor_concat_last,p6_logp_descriptor_concat_last_n8_evalfix,logp,descriptor_concatenation,reused_corrected_p6,clintox,0.8619254727692429,0.056462572006051794,5
p6_logp_descriptor_concat_last,p6_logp_descriptor_concat_last_n8_evalfix,logp,descriptor_concatenation,reused_corrected_p6,hiv,0.7971426026109965,0.039528600166946384,5
p6_logp_descriptor_concat_last,p6_logp_descriptor_concat_last_n8_evalfix,logp,descriptor_concatenation,reused_corrected_p6,muv,0.7538507173825382,0.04096338920064661,5
p6_logp_descriptor_concat_last,p6_logp_descriptor_concat_last_n8_evalfix,logp,descriptor_concatenation,reused_corrected_p6,sider,0.6237591897929144,0.03019626628471124,5
p6_logp_descriptor_concat_last,p6_logp_descriptor_concat_last_n8_evalfix,logp,descriptor_concatenation,reused_corrected_p6,tox21,0.8107991860477805,0.01934214373160221,5
p6_logp_descriptor_concat_last,p6_logp_descriptor_concat_last_n8_evalfix,logp,descriptor_concatenation,reused_corrected_p6,toxcast,0.691486756508794,0.029878836649272184,5
p6_logp_quantile_routing_last,p6_logp_quantile_routing_last_n8_evalfix,logp,quantile_assignment,reused_corrected_p6,bace,0.8731333837948799,0.04302605446889709,5
p6_logp_quantile_routing_last,p6_logp_quantile_routing_last_n8_evalfix,logp,quantile_assignment,reused_corrected_p6,bbbp,0.9471889225802483,0.013415126700550515,5
p6_logp_quantile_routing_last,p6_logp_quantile_routing_last_n8_evalfix,logp,quantile_assignment,reused_corrected_p6,clintox,0.8638795132381111,0.04628707346321828,5
p6_logp_quantile_routing_last,p6_logp_quantile_routing_last_n8_evalfix,logp,quantile_assignment,reused_corrected_p6,hiv,0.7932399858155732,0.04149440281518731,5
p6_logp_quantile_routing_last,p6_logp_quantile_routing_last_n8_evalfix,logp,quantile_assignment,reused_corrected_p6,muv,0.7387991814131804,0.04067916863017393,5
p6_logp_quantile_routing_last,p6_logp_quantile_routing_last_n8_evalfix,logp,quantile_assignment,reused_corrected_p6,sider,0.6263048894269263,0.020583605938505875,5
p6_logp_quantile_routing_last,p6_logp_quantile_routing_last_n8_evalfix,logp,quantile_assignment,reused_corrected_p6,tox21,0.8128842348575397,0.015188651454359223,5
p6_logp_quantile_routing_last,p6_logp_quantile_routing_last_n8_evalfix,logp,quantile_assignment,reused_corrected_p6,toxcast,0.6858283819344114,0.02475681533192224,5
p6_tpsa_descriptor_auxiliary,p6_tpsa_descriptor_auxiliary_n8_evalfix,tpsa,auxiliary_descriptor_prediction,reused_corrected_p6,bace,0.8796912290636023,0.03558352757322737,5
p6_tpsa_descriptor_auxiliary,p6_tpsa_descriptor_auxiliary_n8_evalfix,tpsa,auxiliary_descriptor_prediction,reused_corrected_p6,bbbp,0.9441318538735578,0.02206350981824019,5
p6_tpsa_descriptor_auxiliary,p6_tpsa_descriptor_auxiliary_n8_evalfix,tpsa,auxiliary_descriptor_prediction,reused_corrected_p6,clintox,0.8577470392637079,0.0317814461359449,5
p6_tpsa_descriptor_auxiliary,p6_tpsa_descriptor_auxiliary_n8_evalfix,tpsa,auxiliary_descriptor_prediction,reused_corrected_p6,hiv,0.8065309503781999,0.027808367789988558,5
p6_tpsa_descriptor_auxiliary,p6_tpsa_descriptor_auxiliary_n8_evalfix,tpsa,auxiliary_descriptor_prediction,reused_corrected_p6,muv,0.7808942562270704,0.04429157343069063,5
p6_tpsa_descriptor_auxiliary,p6_tpsa_descriptor_auxiliary_n8_evalfix,tpsa,auxiliary_descriptor_prediction,reused_corrected_p6,sider,0.624780706394792,0.02150001507043517,5
p6_tpsa_descriptor_auxiliary,p6_tpsa_descriptor_auxiliary_n8_evalfix,tpsa,auxiliary_descriptor_prediction,reused_corrected_p6,tox21,0.8156453995718482,0.01722616155407296,5
p6_tpsa_descriptor_auxiliary,p6_tpsa_descriptor_auxiliary_n8_evalfix,tpsa,auxiliary_descriptor_prediction,reused_corrected_p6,toxcast,0.692176110333098,0.022338911959132127,5
p6_tpsa_descriptor_concat_last,p6_tpsa_descriptor_concat_last_n8_evalfix,tpsa,descriptor_concatenation,reused_corrected_p6,bace,0.8870246079861349,0.02547973024590899,5
p6_tpsa_descriptor_concat_last,p6_tpsa_descriptor_concat_last_n8_evalfix,tpsa,descriptor_concatenation,reused_corrected_p6,bbbp,0.9384403294021997,0.014272306143603601,5
p6_tpsa_descriptor_concat_last,p6_tpsa_descriptor_concat_last_n8_evalfix,tpsa,descriptor_concatenation,reused_corrected_p6,clintox,0.8676828010657808,0.037932531180002525,5
p6_tpsa_descriptor_concat_last,p6_tpsa_descriptor_concat_last_n8_evalfix,tpsa,descriptor_concatenation,reused_corrected_p6,hiv,0.7897116316146615,0.029732298887003388,5
p6_tpsa_descriptor_concat_last,p6_tpsa_descriptor_concat_last_n8_evalfix,tpsa,descriptor_concatenation,reused_corrected_p6,muv,0.7647510920792319,0.02720873168236304,5
p6_tpsa_descriptor_concat_last,p6_tpsa_descriptor_concat_last_n8_evalfix,tpsa,descriptor_concatenation,reused_corrected_p6,sider,0.6345448913030644,0.02220605874581458,5
p6_tpsa_descriptor_concat_last,p6_tpsa_descriptor_concat_last_n8_evalfix,tpsa,descriptor_concatenation,reused_corrected_p6,tox21,0.8192966737490529,0.016890674456406178,5
p6_tpsa_descriptor_concat_last,p6_tpsa_descriptor_concat_last_n8_evalfix,tpsa,descriptor_concatenation,reused_corrected_p6,toxcast,0.6910580285311132,0.018915378501772478,5
p6_tpsa_quantile_routing_last,p6_tpsa_quantile_routing_last_n8_evalfix,tpsa,quantile_assignment,reused_corrected_p6,bace,0.8831355426666182,0.035621342058915983,5
p6_tpsa_quantile_routing_last,p6_tpsa_quantile_routing_last_n8_evalfix,tpsa,quantile_assignment,reused_corrected_p6,bbbp,0.9391535773292778,0.014880537202540995,5
p6_tpsa_quantile_routing_last,p6_tpsa_quantile_routing_last_n8_evalfix,tpsa,quantile_assignment,reused_corrected_p6,clintox,0.8574379274063029,0.04502555581004386,5
p6_tpsa_quantile_routing_last,p6_tpsa_quantile_routing_last_n8_evalfix,tpsa,quantile_assignment,reused_corrected_p6,hiv,0.7771810996512288,0.05658527146910202,5
p6_tpsa_quantile_routing_last,p6_tpsa_quantile_routing_last_n8_evalfix,tpsa,quantile_assignment,reused_corrected_p6,muv,0.7562863973988525,0.041505094492458004,5
p6_tpsa_quantile_routing_last,p6_tpsa_quantile_routing_last_n8_evalfix,tpsa,quantile_assignment,reused_corrected_p6,sider,0.6221438838846904,0.03494548933255478,5
p6_tpsa_quantile_routing_last,p6_tpsa_quantile_routing_last_n8_evalfix,tpsa,quantile_assignment,reused_corrected_p6,tox21,0.8091072006503385,0.023369978493355554,5
p6_tpsa_quantile_routing_last,p6_tpsa_quantile_routing_last_n8_evalfix,tpsa,quantile_assignment,reused_corrected_p6,toxcast,0.6888504499589255,0.014429614595409911,5
p8_learned_molecule_top1_last,p8_learned_molecule_top1_last_n8_evalfix,shared,learned_molecule_top1,corrected_p8,bace,0.8753766209503538,0.03153031902953613,5
p8_learned_molecule_top1_last,p8_learned_molecule_top1_last_n8_evalfix,shared,learned_molecule_top1,corrected_p8,bbbp,0.9310744987924282,0.03598734188605491,5
p8_learned_molecule_top1_last,p8_learned_molecule_top1_last_n8_evalfix,shared,learned_molecule_top1,corrected_p8,clintox,0.8327513789182355,0.059939281990251156,5
p8_learned_molecule_top1_last,p8_learned_molecule_top1_last_n8_evalfix,shared,learned_molecule_top1,corrected_p8,hiv,0.7888466000573425,0.021661136793884348,5
p8_learned_molecule_top1_last,p8_learned_molecule_top1_last_n8_evalfix,shared,learned_molecule_top1,corrected_p8,muv,0.7354961402476571,0.04013565897086912,5
p8_learned_molecule_top1_last,p8_learned_molecule_top1_last_n8_evalfix,shared,learned_molecule_top1,corrected_p8,sider,0.6478484401320799,0.025318012327311786,5
p8_learned_molecule_top1_last,p8_learned_molecule_top1_last_n8_evalfix,shared,learned_molecule_top1,corrected_p8,tox21,0.8064149493294259,0.021603806398250856,5
p8_learned_molecule_top1_last,p8_learned_molecule_top1_last_n8_evalfix,shared,learned_molecule_top1,corrected_p8,toxcast,0.6941638778166279,0.014875104612229394,5
p8_logp_stable_random_conloss_last,p8_logp_stable_random_conloss_last_n8_evalfix,logp,stable_random_assignment_conloss,corrected_p8,bace,0.8461390604658993,0.021265330728750573,5
p8_logp_stable_random_conloss_last,p8_logp_stable_random_conloss_last_n8_evalfix,logp,stable_random_assignment_conloss,corrected_p8,bbbp,0.9439650570839143,0.017689537414340283,5
p8_logp_stable_random_conloss_last,p8_logp_stable_random_conloss_last_n8_evalfix,logp,stable_random_assignment_conloss,corrected_p8,clintox,0.8336595475254448,0.0690935493364066,5
p8_logp_stable_random_conloss_last,p8_logp_stable_random_conloss_last_n8_evalfix,logp,stable_random_assignment_conloss,corrected_p8,hiv,0.798951836958027,0.030375083913642926,5
p8_logp_stable_random_conloss_last,p8_logp_stable_random_conloss_last_n8_evalfix,logp,stable_random_assignment_conloss,corrected_p8,muv,0.7162676600489926,0.027703775678791735,5
p8_logp_stable_random_conloss_last,p8_logp_stable_random_conloss_last_n8_evalfix,logp,stable_random_assignment_conloss,corrected_p8,sider,0.5989631991124182,0.017588283054841298,5
p8_logp_stable_random_conloss_last,p8_logp_stable_random_conloss_last_n8_evalfix,logp,stable_random_assignment_conloss,corrected_p8,tox21,0.802837523000305,0.018348878652266577,5
p8_logp_stable_random_conloss_last,p8_logp_stable_random_conloss_last_n8_evalfix,logp,stable_random_assignment_conloss,corrected_p8,toxcast,0.6868733869118662,0.016146488618820738,5
p8_logp_stable_random_last,p8_logp_stable_random_last_n8_evalfix,logp,stable_random_assignment,corrected_p8,bace,0.8608778903855997,0.022996510843008782,5
p8_logp_stable_random_last,p8_logp_stable_random_last_n8_evalfix,logp,stable_random_assignment,corrected_p8,bbbp,0.9410928109795826,0.01847361233588085,5
p8_logp_stable_random_last,p8_logp_stable_random_last_n8_evalfix,logp,stable_random_assignment,corrected_p8,clintox,0.8657825645974245,0.04265574738785688,5
p8_logp_stable_random_last,p8_logp_stable_random_last_n8_evalfix,logp,stable_random_assignment,corrected_p8,hiv,0.7843409953025086,0.042287307518513256,5
p8_logp_stable_random_last,p8_logp_stable_random_last_n8_evalfix,logp,stable_random_assignment,corrected_p8,muv,0.7297810072724712,0.031077058527155206,5
p8_logp_stable_random_last,p8_logp_stable_random_last_n8_evalfix,logp,stable_random_assignment,corrected_p8,sider,0.6008415717646928,0.030774524554011074,5
p8_logp_stable_random_last,p8_logp_stable_random_last_n8_evalfix,logp,stable_random_assignment,corrected_p8,tox21,0.8096587323653861,0.006862854691633391,5
p8_logp_stable_random_last,p8_logp_stable_random_last_n8_evalfix,logp,stable_random_assignment,corrected_p8,toxcast,0.6882589769994936,0.012861262981631953,5
p8_tpsa_stable_random_conloss_last,p8_tpsa_stable_random_conloss_last_n8_evalfix,tpsa,stable_random_assignment_conloss,corrected_p8,bace,0.8535879726871256,0.04054104682415253,5
p8_tpsa_stable_random_conloss_last,p8_tpsa_stable_random_conloss_last_n8_evalfix,tpsa,stable_random_assignment_conloss,corrected_p8,bbbp,0.9381318017144846,0.019562210348397446,5
p8_tpsa_stable_random_conloss_last,p8_tpsa_stable_random_conloss_last_n8_evalfix,tpsa,stable_random_assignment_conloss,corrected_p8,clintox,0.8276086299083097,0.0715882267925504,5
p8_tpsa_stable_random_conloss_last,p8_tpsa_stable_random_conloss_last_n8_evalfix,tpsa,stable_random_assignment_conloss,corrected_p8,hiv,0.7812879785848376,0.032769624594594274,5
p8_tpsa_stable_random_conloss_last,p8_tpsa_stable_random_conloss_last_n8_evalfix,tpsa,stable_random_assignment_conloss,corrected_p8,muv,0.7127729822637534,0.030652868120641222,5
p8_tpsa_stable_random_conloss_last,p8_tpsa_stable_random_conloss_last_n8_evalfix,tpsa,stable_random_assignment_conloss,corrected_p8,sider,0.6170047873993306,0.024438899782689354,5
p8_tpsa_stable_random_conloss_last,p8_tpsa_stable_random_conloss_last_n8_evalfix,tpsa,stable_random_assignment_conloss,corrected_p8,tox21,0.792742228419131,0.011994251920159786,5
p8_tpsa_stable_random_conloss_last,p8_tpsa_stable_random_conloss_last_n8_evalfix,tpsa,stable_random_assignment_conloss,corrected_p8,toxcast,0.6796473479610399,0.017961449527745487,5
p8_tpsa_stable_random_last,p8_tpsa_stable_random_last_n8_evalfix,tpsa,stable_random_assignment,corrected_p8,bace,0.8519519306991041,0.035414042062063465,5
p8_tpsa_stable_random_last,p8_tpsa_stable_random_last_n8_evalfix,tpsa,stable_random_assignment,corrected_p8,bbbp,0.937548556628577,0.02551678494806033,5
p8_tpsa_stable_random_last,p8_tpsa_stable_random_last_n8_evalfix,tpsa,stable_random_assignment,corrected_p8,clintox,0.8487465815028588,0.03650830750820818,5
p8_tpsa_stable_random_last,p8_tpsa_stable_random_last_n8_evalfix,tpsa,stable_random_assignment,corrected_p8,hiv,0.7865766159486322,0.03754851245823142,5
p8_tpsa_stable_random_last,p8_tpsa_stable_random_last_n8_evalfix,tpsa,stable_random_assignment,corrected_p8,muv,0.739837078002499,0.040427116969702616,5
p8_tpsa_stable_random_last,p8_tpsa_stable_random_last_n8_evalfix,tpsa,stable_random_assignment,corrected_p8,sider,0.611891564042611,0.01246303454220592,5
p8_tpsa_stable_random_last,p8_tpsa_stable_random_last_n8_evalfix,tpsa,stable_random_assignment,corrected_p8,tox21,0.806257331306804,0.01995138569025808,5
p8_tpsa_stable_random_last,p8_tpsa_stable_random_last_n8_evalfix,tpsa,stable_random_assignment,corrected_p8,toxcast,0.6898890008984615,0.01719312668601789,5
