partition,comparison,left_control,right_control,level,dataset,delta,wins,datasets,ci_low,ci_high
tpsa,fixed_vs_dense,fixed_assignment,dense_base,dataset,bace,-0.014193016348851107,,1,,
tpsa,fixed_vs_dense,fixed_assignment,dense_base,dataset,bbbp,0.009504110376286512,,1,,
tpsa,fixed_vs_dense,fixed_assignment,dense_base,dataset,clintox,-0.024133221679436455,,1,,
tpsa,fixed_vs_dense,fixed_assignment,dense_base,dataset,hiv,-0.023958781040366084,,1,,
tpsa,fixed_vs_dense,fixed_assignment,dense_base,dataset,muv,-0.05937311603784765,,1,,
tpsa,fixed_vs_dense,fixed_assignment,dense_base,dataset,sider,0.0027664825240353076,,1,,
tpsa,fixed_vs_dense,fixed_assignment,dense_base,dataset,tox21,-0.009868757007614914,,1,,
tpsa,fixed_vs_dense,fixed_assignment,dense_base,dataset,toxcast,0.00506756390321903,,1,,
tpsa,fixed_vs_dense,fixed_assignment,dense_base,macro,macro,-0.01427359191382192,3.0,8,-0.033141545448653886,0.001313565672290985
tpsa,fixed_vs_concat,fixed_assignment,descriptor_concatenation,dataset,bace,-0.010888971947727134,,1,,
tpsa,fixed_vs_concat,fixed_assignment,descriptor_concatenation,dataset,bbbp,0.00872392866580789,,1,,
tpsa,fixed_vs_concat,fixed_assignment,descriptor_concatenation,dataset,clintox,-0.050076200883189356,,1,,
tpsa,fixed_vs_concat,fixed_assignment,descriptor_concatenation,dataset,hiv,-0.010268814421779293,,1,,
tpsa,fixed_vs_concat,fixed_assignment,descriptor_concatenation,dataset,muv,-0.033536103716929166,,1,,
tpsa,fixed_vs_concat,fixed_assignment,descriptor_concatenation,dataset,sider,-0.012856731298182744,,1,,
tpsa,fixed_vs_concat,fixed_assignment,descriptor_concatenation,dataset,tox21,-0.0139345478124008,,1,,
tpsa,fixed_vs_concat,fixed_assignment,descriptor_concatenation,dataset,toxcast,0.00741557528647332,,1,,
tpsa,fixed_vs_concat,fixed_assignment,descriptor_concatenation,macro,macro,-0.014427733265990911,2.0,8,-0.030023493578310214,-0.0014753033349615948
tpsa,fixed_vs_auxiliary,fixed_assignment,auxiliary_descriptor_prediction,dataset,bace,-0.003555593025194459,,1,,
tpsa,fixed_vs_auxiliary,fixed_assignment,auxiliary_descriptor_prediction,dataset,bbbp,0.0030324041944498115,,1,,
tpsa,fixed_vs_auxiliary,fixed_assignment,auxiliary_descriptor_prediction,dataset,clintox,-0.04014043908111644,,1,,
tpsa,fixed_vs_auxiliary,fixed_assignment,auxiliary_descriptor_prediction,dataset,hiv,-0.02708813318531762,,1,,
tpsa,fixed_vs_auxiliary,fixed_assignment,auxiliary_descriptor_prediction,dataset,muv,-0.04967926786476775,,1,,
tpsa,fixed_vs_auxiliary,fixed_assignment,auxiliary_descriptor_prediction,dataset,sider,-0.0030925463899103443,,1,,
tpsa,fixed_vs_auxiliary,fixed_assignment,auxiliary_descriptor_prediction,dataset,tox21,-0.010283273635196166,,1,,
tpsa,fixed_vs_auxiliary,fixed_assignment,auxiliary_descriptor_prediction,dataset,toxcast,0.006297493484488559,,1,,
tpsa,fixed_vs_auxiliary,fixed_assignment,auxiliary_descriptor_prediction,macro,macro,-0.01556366943782055,2.0,8,-0.03419770007470824,-0.0009639141407127188
tpsa,fixed_vs_learned_molecule,fixed_assignment,learned_molecule_top1,dataset,bace,0.0007590150880539381,,1,,
tpsa,fixed_vs_learned_molecule,fixed_assignment,learned_molecule_top1,dataset,bbbp,0.01608975927557934,,1,,
tpsa,fixed_vs_learned_molecule,fixed_assignment,learned_molecule_top1,dataset,clintox,-0.01514477873564395,,1,,
tpsa,fixed_vs_learned_molecule,fixed_assignment,learned_molecule_top1,dataset,hiv,-0.009403782864460286,,1,,
tpsa,fixed_vs_learned_molecule,fixed_assignment,learned_molecule_top1,dataset,muv,-0.0042811518853544065,,1,,
tpsa,fixed_vs_learned_molecule,fixed_assignment,learned_molecule_top1,dataset,sider,-0.026160280127198288,,1,,
tpsa,fixed_vs_learned_molecule,fixed_assignment,learned_molecule_top1,dataset,tox21,-0.001052823392773794,,1,,
tpsa,fixed_vs_learned_molecule,fixed_assignment,learned_molecule_top1,dataset,toxcast,0.004309726000958647,,1,,
tpsa,fixed_vs_learned_molecule,fixed_assignment,learned_molecule_top1,macro,macro,-0.00436053958010485,3.0,8,-0.01517769703985807,0.006208284460390292
tpsa,fixed_vs_quantile,fixed_assignment,quantile_assignment,dataset,bace,-0.00699990662821035,,1,,
tpsa,fixed_vs_quantile,fixed_assignment,quantile_assignment,dataset,bbbp,0.008010680738729658,,1,,
tpsa,fixed_vs_quantile,fixed_assignment,quantile_assignment,dataset,clintox,-0.03983132722371139,,1,,
tpsa,fixed_vs_quantile,fixed_assignment,quantile_assignment,dataset,hiv,0.002261717541653341,,1,,
tpsa,fixed_vs_quantile,fixed_assignment,quantile_assignment,dataset,muv,-0.025071409036549898,,1,,
tpsa,fixed_vs_quantile,fixed_assignment,quantile_assignment,dataset,sider,-0.00045572387980874485,,1,,
tpsa,fixed_vs_quantile,fixed_assignment,quantile_assignment,dataset,tox21,-0.003745074713686236,,1,,
tpsa,fixed_vs_quantile,fixed_assignment,quantile_assignment,dataset,toxcast,0.009623153858661037,,1,,
tpsa,fixed_vs_quantile,fixed_assignment,quantile_assignment,macro,macro,-0.007025986167865322,3.0,8,-0.02427002079063715,0.0050965081461627855
tpsa,fixed_vs_stable_random,fixed_assignment,stable_random_assignment,dataset,bace,0.02418370533930363,,1,,
tpsa,fixed_vs_stable_random,fixed_assignment,stable_random_assignment,dataset,bbbp,0.009615701439430491,,1,,
tpsa,fixed_vs_stable_random,fixed_assignment,stable_random_assignment,dataset,clintox,-0.031139981320267206,,1,,
tpsa,fixed_vs_stable_random,fixed_assignment,stable_random_assignment,dataset,hiv,-0.00713379875575002,,1,,
tpsa,fixed_vs_stable_random,fixed_assignment,stable_random_assignment,dataset,muv,-0.00862208964019624,,1,,
tpsa,fixed_vs_stable_random,fixed_assignment,stable_random_assignment,dataset,sider,0.009796595962270649,,1,,
tpsa,fixed_vs_stable_random,fixed_assignment,stable_random_assignment,dataset,tox21,-0.0008952053701517971,,1,,
tpsa,fixed_vs_stable_random,fixed_assignment,stable_random_assignment,dataset,toxcast,0.008584602919125129,,1,,
tpsa,fixed_vs_stable_random,fixed_assignment,stable_random_assignment,macro,macro,0.0005486913217205795,4.0,8,-0.01573045841430628,0.013043845184911845
tpsa,fixed_conloss_vs_fixed,fixed_assignment_conloss,fixed_assignment,dataset,bace,0.010645222794705122,,1,,
tpsa,fixed_conloss_vs_fixed,fixed_assignment_conloss,fixed_assignment,dataset,bbbp,-0.012217249164809929,,1,,
tpsa,fixed_conloss_vs_fixed,fixed_assignment_conloss,fixed_assignment,dataset,clintox,0.02298846588312,,1,,
tpsa,fixed_conloss_vs_fixed,fixed_assignment_conloss,fixed_assignment,dataset,hiv,0.008617923182653775,,1,,
tpsa,fixed_conloss_vs_fixed,fixed_assignment_conloss,fixed_assignment,dataset,muv,0.003217716232977441,,1,,
tpsa,fixed_conloss_vs_fixed,fixed_assignment_conloss,fixed_assignment,dataset,sider,0.007206383875339295,,1,,
tpsa,fixed_conloss_vs_fixed,fixed_assignment_conloss,fixed_assignment,dataset,tox21,0.00606386977912019,,1,,
tpsa,fixed_conloss_vs_fixed,fixed_assignment_conloss,fixed_assignment,dataset,toxcast,-0.00638736875539756,,1,,
tpsa,fixed_conloss_vs_fixed,fixed_assignment_conloss,fixed_assignment,macro,macro,0.005016870478463542,6.0,8,-0.005018625285064687,0.016703771686069388
tpsa,fixed_conloss_vs_random_conloss,fixed_assignment_conloss,stable_random_assignment_conloss,dataset,bace,0.033192886145987366,,1,,
tpsa,fixed_conloss_vs_random_conloss,fixed_assignment_conloss,stable_random_assignment_conloss,dataset,bbbp,-0.0031847928112869405,,1,,
tpsa,fixed_conloss_vs_random_conloss,fixed_assignment_conloss,stable_random_assignment_conloss,dataset,clintox,0.012986436157401849,,1,,
tpsa,fixed_conloss_vs_random_conloss,fixed_assignment_conloss,stable_random_assignment_conloss,dataset,hiv,0.006772761790698412,,1,,
tpsa,fixed_conloss_vs_random_conloss,fixed_assignment_conloss,stable_random_assignment_conloss,dataset,muv,0.021659722331526778,,1,,
tpsa,fixed_conloss_vs_random_conloss,fixed_assignment_conloss,stable_random_assignment_conloss,dataset,sider,0.011889756480890235,,1,,
tpsa,fixed_conloss_vs_random_conloss,fixed_assignment_conloss,stable_random_assignment_conloss,dataset,tox21,0.018683767296641385,,1,,
tpsa,fixed_conloss_vs_random_conloss,fixed_assignment_conloss,stable_random_assignment_conloss,dataset,toxcast,0.012438887101149088,,1,,
tpsa,fixed_conloss_vs_random_conloss,fixed_assignment_conloss,stable_random_assignment_conloss,macro,macro,0.014304928061626022,7.0,8,0.0033394417204465265,0.025378412921494037
logp,fixed_vs_dense,fixed_assignment,dense_base,dataset,bace,-0.019398271297028848,,1,,
logp,fixed_vs_dense,fixed_assignment,dense_base,dataset,bbbp,0.0011700469417460723,,1,,
logp,fixed_vs_dense,fixed_assignment,dense_base,dataset,clintox,0.028407310464060177,,1,,
logp,fixed_vs_dense,fixed_assignment,dense_base,dataset,hiv,-0.025819159612420407,,1,,
logp,fixed_vs_dense,fixed_assignment,dense_base,dataset,muv,-0.06083200967575895,,1,,
logp,fixed_vs_dense,fixed_assignment,dense_base,dataset,sider,0.006008000444064088,,1,,
logp,fixed_vs_dense,fixed_assignment,dense_base,dataset,tox21,-0.015022865265662766,,1,,
logp,fixed_vs_dense,fixed_assignment,dense_base,dataset,toxcast,0.0019656644352153306,,1,,
logp,fixed_vs_dense,fixed_assignment,dense_base,macro,macro,-0.010440160445723162,4.0,8,-0.03131467800492493,0.009370290208147728
logp,fixed_vs_concat,fixed_assignment,descriptor_concatenation,dataset,bace,-0.0058800052040956395,,1,,
logp,fixed_vs_concat,fixed_assignment,descriptor_concatenation,dataset,bbbp,-0.006873920255749066,,1,,
logp,fixed_vs_concat,fixed_assignment,descriptor_concatenation,dataset,clintox,0.00822165955684524,,1,,
logp,fixed_vs_concat,fixed_assignment,descriptor_concatenation,dataset,hiv,-0.019560163990168532,,1,,
logp,fixed_vs_concat,fixed_assignment,descriptor_concatenation,dataset,muv,-0.02409462265814675,,1,,
logp,fixed_vs_concat,fixed_assignment,descriptor_concatenation,dataset,sider,0.0011704881319959393,,1,,
logp,fixed_vs_concat,fixed_assignment,descriptor_concatenation,dataset,tox21,-0.010591168369176196,,1,,
logp,fixed_vs_concat,fixed_assignment,descriptor_concatenation,dataset,toxcast,0.003884947840788899,,1,,
logp,fixed_vs_concat,fixed_assignment,descriptor_concatenation,macro,macro,-0.006715348118463263,3.0,8,-0.018513672351172326,0.004746626018832883
logp,fixed_vs_auxiliary,fixed_assignment,auxiliary_descriptor_prediction,dataset,bace,-0.00960383651127934,,1,,
logp,fixed_vs_auxiliary,fixed_assignment,auxiliary_descriptor_prediction,dataset,bbbp,-0.0004617455420620864,,1,,
logp,fixed_vs_auxiliary,fixed_assignment,auxiliary_descriptor_prediction,dataset,clintox,0.010509760773104726,,1,,
logp,fixed_vs_auxiliary,fixed_assignment,auxiliary_descriptor_prediction,dataset,hiv,-0.01861651444630479,,1,,
logp,fixed_vs_auxiliary,fixed_assignment,auxiliary_descriptor_prediction,dataset,muv,-0.049428533931737496,,1,,
logp,fixed_vs_auxiliary,fixed_assignment,auxiliary_descriptor_prediction,dataset,sider,-0.0019926607084236768,,1,,
logp,fixed_vs_auxiliary,fixed_assignment,auxiliary_descriptor_prediction,dataset,tox21,-0.0149359732228729,,1,,
logp,fixed_vs_auxiliary,fixed_assignment,auxiliary_descriptor_prediction,dataset,toxcast,0.00998027609645955,,1,,
logp,fixed_vs_auxiliary,fixed_assignment,auxiliary_descriptor_prediction,macro,macro,-0.009318653436639502,2.0,8,-0.025220284291463568,0.005904857827538976
logp,fixed_vs_learned_molecule,fixed_assignment,learned_molecule_top1,dataset,bace,-0.0044462398601238014,,1,,
logp,fixed_vs_learned_molecule,fixed_assignment,learned_molecule_top1,dataset,bbbp,0.007755695841038901,,1,,
logp,fixed_vs_learned_molecule,fixed_assignment,learned_molecule_top1,dataset,clintox,0.037395753407852686,,1,,
logp,fixed_vs_learned_molecule,fixed_assignment,learned_molecule_top1,dataset,hiv,-0.011264161436514607,,1,,
logp,fixed_vs_learned_molecule,fixed_assignment,learned_molecule_top1,dataset,muv,-0.0057400455232657025,,1,,
logp,fixed_vs_learned_molecule,fixed_assignment,learned_molecule_top1,dataset,sider,-0.022918762207169506,,1,,
logp,fixed_vs_learned_molecule,fixed_assignment,learned_molecule_top1,dataset,tox21,-0.0062069316508216454,,1,,
logp,fixed_vs_learned_molecule,fixed_assignment,learned_molecule_top1,dataset,toxcast,0.0012078265329549475,,1,,
logp,fixed_vs_learned_molecule,fixed_assignment,learned_molecule_top1,macro,macro,-0.0005271081120060911,3.0,8,-0.015097965876315391,0.015814820737918716
logp,fixed_vs_quantile,fixed_assignment,quantile_assignment,dataset,bace,-0.0022030027046498145,,1,,
logp,fixed_vs_quantile,fixed_assignment,quantile_assignment,dataset,bbbp,-0.00835872794678132,,1,,
logp,fixed_vs_quantile,fixed_assignment,quantile_assignment,dataset,clintox,0.006267619087976994,,1,,
logp,fixed_vs_quantile,fixed_assignment,quantile_assignment,dataset,hiv,-0.015657547194745325,,1,,
logp,fixed_vs_quantile,fixed_assignment,quantile_assignment,dataset,muv,-0.009043086688788903,,1,,
logp,fixed_vs_quantile,fixed_assignment,quantile_assignment,dataset,sider,-0.0013752115020158272,,1,,
logp,fixed_vs_quantile,fixed_assignment,quantile_assignment,dataset,tox21,-0.0126762171789353,,1,,
logp,fixed_vs_quantile,fixed_assignment,quantile_assignment,dataset,toxcast,0.009543322415171395,,1,,
logp,fixed_vs_quantile,fixed_assignment,quantile_assignment,macro,macro,-0.004187856464096013,2.0,8,-0.012772905031703136,0.004622856318345263
logp,fixed_vs_stable_random,fixed_assignment,stable_random_assignment,dataset,bace,0.01005249070463039,,1,,
logp,fixed_vs_stable_random,fixed_assignment,stable_random_assignment,dataset,bbbp,-0.002262616346115509,,1,,
logp,fixed_vs_stable_random,fixed_assignment,stable_random_assignment,dataset,clintox,0.004364567728663627,,1,,
logp,fixed_vs_stable_random,fixed_assignment,stable_random_assignment,dataset,hiv,-0.0067585566816806605,,1,,
logp,fixed_vs_stable_random,fixed_assignment,stable_random_assignment,dataset,muv,-2.4912548079814024e-05,,1,,
logp,fixed_vs_stable_random,fixed_assignment,stable_random_assignment,dataset,sider,0.024088106160217615,,1,,
logp,fixed_vs_stable_random,fixed_assignment,stable_random_assignment,dataset,tox21,-0.009450714686781759,,1,,
logp,fixed_vs_stable_random,fixed_assignment,stable_random_assignment,dataset,toxcast,0.007112727350089299,,1,,
logp,fixed_vs_stable_random,fixed_assignment,stable_random_assignment,macro,macro,0.003390136460117899,4.0,8,-0.008181828794519272,0.01578252218877071
logp,fixed_conloss_vs_fixed,fixed_assignment_conloss,fixed_assignment,dataset,bace,-0.003683877751842912,,1,,
logp,fixed_conloss_vs_fixed,fixed_assignment_conloss,fixed_assignment,dataset,bbbp,-0.007495108490553748,,1,,
logp,fixed_conloss_vs_fixed,fixed_assignment_conloss,fixed_assignment,dataset,clintox,-0.00861350153207121,,1,,
logp,fixed_conloss_vs_fixed,fixed_assignment_conloss,fixed_assignment,dataset,hiv,-0.0025046926991840524,,1,,
logp,fixed_conloss_vs_fixed,fixed_assignment_conloss,fixed_assignment,dataset,muv,0.0420946407361622,,1,,
logp,fixed_conloss_vs_fixed,fixed_assignment_conloss,fixed_assignment,dataset,sider,-0.017224221429032037,,1,,
logp,fixed_conloss_vs_fixed,fixed_assignment_conloss,fixed_assignment,dataset,tox21,0.00965896242092823,,1,,
logp,fixed_conloss_vs_fixed,fixed_assignment_conloss,fixed_assignment,dataset,toxcast,-0.007194428522678842,,1,,
logp,fixed_conloss_vs_fixed,fixed_assignment_conloss,fixed_assignment,macro,macro,0.0006297215914659541,2.0,8,-0.011432458343570396,0.015555476460661154
logp,fixed_conloss_vs_random_conloss,fixed_assignment_conloss,stable_random_assignment_conloss,dataset,bace,0.021107442872487937,,1,,
logp,fixed_conloss_vs_random_conloss,fixed_assignment_conloss,stable_random_assignment_conloss,dataset,bbbp,-0.012629970941001023,,1,,
logp,fixed_conloss_vs_random_conloss,fixed_assignment_conloss,stable_random_assignment_conloss,dataset,clintox,0.027874083268572037,,1,,
logp,fixed_conloss_vs_random_conloss,fixed_assignment_conloss,stable_random_assignment_conloss,dataset,hiv,-0.02387409103638314,,1,,
logp,fixed_conloss_vs_random_conloss,fixed_assignment_conloss,stable_random_assignment_conloss,dataset,muv,0.055583075411561066,,1,,
logp,fixed_conloss_vs_random_conloss,fixed_assignment_conloss,stable_random_assignment_conloss,dataset,sider,0.008742257383460128,,1,,
logp,fixed_conloss_vs_random_conloss,fixed_assignment_conloss,stable_random_assignment_conloss,dataset,tox21,0.007029457099227532,,1,,
logp,fixed_conloss_vs_random_conloss,fixed_assignment_conloss,stable_random_assignment_conloss,dataset,toxcast,0.0013038889150379207,,1,,
logp,fixed_conloss_vs_random_conloss,fixed_assignment_conloss,stable_random_assignment_conloss,macro,macro,0.010642017871620309,6.0,8,-0.006948583504441193,0.030948511588902487
