model,result_exp,source_group,dataset,fold,seed,completion,evaluated_samples,split_samples,unique_samples,duplicate_samples,evaluation_coverage_ok
p3_base_vanilla,p3_base_vanilla_n8aligned_evalfix,corrected_core,bbbp,1,42,complete,203,203,203,0,True
p3_base_vanilla,p3_base_vanilla_n8aligned_evalfix,corrected_core,bbbp,2,43,complete,203,203,203,0,True
p3_base_vanilla,p3_base_vanilla_n8aligned_evalfix,corrected_core,bbbp,3,44,complete,203,203,203,0,True
p3_base_vanilla,p3_base_vanilla_n8aligned_evalfix,corrected_core,bbbp,4,45,complete,203,203,203,0,True
p3_base_vanilla,p3_base_vanilla_n8aligned_evalfix,corrected_core,bbbp,5,46,complete,203,203,203,0,True
p3_base_vanilla,p3_base_vanilla_n8aligned_evalfix,corrected_core,tox21,1,42,complete,782,782,782,0,True
p3_base_vanilla,p3_base_vanilla_n8aligned_evalfix,corrected_core,tox21,2,43,complete,782,782,782,0,True
p3_base_vanilla,p3_base_vanilla_n8aligned_evalfix,corrected_core,tox21,3,44,complete,782,782,782,0,True
p3_base_vanilla,p3_base_vanilla_n8aligned_evalfix,corrected_core,tox21,4,45,complete,782,782,782,0,True
p3_base_vanilla,p3_base_vanilla_n8aligned_evalfix,corrected_core,tox21,5,46,complete,782,782,782,0,True
p3_base_vanilla,p3_base_vanilla_n8aligned_evalfix,corrected_core,toxcast,1,42,complete,857,857,857,0,True
p3_base_vanilla,p3_base_vanilla_n8aligned_evalfix,corrected_core,toxcast,2,43,complete,857,857,857,0,True
p3_base_vanilla,p3_base_vanilla_n8aligned_evalfix,corrected_core,toxcast,3,44,complete,857,857,857,0,True
p3_base_vanilla,p3_base_vanilla_n8aligned_evalfix,corrected_core,toxcast,4,45,complete,857,857,857,0,True
p3_base_vanilla,p3_base_vanilla_n8aligned_evalfix,corrected_core,toxcast,5,46,complete,857,857,857,0,True
p3_base_vanilla,p3_base_vanilla_n8aligned_evalfix,corrected_core,sider,1,42,complete,137,137,137,0,True
p3_base_vanilla,p3_base_vanilla_n8aligned_evalfix,corrected_core,sider,2,43,complete,137,137,137,0,True
p3_base_vanilla,p3_base_vanilla_n8aligned_evalfix,corrected_core,sider,3,44,complete,137,137,137,0,True
p3_base_vanilla,p3_base_vanilla_n8aligned_evalfix,corrected_core,sider,4,45,complete,137,137,137,0,True
p3_base_vanilla,p3_base_vanilla_n8aligned_evalfix,corrected_core,sider,5,46,complete,137,137,137,0,True
p3_base_vanilla,p3_base_vanilla_n8aligned_evalfix,corrected_core,clintox,1,42,complete,146,146,146,0,True
p3_base_vanilla,p3_base_vanilla_n8aligned_evalfix,corrected_core,clintox,2,43,complete,146,146,146,0,True
p3_base_vanilla,p3_base_vanilla_n8aligned_evalfix,corrected_core,clintox,3,44,complete,146,146,146,0,True
p3_base_vanilla,p3_base_vanilla_n8aligned_evalfix,corrected_core,clintox,4,45,complete,146,146,146,0,True
p3_base_vanilla,p3_base_vanilla_n8aligned_evalfix,corrected_core,clintox,5,46,complete,146,146,146,0,True
p3_base_vanilla,p3_base_vanilla_n8aligned_evalfix,corrected_core,bace,1,42,complete,151,151,151,0,True
p3_base_vanilla,p3_base_vanilla_n8aligned_evalfix,corrected_core,bace,2,43,complete,151,151,151,0,True
p3_base_vanilla,p3_base_vanilla_n8aligned_evalfix,corrected_core,bace,3,44,complete,151,151,151,0,True
p3_base_vanilla,p3_base_vanilla_n8aligned_evalfix,corrected_core,bace,4,45,complete,151,151,151,0,True
p3_base_vanilla,p3_base_vanilla_n8aligned_evalfix,corrected_core,bace,5,46,complete,151,151,151,0,True
p3_base_vanilla,p3_base_vanilla_n8aligned_evalfix,corrected_core,hiv,1,42,complete,4112,4112,4112,0,True
p3_base_vanilla,p3_base_vanilla_n8aligned_evalfix,corrected_core,hiv,2,43,complete,4112,4112,4112,0,True
p3_base_vanilla,p3_base_vanilla_n8aligned_evalfix,corrected_core,hiv,3,44,complete,4112,4112,4112,0,True
p3_base_vanilla,p3_base_vanilla_n8aligned_evalfix,corrected_core,hiv,4,45,complete,4112,4112,4112,0,True
p3_base_vanilla,p3_base_vanilla_n8aligned_evalfix,corrected_core,hiv,5,46,complete,4112,4112,4112,0,True
p3_base_vanilla,p3_base_vanilla_n8aligned_evalfix,corrected_core,muv,1,42,complete,9308,9308,9308,0,True
p3_base_vanilla,p3_base_vanilla_n8aligned_evalfix,corrected_core,muv,2,43,complete,9308,9308,9308,0,True
p3_base_vanilla,p3_base_vanilla_n8aligned_evalfix,corrected_core,muv,3,44,complete,9308,9308,9308,0,True
p3_base_vanilla,p3_base_vanilla_n8aligned_evalfix,corrected_core,muv,4,45,complete,9308,9308,9308,0,True
p3_base_vanilla,p3_base_vanilla_n8aligned_evalfix,corrected_core,muv,5,46,complete,9308,9308,9308,0,True
p3_tpsa_mofe_last_ffn,p3_tpsa_mofe_last_ffn_n8aligned_evalfix,corrected_core,bbbp,1,42,complete,203,203,203,0,True
p3_tpsa_mofe_last_ffn,p3_tpsa_mofe_last_ffn_n8aligned_evalfix,corrected_core,bbbp,2,43,complete,203,203,203,0,True
p3_tpsa_mofe_last_ffn,p3_tpsa_mofe_last_ffn_n8aligned_evalfix,corrected_core,bbbp,3,44,complete,203,203,203,0,True
p3_tpsa_mofe_last_ffn,p3_tpsa_mofe_last_ffn_n8aligned_evalfix,corrected_core,bbbp,4,45,complete,203,203,203,0,True
p3_tpsa_mofe_last_ffn,p3_tpsa_mofe_last_ffn_n8aligned_evalfix,corrected_core,bbbp,5,46,complete,203,203,203,0,True
p3_tpsa_mofe_last_ffn,p3_tpsa_mofe_last_ffn_n8aligned_evalfix,corrected_core,tox21,1,42,complete,782,782,782,0,True
p3_tpsa_mofe_last_ffn,p3_tpsa_mofe_last_ffn_n8aligned_evalfix,corrected_core,tox21,2,43,complete,782,782,782,0,True
p3_tpsa_mofe_last_ffn,p3_tpsa_mofe_last_ffn_n8aligned_evalfix,corrected_core,tox21,3,44,complete,782,782,782,0,True
p3_tpsa_mofe_last_ffn,p3_tpsa_mofe_last_ffn_n8aligned_evalfix,corrected_core,tox21,4,45,complete,782,782,782,0,True
p3_tpsa_mofe_last_ffn,p3_tpsa_mofe_last_ffn_n8aligned_evalfix,corrected_core,tox21,5,46,complete,782,782,782,0,True
p3_tpsa_mofe_last_ffn,p3_tpsa_mofe_last_ffn_n8aligned_evalfix,corrected_core,toxcast,1,42,complete,857,857,857,0,True
p3_tpsa_mofe_last_ffn,p3_tpsa_mofe_last_ffn_n8aligned_evalfix,corrected_core,toxcast,2,43,complete,857,857,857,0,True
p3_tpsa_mofe_last_ffn,p3_tpsa_mofe_last_ffn_n8aligned_evalfix,corrected_core,toxcast,3,44,complete,857,857,857,0,True
p3_tpsa_mofe_last_ffn,p3_tpsa_mofe_last_ffn_n8aligned_evalfix,corrected_core,toxcast,4,45,complete,857,857,857,0,True
p3_tpsa_mofe_last_ffn,p3_tpsa_mofe_last_ffn_n8aligned_evalfix,corrected_core,toxcast,5,46,complete,857,857,857,0,True
p3_tpsa_mofe_last_ffn,p3_tpsa_mofe_last_ffn_n8aligned_evalfix,corrected_core,sider,1,42,complete,137,137,137,0,True
p3_tpsa_mofe_last_ffn,p3_tpsa_mofe_last_ffn_n8aligned_evalfix,corrected_core,sider,2,43,complete,137,137,137,0,True
p3_tpsa_mofe_last_ffn,p3_tpsa_mofe_last_ffn_n8aligned_evalfix,corrected_core,sider,3,44,complete,137,137,137,0,True
p3_tpsa_mofe_last_ffn,p3_tpsa_mofe_last_ffn_n8aligned_evalfix,corrected_core,sider,4,45,complete,137,137,137,0,True
p3_tpsa_mofe_last_ffn,p3_tpsa_mofe_last_ffn_n8aligned_evalfix,corrected_core,sider,5,46,complete,137,137,137,0,True
p3_tpsa_mofe_last_ffn,p3_tpsa_mofe_last_ffn_n8aligned_evalfix,corrected_core,clintox,1,42,complete,146,146,146,0,True
p3_tpsa_mofe_last_ffn,p3_tpsa_mofe_last_ffn_n8aligned_evalfix,corrected_core,clintox,2,43,complete,146,146,146,0,True
p3_tpsa_mofe_last_ffn,p3_tpsa_mofe_last_ffn_n8aligned_evalfix,corrected_core,clintox,3,44,complete,146,146,146,0,True
p3_tpsa_mofe_last_ffn,p3_tpsa_mofe_last_ffn_n8aligned_evalfix,corrected_core,clintox,4,45,complete,146,146,146,0,True
p3_tpsa_mofe_last_ffn,p3_tpsa_mofe_last_ffn_n8aligned_evalfix,corrected_core,clintox,5,46,complete,146,146,146,0,True
p3_tpsa_mofe_last_ffn,p3_tpsa_mofe_last_ffn_n8aligned_evalfix,corrected_core,bace,1,42,complete,151,151,151,0,True
p3_tpsa_mofe_last_ffn,p3_tpsa_mofe_last_ffn_n8aligned_evalfix,corrected_core,bace,2,43,complete,151,151,151,0,True
p3_tpsa_mofe_last_ffn,p3_tpsa_mofe_last_ffn_n8aligned_evalfix,corrected_core,bace,3,44,complete,151,151,151,0,True
p3_tpsa_mofe_last_ffn,p3_tpsa_mofe_last_ffn_n8aligned_evalfix,corrected_core,bace,4,45,complete,151,151,151,0,True
p3_tpsa_mofe_last_ffn,p3_tpsa_mofe_last_ffn_n8aligned_evalfix,corrected_core,bace,5,46,complete,151,151,151,0,True
p3_tpsa_mofe_last_ffn,p3_tpsa_mofe_last_ffn_n8aligned_evalfix,corrected_core,hiv,1,42,complete,4112,4112,4112,0,True
p3_tpsa_mofe_last_ffn,p3_tpsa_mofe_last_ffn_n8aligned_evalfix,corrected_core,hiv,2,43,complete,4112,4112,4112,0,True
p3_tpsa_mofe_last_ffn,p3_tpsa_mofe_last_ffn_n8aligned_evalfix,corrected_core,hiv,3,44,complete,4112,4112,4112,0,True
p3_tpsa_mofe_last_ffn,p3_tpsa_mofe_last_ffn_n8aligned_evalfix,corrected_core,hiv,4,45,complete,4112,4112,4112,0,True
p3_tpsa_mofe_last_ffn,p3_tpsa_mofe_last_ffn_n8aligned_evalfix,corrected_core,hiv,5,46,complete,4112,4112,4112,0,True
p3_tpsa_mofe_last_ffn,p3_tpsa_mofe_last_ffn_n8aligned_evalfix,corrected_core,muv,1,42,complete,9308,9308,9308,0,True
p3_tpsa_mofe_last_ffn,p3_tpsa_mofe_last_ffn_n8aligned_evalfix,corrected_core,muv,2,43,complete,9308,9308,9308,0,True
p3_tpsa_mofe_last_ffn,p3_tpsa_mofe_last_ffn_n8aligned_evalfix,corrected_core,muv,3,44,complete,9308,9308,9308,0,True
p3_tpsa_mofe_last_ffn,p3_tpsa_mofe_last_ffn_n8aligned_evalfix,corrected_core,muv,4,45,complete,9308,9308,9308,0,True
p3_tpsa_mofe_last_ffn,p3_tpsa_mofe_last_ffn_n8aligned_evalfix,corrected_core,muv,5,46,complete,9308,9308,9308,0,True
p3_logp_mofe_last_ffn,p3_logp_mofe_last_ffn_n8aligned_evalfix,corrected_core,bbbp,1,42,complete,203,203,203,0,True
p3_logp_mofe_last_ffn,p3_logp_mofe_last_ffn_n8aligned_evalfix,corrected_core,bbbp,2,43,complete,203,203,203,0,True
p3_logp_mofe_last_ffn,p3_logp_mofe_last_ffn_n8aligned_evalfix,corrected_core,bbbp,3,44,complete,203,203,203,0,True
p3_logp_mofe_last_ffn,p3_logp_mofe_last_ffn_n8aligned_evalfix,corrected_core,bbbp,4,45,complete,203,203,203,0,True
p3_logp_mofe_last_ffn,p3_logp_mofe_last_ffn_n8aligned_evalfix,corrected_core,bbbp,5,46,complete,203,203,203,0,True
p3_logp_mofe_last_ffn,p3_logp_mofe_last_ffn_n8aligned_evalfix,corrected_core,tox21,1,42,complete,782,782,782,0,True
p3_logp_mofe_last_ffn,p3_logp_mofe_last_ffn_n8aligned_evalfix,corrected_core,tox21,2,43,complete,782,782,782,0,True
p3_logp_mofe_last_ffn,p3_logp_mofe_last_ffn_n8aligned_evalfix,corrected_core,tox21,3,44,complete,782,782,782,0,True
p3_logp_mofe_last_ffn,p3_logp_mofe_last_ffn_n8aligned_evalfix,corrected_core,tox21,4,45,complete,782,782,782,0,True
p3_logp_mofe_last_ffn,p3_logp_mofe_last_ffn_n8aligned_evalfix,corrected_core,tox21,5,46,complete,782,782,782,0,True
p3_logp_mofe_last_ffn,p3_logp_mofe_last_ffn_n8aligned_evalfix,corrected_core,toxcast,1,42,complete,857,857,857,0,True
p3_logp_mofe_last_ffn,p3_logp_mofe_last_ffn_n8aligned_evalfix,corrected_core,toxcast,2,43,complete,857,857,857,0,True
p3_logp_mofe_last_ffn,p3_logp_mofe_last_ffn_n8aligned_evalfix,corrected_core,toxcast,3,44,complete,857,857,857,0,True
p3_logp_mofe_last_ffn,p3_logp_mofe_last_ffn_n8aligned_evalfix,corrected_core,toxcast,4,45,complete,857,857,857,0,True
p3_logp_mofe_last_ffn,p3_logp_mofe_last_ffn_n8aligned_evalfix,corrected_core,toxcast,5,46,complete,857,857,857,0,True
p3_logp_mofe_last_ffn,p3_logp_mofe_last_ffn_n8aligned_evalfix,corrected_core,sider,1,42,complete,137,137,137,0,True
p3_logp_mofe_last_ffn,p3_logp_mofe_last_ffn_n8aligned_evalfix,corrected_core,sider,2,43,complete,137,137,137,0,True
p3_logp_mofe_last_ffn,p3_logp_mofe_last_ffn_n8aligned_evalfix,corrected_core,sider,3,44,complete,137,137,137,0,True
p3_logp_mofe_last_ffn,p3_logp_mofe_last_ffn_n8aligned_evalfix,corrected_core,sider,4,45,complete,137,137,137,0,True
p3_logp_mofe_last_ffn,p3_logp_mofe_last_ffn_n8aligned_evalfix,corrected_core,sider,5,46,complete,137,137,137,0,True
p3_logp_mofe_last_ffn,p3_logp_mofe_last_ffn_n8aligned_evalfix,corrected_core,clintox,1,42,complete,146,146,146,0,True
p3_logp_mofe_last_ffn,p3_logp_mofe_last_ffn_n8aligned_evalfix,corrected_core,clintox,2,43,complete,146,146,146,0,True
p3_logp_mofe_last_ffn,p3_logp_mofe_last_ffn_n8aligned_evalfix,corrected_core,clintox,3,44,complete,146,146,146,0,True
p3_logp_mofe_last_ffn,p3_logp_mofe_last_ffn_n8aligned_evalfix,corrected_core,clintox,4,45,complete,146,146,146,0,True
p3_logp_mofe_last_ffn,p3_logp_mofe_last_ffn_n8aligned_evalfix,corrected_core,clintox,5,46,complete,146,146,146,0,True
p3_logp_mofe_last_ffn,p3_logp_mofe_last_ffn_n8aligned_evalfix,corrected_core,bace,1,42,complete,151,151,151,0,True
p3_logp_mofe_last_ffn,p3_logp_mofe_last_ffn_n8aligned_evalfix,corrected_core,bace,2,43,complete,151,151,151,0,True
p3_logp_mofe_last_ffn,p3_logp_mofe_last_ffn_n8aligned_evalfix,corrected_core,bace,3,44,complete,151,151,151,0,True
p3_logp_mofe_last_ffn,p3_logp_mofe_last_ffn_n8aligned_evalfix,corrected_core,bace,4,45,complete,151,151,151,0,True
p3_logp_mofe_last_ffn,p3_logp_mofe_last_ffn_n8aligned_evalfix,corrected_core,bace,5,46,complete,151,151,151,0,True
p3_logp_mofe_last_ffn,p3_logp_mofe_last_ffn_n8aligned_evalfix,corrected_core,hiv,1,42,complete,4112,4112,4112,0,True
p3_logp_mofe_last_ffn,p3_logp_mofe_last_ffn_n8aligned_evalfix,corrected_core,hiv,2,43,complete,4112,4112,4112,0,True
p3_logp_mofe_last_ffn,p3_logp_mofe_last_ffn_n8aligned_evalfix,corrected_core,hiv,3,44,complete,4112,4112,4112,0,True
p3_logp_mofe_last_ffn,p3_logp_mofe_last_ffn_n8aligned_evalfix,corrected_core,hiv,4,45,complete,4112,4112,4112,0,True
p3_logp_mofe_last_ffn,p3_logp_mofe_last_ffn_n8aligned_evalfix,corrected_core,hiv,5,46,complete,4112,4112,4112,0,True
p3_logp_mofe_last_ffn,p3_logp_mofe_last_ffn_n8aligned_evalfix,corrected_core,muv,1,42,complete,9308,9308,9308,0,True
p3_logp_mofe_last_ffn,p3_logp_mofe_last_ffn_n8aligned_evalfix,corrected_core,muv,2,43,complete,9308,9308,9308,0,True
p3_logp_mofe_last_ffn,p3_logp_mofe_last_ffn_n8aligned_evalfix,corrected_core,muv,3,44,complete,9308,9308,9308,0,True
p3_logp_mofe_last_ffn,p3_logp_mofe_last_ffn_n8aligned_evalfix,corrected_core,muv,4,45,complete,9308,9308,9308,0,True
p3_logp_mofe_last_ffn,p3_logp_mofe_last_ffn_n8aligned_evalfix,corrected_core,muv,5,46,complete,9308,9308,9308,0,True
p3_tpsa_mofe_last_ffn_conloss,p3_tpsa_mofe_last_ffn_conloss_n8aligned_evalfix,corrected_core,bbbp,1,42,complete,203,203,203,0,True
p3_tpsa_mofe_last_ffn_conloss,p3_tpsa_mofe_last_ffn_conloss_n8aligned_evalfix,corrected_core,bbbp,2,43,complete,203,203,203,0,True
p3_tpsa_mofe_last_ffn_conloss,p3_tpsa_mofe_last_ffn_conloss_n8aligned_evalfix,corrected_core,bbbp,3,44,complete,203,203,203,0,True
p3_tpsa_mofe_last_ffn_conloss,p3_tpsa_mofe_last_ffn_conloss_n8aligned_evalfix,corrected_core,bbbp,4,45,complete,203,203,203,0,True
p3_tpsa_mofe_last_ffn_conloss,p3_tpsa_mofe_last_ffn_conloss_n8aligned_evalfix,corrected_core,bbbp,5,46,complete,203,203,203,0,True
p3_tpsa_mofe_last_ffn_conloss,p3_tpsa_mofe_last_ffn_conloss_n8aligned_evalfix,corrected_core,tox21,1,42,complete,782,782,782,0,True
p3_tpsa_mofe_last_ffn_conloss,p3_tpsa_mofe_last_ffn_conloss_n8aligned_evalfix,corrected_core,tox21,2,43,complete,782,782,782,0,True
p3_tpsa_mofe_last_ffn_conloss,p3_tpsa_mofe_last_ffn_conloss_n8aligned_evalfix,corrected_core,tox21,3,44,complete,782,782,782,0,True
p3_tpsa_mofe_last_ffn_conloss,p3_tpsa_mofe_last_ffn_conloss_n8aligned_evalfix,corrected_core,tox21,4,45,complete,782,782,782,0,True
p3_tpsa_mofe_last_ffn_conloss,p3_tpsa_mofe_last_ffn_conloss_n8aligned_evalfix,corrected_core,tox21,5,46,complete,782,782,782,0,True
p3_tpsa_mofe_last_ffn_conloss,p3_tpsa_mofe_last_ffn_conloss_n8aligned_evalfix,corrected_core,toxcast,1,42,complete,857,857,857,0,True
p3_tpsa_mofe_last_ffn_conloss,p3_tpsa_mofe_last_ffn_conloss_n8aligned_evalfix,corrected_core,toxcast,2,43,complete,857,857,857,0,True
p3_tpsa_mofe_last_ffn_conloss,p3_tpsa_mofe_last_ffn_conloss_n8aligned_evalfix,corrected_core,toxcast,3,44,complete,857,857,857,0,True
p3_tpsa_mofe_last_ffn_conloss,p3_tpsa_mofe_last_ffn_conloss_n8aligned_evalfix,corrected_core,toxcast,4,45,complete,857,857,857,0,True
p3_tpsa_mofe_last_ffn_conloss,p3_tpsa_mofe_last_ffn_conloss_n8aligned_evalfix,corrected_core,toxcast,5,46,complete,857,857,857,0,True
p3_tpsa_mofe_last_ffn_conloss,p3_tpsa_mofe_last_ffn_conloss_n8aligned_evalfix,corrected_core,sider,1,42,complete,137,137,137,0,True
p3_tpsa_mofe_last_ffn_conloss,p3_tpsa_mofe_last_ffn_conloss_n8aligned_evalfix,corrected_core,sider,2,43,complete,137,137,137,0,True
p3_tpsa_mofe_last_ffn_conloss,p3_tpsa_mofe_last_ffn_conloss_n8aligned_evalfix,corrected_core,sider,3,44,complete,137,137,137,0,True
p3_tpsa_mofe_last_ffn_conloss,p3_tpsa_mofe_last_ffn_conloss_n8aligned_evalfix,corrected_core,sider,4,45,complete,137,137,137,0,True
p3_tpsa_mofe_last_ffn_conloss,p3_tpsa_mofe_last_ffn_conloss_n8aligned_evalfix,corrected_core,sider,5,46,complete,137,137,137,0,True
p3_tpsa_mofe_last_ffn_conloss,p3_tpsa_mofe_last_ffn_conloss_n8aligned_evalfix,corrected_core,clintox,1,42,complete,146,146,146,0,True
p3_tpsa_mofe_last_ffn_conloss,p3_tpsa_mofe_last_ffn_conloss_n8aligned_evalfix,corrected_core,clintox,2,43,complete,146,146,146,0,True
p3_tpsa_mofe_last_ffn_conloss,p3_tpsa_mofe_last_ffn_conloss_n8aligned_evalfix,corrected_core,clintox,3,44,complete,146,146,146,0,True
p3_tpsa_mofe_last_ffn_conloss,p3_tpsa_mofe_last_ffn_conloss_n8aligned_evalfix,corrected_core,clintox,4,45,complete,146,146,146,0,True
p3_tpsa_mofe_last_ffn_conloss,p3_tpsa_mofe_last_ffn_conloss_n8aligned_evalfix,corrected_core,clintox,5,46,complete,146,146,146,0,True
p3_tpsa_mofe_last_ffn_conloss,p3_tpsa_mofe_last_ffn_conloss_n8aligned_evalfix,corrected_core,bace,1,42,complete,151,151,151,0,True
p3_tpsa_mofe_last_ffn_conloss,p3_tpsa_mofe_last_ffn_conloss_n8aligned_evalfix,corrected_core,bace,2,43,complete,151,151,151,0,True
p3_tpsa_mofe_last_ffn_conloss,p3_tpsa_mofe_last_ffn_conloss_n8aligned_evalfix,corrected_core,bace,3,44,complete,151,151,151,0,True
p3_tpsa_mofe_last_ffn_conloss,p3_tpsa_mofe_last_ffn_conloss_n8aligned_evalfix,corrected_core,bace,4,45,complete,151,151,151,0,True
p3_tpsa_mofe_last_ffn_conloss,p3_tpsa_mofe_last_ffn_conloss_n8aligned_evalfix,corrected_core,bace,5,46,complete,151,151,151,0,True
p3_tpsa_mofe_last_ffn_conloss,p3_tpsa_mofe_last_ffn_conloss_n8aligned_evalfix,corrected_core,hiv,1,42,complete,4112,4112,4112,0,True
p3_tpsa_mofe_last_ffn_conloss,p3_tpsa_mofe_last_ffn_conloss_n8aligned_evalfix,corrected_core,hiv,2,43,complete,4112,4112,4112,0,True
p3_tpsa_mofe_last_ffn_conloss,p3_tpsa_mofe_last_ffn_conloss_n8aligned_evalfix,corrected_core,hiv,3,44,complete,4112,4112,4112,0,True
p3_tpsa_mofe_last_ffn_conloss,p3_tpsa_mofe_last_ffn_conloss_n8aligned_evalfix,corrected_core,hiv,4,45,complete,4112,4112,4112,0,True
p3_tpsa_mofe_last_ffn_conloss,p3_tpsa_mofe_last_ffn_conloss_n8aligned_evalfix,corrected_core,hiv,5,46,complete,4112,4112,4112,0,True
p3_tpsa_mofe_last_ffn_conloss,p3_tpsa_mofe_last_ffn_conloss_n8aligned_evalfix,corrected_core,muv,1,42,complete,9308,9308,9308,0,True
p3_tpsa_mofe_last_ffn_conloss,p3_tpsa_mofe_last_ffn_conloss_n8aligned_evalfix,corrected_core,muv,2,43,complete,9308,9308,9308,0,True
p3_tpsa_mofe_last_ffn_conloss,p3_tpsa_mofe_last_ffn_conloss_n8aligned_evalfix,corrected_core,muv,3,44,complete,9308,9308,9308,0,True
p3_tpsa_mofe_last_ffn_conloss,p3_tpsa_mofe_last_ffn_conloss_n8aligned_evalfix,corrected_core,muv,4,45,complete,9308,9308,9308,0,True
p3_tpsa_mofe_last_ffn_conloss,p3_tpsa_mofe_last_ffn_conloss_n8aligned_evalfix,corrected_core,muv,5,46,complete,9308,9308,9308,0,True
p3_logp_mofe_last_ffn_conloss,p3_logp_mofe_last_ffn_conloss_n8aligned_evalfix,corrected_core,bbbp,1,42,complete,203,203,203,0,True
p3_logp_mofe_last_ffn_conloss,p3_logp_mofe_last_ffn_conloss_n8aligned_evalfix,corrected_core,bbbp,2,43,complete,203,203,203,0,True
p3_logp_mofe_last_ffn_conloss,p3_logp_mofe_last_ffn_conloss_n8aligned_evalfix,corrected_core,bbbp,3,44,complete,203,203,203,0,True
p3_logp_mofe_last_ffn_conloss,p3_logp_mofe_last_ffn_conloss_n8aligned_evalfix,corrected_core,bbbp,4,45,complete,203,203,203,0,True
p3_logp_mofe_last_ffn_conloss,p3_logp_mofe_last_ffn_conloss_n8aligned_evalfix,corrected_core,bbbp,5,46,complete,203,203,203,0,True
p3_logp_mofe_last_ffn_conloss,p3_logp_mofe_last_ffn_conloss_n8aligned_evalfix,corrected_core,tox21,1,42,complete,782,782,782,0,True
p3_logp_mofe_last_ffn_conloss,p3_logp_mofe_last_ffn_conloss_n8aligned_evalfix,corrected_core,tox21,2,43,complete,782,782,782,0,True
p3_logp_mofe_last_ffn_conloss,p3_logp_mofe_last_ffn_conloss_n8aligned_evalfix,corrected_core,tox21,3,44,complete,782,782,782,0,True
p3_logp_mofe_last_ffn_conloss,p3_logp_mofe_last_ffn_conloss_n8aligned_evalfix,corrected_core,tox21,4,45,complete,782,782,782,0,True
p3_logp_mofe_last_ffn_conloss,p3_logp_mofe_last_ffn_conloss_n8aligned_evalfix,corrected_core,tox21,5,46,complete,782,782,782,0,True
p3_logp_mofe_last_ffn_conloss,p3_logp_mofe_last_ffn_conloss_n8aligned_evalfix,corrected_core,toxcast,1,42,complete,857,857,857,0,True
p3_logp_mofe_last_ffn_conloss,p3_logp_mofe_last_ffn_conloss_n8aligned_evalfix,corrected_core,toxcast,2,43,complete,857,857,857,0,True
p3_logp_mofe_last_ffn_conloss,p3_logp_mofe_last_ffn_conloss_n8aligned_evalfix,corrected_core,toxcast,3,44,complete,857,857,857,0,True
p3_logp_mofe_last_ffn_conloss,p3_logp_mofe_last_ffn_conloss_n8aligned_evalfix,corrected_core,toxcast,4,45,complete,857,857,857,0,True
p3_logp_mofe_last_ffn_conloss,p3_logp_mofe_last_ffn_conloss_n8aligned_evalfix,corrected_core,toxcast,5,46,complete,857,857,857,0,True
p3_logp_mofe_last_ffn_conloss,p3_logp_mofe_last_ffn_conloss_n8aligned_evalfix,corrected_core,sider,1,42,complete,137,137,137,0,True
p3_logp_mofe_last_ffn_conloss,p3_logp_mofe_last_ffn_conloss_n8aligned_evalfix,corrected_core,sider,2,43,complete,137,137,137,0,True
p3_logp_mofe_last_ffn_conloss,p3_logp_mofe_last_ffn_conloss_n8aligned_evalfix,corrected_core,sider,3,44,complete,137,137,137,0,True
p3_logp_mofe_last_ffn_conloss,p3_logp_mofe_last_ffn_conloss_n8aligned_evalfix,corrected_core,sider,4,45,complete,137,137,137,0,True
p3_logp_mofe_last_ffn_conloss,p3_logp_mofe_last_ffn_conloss_n8aligned_evalfix,corrected_core,sider,5,46,complete,137,137,137,0,True
p3_logp_mofe_last_ffn_conloss,p3_logp_mofe_last_ffn_conloss_n8aligned_evalfix,corrected_core,clintox,1,42,complete,146,146,146,0,True
p3_logp_mofe_last_ffn_conloss,p3_logp_mofe_last_ffn_conloss_n8aligned_evalfix,corrected_core,clintox,2,43,complete,146,146,146,0,True
p3_logp_mofe_last_ffn_conloss,p3_logp_mofe_last_ffn_conloss_n8aligned_evalfix,corrected_core,clintox,3,44,complete,146,146,146,0,True
p3_logp_mofe_last_ffn_conloss,p3_logp_mofe_last_ffn_conloss_n8aligned_evalfix,corrected_core,clintox,4,45,complete,146,146,146,0,True
p3_logp_mofe_last_ffn_conloss,p3_logp_mofe_last_ffn_conloss_n8aligned_evalfix,corrected_core,clintox,5,46,complete,146,146,146,0,True
p3_logp_mofe_last_ffn_conloss,p3_logp_mofe_last_ffn_conloss_n8aligned_evalfix,corrected_core,bace,1,42,complete,151,151,151,0,True
p3_logp_mofe_last_ffn_conloss,p3_logp_mofe_last_ffn_conloss_n8aligned_evalfix,corrected_core,bace,2,43,complete,151,151,151,0,True
p3_logp_mofe_last_ffn_conloss,p3_logp_mofe_last_ffn_conloss_n8aligned_evalfix,corrected_core,bace,3,44,complete,151,151,151,0,True
p3_logp_mofe_last_ffn_conloss,p3_logp_mofe_last_ffn_conloss_n8aligned_evalfix,corrected_core,bace,4,45,complete,151,151,151,0,True
p3_logp_mofe_last_ffn_conloss,p3_logp_mofe_last_ffn_conloss_n8aligned_evalfix,corrected_core,bace,5,46,complete,151,151,151,0,True
p3_logp_mofe_last_ffn_conloss,p3_logp_mofe_last_ffn_conloss_n8aligned_evalfix,corrected_core,hiv,1,42,complete,4112,4112,4112,0,True
p3_logp_mofe_last_ffn_conloss,p3_logp_mofe_last_ffn_conloss_n8aligned_evalfix,corrected_core,hiv,2,43,complete,4112,4112,4112,0,True
p3_logp_mofe_last_ffn_conloss,p3_logp_mofe_last_ffn_conloss_n8aligned_evalfix,corrected_core,hiv,3,44,complete,4112,4112,4112,0,True
p3_logp_mofe_last_ffn_conloss,p3_logp_mofe_last_ffn_conloss_n8aligned_evalfix,corrected_core,hiv,4,45,complete,4112,4112,4112,0,True
p3_logp_mofe_last_ffn_conloss,p3_logp_mofe_last_ffn_conloss_n8aligned_evalfix,corrected_core,hiv,5,46,complete,4112,4112,4112,0,True
p3_logp_mofe_last_ffn_conloss,p3_logp_mofe_last_ffn_conloss_n8aligned_evalfix,corrected_core,muv,1,42,complete,9308,9308,9308,0,True
p3_logp_mofe_last_ffn_conloss,p3_logp_mofe_last_ffn_conloss_n8aligned_evalfix,corrected_core,muv,2,43,complete,9308,9308,9308,0,True
p3_logp_mofe_last_ffn_conloss,p3_logp_mofe_last_ffn_conloss_n8aligned_evalfix,corrected_core,muv,3,44,complete,9308,9308,9308,0,True
p3_logp_mofe_last_ffn_conloss,p3_logp_mofe_last_ffn_conloss_n8aligned_evalfix,corrected_core,muv,4,45,complete,9308,9308,9308,0,True
p3_logp_mofe_last_ffn_conloss,p3_logp_mofe_last_ffn_conloss_n8aligned_evalfix,corrected_core,muv,5,46,complete,9308,9308,9308,0,True
p6_tpsa_descriptor_concat_last,p6_tpsa_descriptor_concat_last_n8_evalfix,reused_corrected_p6,bbbp,1,42,complete,203,203,203,0,True
p6_tpsa_descriptor_concat_last,p6_tpsa_descriptor_concat_last_n8_evalfix,reused_corrected_p6,bbbp,2,43,complete,203,203,203,0,True
p6_tpsa_descriptor_concat_last,p6_tpsa_descriptor_concat_last_n8_evalfix,reused_corrected_p6,bbbp,3,44,complete,203,203,203,0,True
p6_tpsa_descriptor_concat_last,p6_tpsa_descriptor_concat_last_n8_evalfix,reused_corrected_p6,bbbp,4,45,complete,203,203,203,0,True
p6_tpsa_descriptor_concat_last,p6_tpsa_descriptor_concat_last_n8_evalfix,reused_corrected_p6,bbbp,5,46,complete,203,203,203,0,True
p6_tpsa_descriptor_concat_last,p6_tpsa_descriptor_concat_last_n8_evalfix,reused_corrected_p6,tox21,1,42,complete,782,782,782,0,True
p6_tpsa_descriptor_concat_last,p6_tpsa_descriptor_concat_last_n8_evalfix,reused_corrected_p6,tox21,2,43,complete,782,782,782,0,True
p6_tpsa_descriptor_concat_last,p6_tpsa_descriptor_concat_last_n8_evalfix,reused_corrected_p6,tox21,3,44,complete,782,782,782,0,True
p6_tpsa_descriptor_concat_last,p6_tpsa_descriptor_concat_last_n8_evalfix,reused_corrected_p6,tox21,4,45,complete,782,782,782,0,True
p6_tpsa_descriptor_concat_last,p6_tpsa_descriptor_concat_last_n8_evalfix,reused_corrected_p6,tox21,5,46,complete,782,782,782,0,True
p6_tpsa_descriptor_concat_last,p6_tpsa_descriptor_concat_last_n8_evalfix,reused_corrected_p6,toxcast,1,42,complete,857,857,857,0,True
p6_tpsa_descriptor_concat_last,p6_tpsa_descriptor_concat_last_n8_evalfix,reused_corrected_p6,toxcast,2,43,complete,857,857,857,0,True
p6_tpsa_descriptor_concat_last,p6_tpsa_descriptor_concat_last_n8_evalfix,reused_corrected_p6,toxcast,3,44,complete,857,857,857,0,True
p6_tpsa_descriptor_concat_last,p6_tpsa_descriptor_concat_last_n8_evalfix,reused_corrected_p6,toxcast,4,45,complete,857,857,857,0,True
p6_tpsa_descriptor_concat_last,p6_tpsa_descriptor_concat_last_n8_evalfix,reused_corrected_p6,toxcast,5,46,complete,857,857,857,0,True
p6_tpsa_descriptor_concat_last,p6_tpsa_descriptor_concat_last_n8_evalfix,reused_corrected_p6,sider,1,42,complete,137,137,137,0,True
p6_tpsa_descriptor_concat_last,p6_tpsa_descriptor_concat_last_n8_evalfix,reused_corrected_p6,sider,2,43,complete,137,137,137,0,True
p6_tpsa_descriptor_concat_last,p6_tpsa_descriptor_concat_last_n8_evalfix,reused_corrected_p6,sider,3,44,complete,137,137,137,0,True
p6_tpsa_descriptor_concat_last,p6_tpsa_descriptor_concat_last_n8_evalfix,reused_corrected_p6,sider,4,45,complete,137,137,137,0,True
p6_tpsa_descriptor_concat_last,p6_tpsa_descriptor_concat_last_n8_evalfix,reused_corrected_p6,sider,5,46,complete,137,137,137,0,True
p6_tpsa_descriptor_concat_last,p6_tpsa_descriptor_concat_last_n8_evalfix,reused_corrected_p6,clintox,1,42,complete,146,146,146,0,True
p6_tpsa_descriptor_concat_last,p6_tpsa_descriptor_concat_last_n8_evalfix,reused_corrected_p6,clintox,2,43,complete,146,146,146,0,True
p6_tpsa_descriptor_concat_last,p6_tpsa_descriptor_concat_last_n8_evalfix,reused_corrected_p6,clintox,3,44,complete,146,146,146,0,True
p6_tpsa_descriptor_concat_last,p6_tpsa_descriptor_concat_last_n8_evalfix,reused_corrected_p6,clintox,4,45,complete,146,146,146,0,True
p6_tpsa_descriptor_concat_last,p6_tpsa_descriptor_concat_last_n8_evalfix,reused_corrected_p6,clintox,5,46,complete,146,146,146,0,True
p6_tpsa_descriptor_concat_last,p6_tpsa_descriptor_concat_last_n8_evalfix,reused_corrected_p6,bace,1,42,complete,151,151,151,0,True
p6_tpsa_descriptor_concat_last,p6_tpsa_descriptor_concat_last_n8_evalfix,reused_corrected_p6,bace,2,43,complete,151,151,151,0,True
p6_tpsa_descriptor_concat_last,p6_tpsa_descriptor_concat_last_n8_evalfix,reused_corrected_p6,bace,3,44,complete,151,151,151,0,True
p6_tpsa_descriptor_concat_last,p6_tpsa_descriptor_concat_last_n8_evalfix,reused_corrected_p6,bace,4,45,complete,151,151,151,0,True
p6_tpsa_descriptor_concat_last,p6_tpsa_descriptor_concat_last_n8_evalfix,reused_corrected_p6,bace,5,46,complete,151,151,151,0,True
p6_tpsa_descriptor_concat_last,p6_tpsa_descriptor_concat_last_n8_evalfix,reused_corrected_p6,hiv,1,42,complete,4112,4112,4112,0,True
p6_tpsa_descriptor_concat_last,p6_tpsa_descriptor_concat_last_n8_evalfix,reused_corrected_p6,hiv,2,43,complete,4112,4112,4112,0,True
p6_tpsa_descriptor_concat_last,p6_tpsa_descriptor_concat_last_n8_evalfix,reused_corrected_p6,hiv,3,44,complete,4112,4112,4112,0,True
p6_tpsa_descriptor_concat_last,p6_tpsa_descriptor_concat_last_n8_evalfix,reused_corrected_p6,hiv,4,45,complete,4112,4112,4112,0,True
p6_tpsa_descriptor_concat_last,p6_tpsa_descriptor_concat_last_n8_evalfix,reused_corrected_p6,hiv,5,46,complete,4112,4112,4112,0,True
p6_tpsa_descriptor_concat_last,p6_tpsa_descriptor_concat_last_n8_evalfix,reused_corrected_p6,muv,1,42,complete,9308,9308,9308,0,True
p6_tpsa_descriptor_concat_last,p6_tpsa_descriptor_concat_last_n8_evalfix,reused_corrected_p6,muv,2,43,complete,9308,9308,9308,0,True
p6_tpsa_descriptor_concat_last,p6_tpsa_descriptor_concat_last_n8_evalfix,reused_corrected_p6,muv,3,44,complete,9308,9308,9308,0,True
p6_tpsa_descriptor_concat_last,p6_tpsa_descriptor_concat_last_n8_evalfix,reused_corrected_p6,muv,4,45,complete,9308,9308,9308,0,True
p6_tpsa_descriptor_concat_last,p6_tpsa_descriptor_concat_last_n8_evalfix,reused_corrected_p6,muv,5,46,complete,9308,9308,9308,0,True
p6_tpsa_descriptor_auxiliary,p6_tpsa_descriptor_auxiliary_n8_evalfix,reused_corrected_p6,bbbp,1,42,complete,203,203,203,0,True
p6_tpsa_descriptor_auxiliary,p6_tpsa_descriptor_auxiliary_n8_evalfix,reused_corrected_p6,bbbp,2,43,complete,203,203,203,0,True
p6_tpsa_descriptor_auxiliary,p6_tpsa_descriptor_auxiliary_n8_evalfix,reused_corrected_p6,bbbp,3,44,complete,203,203,203,0,True
p6_tpsa_descriptor_auxiliary,p6_tpsa_descriptor_auxiliary_n8_evalfix,reused_corrected_p6,bbbp,4,45,complete,203,203,203,0,True
p6_tpsa_descriptor_auxiliary,p6_tpsa_descriptor_auxiliary_n8_evalfix,reused_corrected_p6,bbbp,5,46,complete,203,203,203,0,True
p6_tpsa_descriptor_auxiliary,p6_tpsa_descriptor_auxiliary_n8_evalfix,reused_corrected_p6,tox21,1,42,complete,782,782,782,0,True
p6_tpsa_descriptor_auxiliary,p6_tpsa_descriptor_auxiliary_n8_evalfix,reused_corrected_p6,tox21,2,43,complete,782,782,782,0,True
p6_tpsa_descriptor_auxiliary,p6_tpsa_descriptor_auxiliary_n8_evalfix,reused_corrected_p6,tox21,3,44,complete,782,782,782,0,True
p6_tpsa_descriptor_auxiliary,p6_tpsa_descriptor_auxiliary_n8_evalfix,reused_corrected_p6,tox21,4,45,complete,782,782,782,0,True
p6_tpsa_descriptor_auxiliary,p6_tpsa_descriptor_auxiliary_n8_evalfix,reused_corrected_p6,tox21,5,46,complete,782,782,782,0,True
p6_tpsa_descriptor_auxiliary,p6_tpsa_descriptor_auxiliary_n8_evalfix,reused_corrected_p6,toxcast,1,42,complete,857,857,857,0,True
p6_tpsa_descriptor_auxiliary,p6_tpsa_descriptor_auxiliary_n8_evalfix,reused_corrected_p6,toxcast,2,43,complete,857,857,857,0,True
p6_tpsa_descriptor_auxiliary,p6_tpsa_descriptor_auxiliary_n8_evalfix,reused_corrected_p6,toxcast,3,44,complete,857,857,857,0,True
p6_tpsa_descriptor_auxiliary,p6_tpsa_descriptor_auxiliary_n8_evalfix,reused_corrected_p6,toxcast,4,45,complete,857,857,857,0,True
p6_tpsa_descriptor_auxiliary,p6_tpsa_descriptor_auxiliary_n8_evalfix,reused_corrected_p6,toxcast,5,46,complete,857,857,857,0,True
p6_tpsa_descriptor_auxiliary,p6_tpsa_descriptor_auxiliary_n8_evalfix,reused_corrected_p6,sider,1,42,complete,137,137,137,0,True
p6_tpsa_descriptor_auxiliary,p6_tpsa_descriptor_auxiliary_n8_evalfix,reused_corrected_p6,sider,2,43,complete,137,137,137,0,True
p6_tpsa_descriptor_auxiliary,p6_tpsa_descriptor_auxiliary_n8_evalfix,reused_corrected_p6,sider,3,44,complete,137,137,137,0,True
p6_tpsa_descriptor_auxiliary,p6_tpsa_descriptor_auxiliary_n8_evalfix,reused_corrected_p6,sider,4,45,complete,137,137,137,0,True
p6_tpsa_descriptor_auxiliary,p6_tpsa_descriptor_auxiliary_n8_evalfix,reused_corrected_p6,sider,5,46,complete,137,137,137,0,True
p6_tpsa_descriptor_auxiliary,p6_tpsa_descriptor_auxiliary_n8_evalfix,reused_corrected_p6,clintox,1,42,complete,146,146,146,0,True
p6_tpsa_descriptor_auxiliary,p6_tpsa_descriptor_auxiliary_n8_evalfix,reused_corrected_p6,clintox,2,43,complete,146,146,146,0,True
p6_tpsa_descriptor_auxiliary,p6_tpsa_descriptor_auxiliary_n8_evalfix,reused_corrected_p6,clintox,3,44,complete,146,146,146,0,True
p6_tpsa_descriptor_auxiliary,p6_tpsa_descriptor_auxiliary_n8_evalfix,reused_corrected_p6,clintox,4,45,complete,146,146,146,0,True
p6_tpsa_descriptor_auxiliary,p6_tpsa_descriptor_auxiliary_n8_evalfix,reused_corrected_p6,clintox,5,46,complete,146,146,146,0,True
p6_tpsa_descriptor_auxiliary,p6_tpsa_descriptor_auxiliary_n8_evalfix,reused_corrected_p6,bace,1,42,complete,151,151,151,0,True
p6_tpsa_descriptor_auxiliary,p6_tpsa_descriptor_auxiliary_n8_evalfix,reused_corrected_p6,bace,2,43,complete,151,151,151,0,True
p6_tpsa_descriptor_auxiliary,p6_tpsa_descriptor_auxiliary_n8_evalfix,reused_corrected_p6,bace,3,44,complete,151,151,151,0,True
p6_tpsa_descriptor_auxiliary,p6_tpsa_descriptor_auxiliary_n8_evalfix,reused_corrected_p6,bace,4,45,complete,151,151,151,0,True
p6_tpsa_descriptor_auxiliary,p6_tpsa_descriptor_auxiliary_n8_evalfix,reused_corrected_p6,bace,5,46,complete,151,151,151,0,True
p6_tpsa_descriptor_auxiliary,p6_tpsa_descriptor_auxiliary_n8_evalfix,reused_corrected_p6,hiv,1,42,complete,4112,4112,4112,0,True
p6_tpsa_descriptor_auxiliary,p6_tpsa_descriptor_auxiliary_n8_evalfix,reused_corrected_p6,hiv,2,43,complete,4112,4112,4112,0,True
p6_tpsa_descriptor_auxiliary,p6_tpsa_descriptor_auxiliary_n8_evalfix,reused_corrected_p6,hiv,3,44,complete,4112,4112,4112,0,True
p6_tpsa_descriptor_auxiliary,p6_tpsa_descriptor_auxiliary_n8_evalfix,reused_corrected_p6,hiv,4,45,complete,4112,4112,4112,0,True
p6_tpsa_descriptor_auxiliary,p6_tpsa_descriptor_auxiliary_n8_evalfix,reused_corrected_p6,hiv,5,46,complete,4112,4112,4112,0,True
p6_tpsa_descriptor_auxiliary,p6_tpsa_descriptor_auxiliary_n8_evalfix,reused_corrected_p6,muv,1,42,complete,9308,9308,9308,0,True
p6_tpsa_descriptor_auxiliary,p6_tpsa_descriptor_auxiliary_n8_evalfix,reused_corrected_p6,muv,2,43,complete,9308,9308,9308,0,True
p6_tpsa_descriptor_auxiliary,p6_tpsa_descriptor_auxiliary_n8_evalfix,reused_corrected_p6,muv,3,44,complete,9308,9308,9308,0,True
p6_tpsa_descriptor_auxiliary,p6_tpsa_descriptor_auxiliary_n8_evalfix,reused_corrected_p6,muv,4,45,complete,9308,9308,9308,0,True
p6_tpsa_descriptor_auxiliary,p6_tpsa_descriptor_auxiliary_n8_evalfix,reused_corrected_p6,muv,5,46,complete,9308,9308,9308,0,True
p6_tpsa_quantile_routing_last,p6_tpsa_quantile_routing_last_n8_evalfix,reused_corrected_p6,bbbp,1,42,complete,203,203,203,0,True
p6_tpsa_quantile_routing_last,p6_tpsa_quantile_routing_last_n8_evalfix,reused_corrected_p6,bbbp,2,43,complete,203,203,203,0,True
p6_tpsa_quantile_routing_last,p6_tpsa_quantile_routing_last_n8_evalfix,reused_corrected_p6,bbbp,3,44,complete,203,203,203,0,True
p6_tpsa_quantile_routing_last,p6_tpsa_quantile_routing_last_n8_evalfix,reused_corrected_p6,bbbp,4,45,complete,203,203,203,0,True
p6_tpsa_quantile_routing_last,p6_tpsa_quantile_routing_last_n8_evalfix,reused_corrected_p6,bbbp,5,46,complete,203,203,203,0,True
p6_tpsa_quantile_routing_last,p6_tpsa_quantile_routing_last_n8_evalfix,reused_corrected_p6,tox21,1,42,complete,782,782,782,0,True
p6_tpsa_quantile_routing_last,p6_tpsa_quantile_routing_last_n8_evalfix,reused_corrected_p6,tox21,2,43,complete,782,782,782,0,True
p6_tpsa_quantile_routing_last,p6_tpsa_quantile_routing_last_n8_evalfix,reused_corrected_p6,tox21,3,44,complete,782,782,782,0,True
p6_tpsa_quantile_routing_last,p6_tpsa_quantile_routing_last_n8_evalfix,reused_corrected_p6,tox21,4,45,complete,782,782,782,0,True
p6_tpsa_quantile_routing_last,p6_tpsa_quantile_routing_last_n8_evalfix,reused_corrected_p6,tox21,5,46,complete,782,782,782,0,True
p6_tpsa_quantile_routing_last,p6_tpsa_quantile_routing_last_n8_evalfix,reused_corrected_p6,toxcast,1,42,complete,857,857,857,0,True
p6_tpsa_quantile_routing_last,p6_tpsa_quantile_routing_last_n8_evalfix,reused_corrected_p6,toxcast,2,43,complete,857,857,857,0,True
p6_tpsa_quantile_routing_last,p6_tpsa_quantile_routing_last_n8_evalfix,reused_corrected_p6,toxcast,3,44,complete,857,857,857,0,True
p6_tpsa_quantile_routing_last,p6_tpsa_quantile_routing_last_n8_evalfix,reused_corrected_p6,toxcast,4,45,complete,857,857,857,0,True
p6_tpsa_quantile_routing_last,p6_tpsa_quantile_routing_last_n8_evalfix,reused_corrected_p6,toxcast,5,46,complete,857,857,857,0,True
p6_tpsa_quantile_routing_last,p6_tpsa_quantile_routing_last_n8_evalfix,reused_corrected_p6,sider,1,42,complete,137,137,137,0,True
p6_tpsa_quantile_routing_last,p6_tpsa_quantile_routing_last_n8_evalfix,reused_corrected_p6,sider,2,43,complete,137,137,137,0,True
p6_tpsa_quantile_routing_last,p6_tpsa_quantile_routing_last_n8_evalfix,reused_corrected_p6,sider,3,44,complete,137,137,137,0,True
p6_tpsa_quantile_routing_last,p6_tpsa_quantile_routing_last_n8_evalfix,reused_corrected_p6,sider,4,45,complete,137,137,137,0,True
p6_tpsa_quantile_routing_last,p6_tpsa_quantile_routing_last_n8_evalfix,reused_corrected_p6,sider,5,46,complete,137,137,137,0,True
p6_tpsa_quantile_routing_last,p6_tpsa_quantile_routing_last_n8_evalfix,reused_corrected_p6,clintox,1,42,complete,146,146,146,0,True
p6_tpsa_quantile_routing_last,p6_tpsa_quantile_routing_last_n8_evalfix,reused_corrected_p6,clintox,2,43,complete,146,146,146,0,True
p6_tpsa_quantile_routing_last,p6_tpsa_quantile_routing_last_n8_evalfix,reused_corrected_p6,clintox,3,44,complete,146,146,146,0,True
p6_tpsa_quantile_routing_last,p6_tpsa_quantile_routing_last_n8_evalfix,reused_corrected_p6,clintox,4,45,complete,146,146,146,0,True
p6_tpsa_quantile_routing_last,p6_tpsa_quantile_routing_last_n8_evalfix,reused_corrected_p6,clintox,5,46,complete,146,146,146,0,True
p6_tpsa_quantile_routing_last,p6_tpsa_quantile_routing_last_n8_evalfix,reused_corrected_p6,bace,1,42,complete,151,151,151,0,True
p6_tpsa_quantile_routing_last,p6_tpsa_quantile_routing_last_n8_evalfix,reused_corrected_p6,bace,2,43,complete,151,151,151,0,True
p6_tpsa_quantile_routing_last,p6_tpsa_quantile_routing_last_n8_evalfix,reused_corrected_p6,bace,3,44,complete,151,151,151,0,True
p6_tpsa_quantile_routing_last,p6_tpsa_quantile_routing_last_n8_evalfix,reused_corrected_p6,bace,4,45,complete,151,151,151,0,True
p6_tpsa_quantile_routing_last,p6_tpsa_quantile_routing_last_n8_evalfix,reused_corrected_p6,bace,5,46,complete,151,151,151,0,True
p6_tpsa_quantile_routing_last,p6_tpsa_quantile_routing_last_n8_evalfix,reused_corrected_p6,hiv,1,42,complete,4112,4112,4112,0,True
p6_tpsa_quantile_routing_last,p6_tpsa_quantile_routing_last_n8_evalfix,reused_corrected_p6,hiv,2,43,complete,4112,4112,4112,0,True
p6_tpsa_quantile_routing_last,p6_tpsa_quantile_routing_last_n8_evalfix,reused_corrected_p6,hiv,3,44,complete,4112,4112,4112,0,True
p6_tpsa_quantile_routing_last,p6_tpsa_quantile_routing_last_n8_evalfix,reused_corrected_p6,hiv,4,45,complete,4112,4112,4112,0,True
p6_tpsa_quantile_routing_last,p6_tpsa_quantile_routing_last_n8_evalfix,reused_corrected_p6,hiv,5,46,complete,4112,4112,4112,0,True
p6_tpsa_quantile_routing_last,p6_tpsa_quantile_routing_last_n8_evalfix,reused_corrected_p6,muv,1,42,complete,9308,9308,9308,0,True
p6_tpsa_quantile_routing_last,p6_tpsa_quantile_routing_last_n8_evalfix,reused_corrected_p6,muv,2,43,complete,9308,9308,9308,0,True
p6_tpsa_quantile_routing_last,p6_tpsa_quantile_routing_last_n8_evalfix,reused_corrected_p6,muv,3,44,complete,9308,9308,9308,0,True
p6_tpsa_quantile_routing_last,p6_tpsa_quantile_routing_last_n8_evalfix,reused_corrected_p6,muv,4,45,complete,9308,9308,9308,0,True
p6_tpsa_quantile_routing_last,p6_tpsa_quantile_routing_last_n8_evalfix,reused_corrected_p6,muv,5,46,complete,9308,9308,9308,0,True
p6_logp_quantile_routing_last,p6_logp_quantile_routing_last_n8_evalfix,reused_corrected_p6,bbbp,1,42,complete,203,203,203,0,True
p6_logp_quantile_routing_last,p6_logp_quantile_routing_last_n8_evalfix,reused_corrected_p6,bbbp,2,43,complete,203,203,203,0,True
p6_logp_quantile_routing_last,p6_logp_quantile_routing_last_n8_evalfix,reused_corrected_p6,bbbp,3,44,complete,203,203,203,0,True
p6_logp_quantile_routing_last,p6_logp_quantile_routing_last_n8_evalfix,reused_corrected_p6,bbbp,4,45,complete,203,203,203,0,True
p6_logp_quantile_routing_last,p6_logp_quantile_routing_last_n8_evalfix,reused_corrected_p6,bbbp,5,46,complete,203,203,203,0,True
p6_logp_quantile_routing_last,p6_logp_quantile_routing_last_n8_evalfix,reused_corrected_p6,tox21,1,42,complete,782,782,782,0,True
p6_logp_quantile_routing_last,p6_logp_quantile_routing_last_n8_evalfix,reused_corrected_p6,tox21,2,43,complete,782,782,782,0,True
p6_logp_quantile_routing_last,p6_logp_quantile_routing_last_n8_evalfix,reused_corrected_p6,tox21,3,44,complete,782,782,782,0,True
p6_logp_quantile_routing_last,p6_logp_quantile_routing_last_n8_evalfix,reused_corrected_p6,tox21,4,45,complete,782,782,782,0,True
p6_logp_quantile_routing_last,p6_logp_quantile_routing_last_n8_evalfix,reused_corrected_p6,tox21,5,46,complete,782,782,782,0,True
p6_logp_quantile_routing_last,p6_logp_quantile_routing_last_n8_evalfix,reused_corrected_p6,toxcast,1,42,complete,857,857,857,0,True
p6_logp_quantile_routing_last,p6_logp_quantile_routing_last_n8_evalfix,reused_corrected_p6,toxcast,2,43,complete,857,857,857,0,True
p6_logp_quantile_routing_last,p6_logp_quantile_routing_last_n8_evalfix,reused_corrected_p6,toxcast,3,44,complete,857,857,857,0,True
p6_logp_quantile_routing_last,p6_logp_quantile_routing_last_n8_evalfix,reused_corrected_p6,toxcast,4,45,complete,857,857,857,0,True
p6_logp_quantile_routing_last,p6_logp_quantile_routing_last_n8_evalfix,reused_corrected_p6,toxcast,5,46,complete,857,857,857,0,True
p6_logp_quantile_routing_last,p6_logp_quantile_routing_last_n8_evalfix,reused_corrected_p6,sider,1,42,complete,137,137,137,0,True
p6_logp_quantile_routing_last,p6_logp_quantile_routing_last_n8_evalfix,reused_corrected_p6,sider,2,43,complete,137,137,137,0,True
p6_logp_quantile_routing_last,p6_logp_quantile_routing_last_n8_evalfix,reused_corrected_p6,sider,3,44,complete,137,137,137,0,True
p6_logp_quantile_routing_last,p6_logp_quantile_routing_last_n8_evalfix,reused_corrected_p6,sider,4,45,complete,137,137,137,0,True
p6_logp_quantile_routing_last,p6_logp_quantile_routing_last_n8_evalfix,reused_corrected_p6,sider,5,46,complete,137,137,137,0,True
p6_logp_quantile_routing_last,p6_logp_quantile_routing_last_n8_evalfix,reused_corrected_p6,clintox,1,42,complete,146,146,146,0,True
p6_logp_quantile_routing_last,p6_logp_quantile_routing_last_n8_evalfix,reused_corrected_p6,clintox,2,43,complete,146,146,146,0,True
p6_logp_quantile_routing_last,p6_logp_quantile_routing_last_n8_evalfix,reused_corrected_p6,clintox,3,44,complete,146,146,146,0,True
p6_logp_quantile_routing_last,p6_logp_quantile_routing_last_n8_evalfix,reused_corrected_p6,clintox,4,45,complete,146,146,146,0,True
p6_logp_quantile_routing_last,p6_logp_quantile_routing_last_n8_evalfix,reused_corrected_p6,clintox,5,46,complete,146,146,146,0,True
p6_logp_quantile_routing_last,p6_logp_quantile_routing_last_n8_evalfix,reused_corrected_p6,bace,1,42,complete,151,151,151,0,True
p6_logp_quantile_routing_last,p6_logp_quantile_routing_last_n8_evalfix,reused_corrected_p6,bace,2,43,complete,151,151,151,0,True
p6_logp_quantile_routing_last,p6_logp_quantile_routing_last_n8_evalfix,reused_corrected_p6,bace,3,44,complete,151,151,151,0,True
p6_logp_quantile_routing_last,p6_logp_quantile_routing_last_n8_evalfix,reused_corrected_p6,bace,4,45,complete,151,151,151,0,True
p6_logp_quantile_routing_last,p6_logp_quantile_routing_last_n8_evalfix,reused_corrected_p6,bace,5,46,complete,151,151,151,0,True
p6_logp_quantile_routing_last,p6_logp_quantile_routing_last_n8_evalfix,reused_corrected_p6,hiv,1,42,complete,4112,4112,4112,0,True
p6_logp_quantile_routing_last,p6_logp_quantile_routing_last_n8_evalfix,reused_corrected_p6,hiv,2,43,complete,4112,4112,4112,0,True
p6_logp_quantile_routing_last,p6_logp_quantile_routing_last_n8_evalfix,reused_corrected_p6,hiv,3,44,complete,4112,4112,4112,0,True
p6_logp_quantile_routing_last,p6_logp_quantile_routing_last_n8_evalfix,reused_corrected_p6,hiv,4,45,complete,4112,4112,4112,0,True
p6_logp_quantile_routing_last,p6_logp_quantile_routing_last_n8_evalfix,reused_corrected_p6,hiv,5,46,complete,4112,4112,4112,0,True
p6_logp_quantile_routing_last,p6_logp_quantile_routing_last_n8_evalfix,reused_corrected_p6,muv,1,42,complete,9308,9308,9308,0,True
p6_logp_quantile_routing_last,p6_logp_quantile_routing_last_n8_evalfix,reused_corrected_p6,muv,2,43,complete,9308,9308,9308,0,True
p6_logp_quantile_routing_last,p6_logp_quantile_routing_last_n8_evalfix,reused_corrected_p6,muv,3,44,complete,9308,9308,9308,0,True
p6_logp_quantile_routing_last,p6_logp_quantile_routing_last_n8_evalfix,reused_corrected_p6,muv,4,45,complete,9308,9308,9308,0,True
p6_logp_quantile_routing_last,p6_logp_quantile_routing_last_n8_evalfix,reused_corrected_p6,muv,5,46,complete,9308,9308,9308,0,True
p6_logp_descriptor_concat_last,p6_logp_descriptor_concat_last_n8_evalfix,reused_corrected_p6,bbbp,1,42,complete,203,203,203,0,True
p6_logp_descriptor_concat_last,p6_logp_descriptor_concat_last_n8_evalfix,reused_corrected_p6,bbbp,2,43,complete,203,203,203,0,True
p6_logp_descriptor_concat_last,p6_logp_descriptor_concat_last_n8_evalfix,reused_corrected_p6,bbbp,3,44,complete,203,203,203,0,True
p6_logp_descriptor_concat_last,p6_logp_descriptor_concat_last_n8_evalfix,reused_corrected_p6,bbbp,4,45,complete,203,203,203,0,True
p6_logp_descriptor_concat_last,p6_logp_descriptor_concat_last_n8_evalfix,reused_corrected_p6,bbbp,5,46,complete,203,203,203,0,True
p6_logp_descriptor_concat_last,p6_logp_descriptor_concat_last_n8_evalfix,reused_corrected_p6,tox21,1,42,complete,782,782,782,0,True
p6_logp_descriptor_concat_last,p6_logp_descriptor_concat_last_n8_evalfix,reused_corrected_p6,tox21,2,43,complete,782,782,782,0,True
p6_logp_descriptor_concat_last,p6_logp_descriptor_concat_last_n8_evalfix,reused_corrected_p6,tox21,3,44,complete,782,782,782,0,True
p6_logp_descriptor_concat_last,p6_logp_descriptor_concat_last_n8_evalfix,reused_corrected_p6,tox21,4,45,complete,782,782,782,0,True
p6_logp_descriptor_concat_last,p6_logp_descriptor_concat_last_n8_evalfix,reused_corrected_p6,tox21,5,46,complete,782,782,782,0,True
p6_logp_descriptor_concat_last,p6_logp_descriptor_concat_last_n8_evalfix,reused_corrected_p6,toxcast,1,42,complete,857,857,857,0,True
p6_logp_descriptor_concat_last,p6_logp_descriptor_concat_last_n8_evalfix,reused_corrected_p6,toxcast,2,43,complete,857,857,857,0,True
p6_logp_descriptor_concat_last,p6_logp_descriptor_concat_last_n8_evalfix,reused_corrected_p6,toxcast,3,44,complete,857,857,857,0,True
p6_logp_descriptor_concat_last,p6_logp_descriptor_concat_last_n8_evalfix,reused_corrected_p6,toxcast,4,45,complete,857,857,857,0,True
p6_logp_descriptor_concat_last,p6_logp_descriptor_concat_last_n8_evalfix,reused_corrected_p6,toxcast,5,46,complete,857,857,857,0,True
p6_logp_descriptor_concat_last,p6_logp_descriptor_concat_last_n8_evalfix,reused_corrected_p6,sider,1,42,complete,137,137,137,0,True
p6_logp_descriptor_concat_last,p6_logp_descriptor_concat_last_n8_evalfix,reused_corrected_p6,sider,2,43,complete,137,137,137,0,True
p6_logp_descriptor_concat_last,p6_logp_descriptor_concat_last_n8_evalfix,reused_corrected_p6,sider,3,44,complete,137,137,137,0,True
p6_logp_descriptor_concat_last,p6_logp_descriptor_concat_last_n8_evalfix,reused_corrected_p6,sider,4,45,complete,137,137,137,0,True
p6_logp_descriptor_concat_last,p6_logp_descriptor_concat_last_n8_evalfix,reused_corrected_p6,sider,5,46,complete,137,137,137,0,True
p6_logp_descriptor_concat_last,p6_logp_descriptor_concat_last_n8_evalfix,reused_corrected_p6,clintox,1,42,complete,146,146,146,0,True
p6_logp_descriptor_concat_last,p6_logp_descriptor_concat_last_n8_evalfix,reused_corrected_p6,clintox,2,43,complete,146,146,146,0,True
p6_logp_descriptor_concat_last,p6_logp_descriptor_concat_last_n8_evalfix,reused_corrected_p6,clintox,3,44,complete,146,146,146,0,True
p6_logp_descriptor_concat_last,p6_logp_descriptor_concat_last_n8_evalfix,reused_corrected_p6,clintox,4,45,complete,146,146,146,0,True
p6_logp_descriptor_concat_last,p6_logp_descriptor_concat_last_n8_evalfix,reused_corrected_p6,clintox,5,46,complete,146,146,146,0,True
p6_logp_descriptor_concat_last,p6_logp_descriptor_concat_last_n8_evalfix,reused_corrected_p6,bace,1,42,complete,151,151,151,0,True
p6_logp_descriptor_concat_last,p6_logp_descriptor_concat_last_n8_evalfix,reused_corrected_p6,bace,2,43,complete,151,151,151,0,True
p6_logp_descriptor_concat_last,p6_logp_descriptor_concat_last_n8_evalfix,reused_corrected_p6,bace,3,44,complete,151,151,151,0,True
p6_logp_descriptor_concat_last,p6_logp_descriptor_concat_last_n8_evalfix,reused_corrected_p6,bace,4,45,complete,151,151,151,0,True
p6_logp_descriptor_concat_last,p6_logp_descriptor_concat_last_n8_evalfix,reused_corrected_p6,bace,5,46,complete,151,151,151,0,True
p6_logp_descriptor_concat_last,p6_logp_descriptor_concat_last_n8_evalfix,reused_corrected_p6,hiv,1,42,complete,4112,4112,4112,0,True
p6_logp_descriptor_concat_last,p6_logp_descriptor_concat_last_n8_evalfix,reused_corrected_p6,hiv,2,43,complete,4112,4112,4112,0,True
p6_logp_descriptor_concat_last,p6_logp_descriptor_concat_last_n8_evalfix,reused_corrected_p6,hiv,3,44,complete,4112,4112,4112,0,True
p6_logp_descriptor_concat_last,p6_logp_descriptor_concat_last_n8_evalfix,reused_corrected_p6,hiv,4,45,complete,4112,4112,4112,0,True
p6_logp_descriptor_concat_last,p6_logp_descriptor_concat_last_n8_evalfix,reused_corrected_p6,hiv,5,46,complete,4112,4112,4112,0,True
p6_logp_descriptor_concat_last,p6_logp_descriptor_concat_last_n8_evalfix,reused_corrected_p6,muv,1,42,complete,9308,9308,9308,0,True
p6_logp_descriptor_concat_last,p6_logp_descriptor_concat_last_n8_evalfix,reused_corrected_p6,muv,2,43,complete,9308,9308,9308,0,True
p6_logp_descriptor_concat_last,p6_logp_descriptor_concat_last_n8_evalfix,reused_corrected_p6,muv,3,44,complete,9308,9308,9308,0,True
p6_logp_descriptor_concat_last,p6_logp_descriptor_concat_last_n8_evalfix,reused_corrected_p6,muv,4,45,complete,9308,9308,9308,0,True
p6_logp_descriptor_concat_last,p6_logp_descriptor_concat_last_n8_evalfix,reused_corrected_p6,muv,5,46,complete,9308,9308,9308,0,True
p6_logp_descriptor_auxiliary,p6_logp_descriptor_auxiliary_n8_evalfix,reused_corrected_p6,bbbp,1,42,complete,203,203,203,0,True
p6_logp_descriptor_auxiliary,p6_logp_descriptor_auxiliary_n8_evalfix,reused_corrected_p6,bbbp,2,43,complete,203,203,203,0,True
p6_logp_descriptor_auxiliary,p6_logp_descriptor_auxiliary_n8_evalfix,reused_corrected_p6,bbbp,3,44,complete,203,203,203,0,True
p6_logp_descriptor_auxiliary,p6_logp_descriptor_auxiliary_n8_evalfix,reused_corrected_p6,bbbp,4,45,complete,203,203,203,0,True
p6_logp_descriptor_auxiliary,p6_logp_descriptor_auxiliary_n8_evalfix,reused_corrected_p6,bbbp,5,46,complete,203,203,203,0,True
p6_logp_descriptor_auxiliary,p6_logp_descriptor_auxiliary_n8_evalfix,reused_corrected_p6,tox21,1,42,complete,782,782,782,0,True
p6_logp_descriptor_auxiliary,p6_logp_descriptor_auxiliary_n8_evalfix,reused_corrected_p6,tox21,2,43,complete,782,782,782,0,True
p6_logp_descriptor_auxiliary,p6_logp_descriptor_auxiliary_n8_evalfix,reused_corrected_p6,tox21,3,44,complete,782,782,782,0,True
p6_logp_descriptor_auxiliary,p6_logp_descriptor_auxiliary_n8_evalfix,reused_corrected_p6,tox21,4,45,complete,782,782,782,0,True
p6_logp_descriptor_auxiliary,p6_logp_descriptor_auxiliary_n8_evalfix,reused_corrected_p6,tox21,5,46,complete,782,782,782,0,True
p6_logp_descriptor_auxiliary,p6_logp_descriptor_auxiliary_n8_evalfix,reused_corrected_p6,toxcast,1,42,complete,857,857,857,0,True
p6_logp_descriptor_auxiliary,p6_logp_descriptor_auxiliary_n8_evalfix,reused_corrected_p6,toxcast,2,43,complete,857,857,857,0,True
p6_logp_descriptor_auxiliary,p6_logp_descriptor_auxiliary_n8_evalfix,reused_corrected_p6,toxcast,3,44,complete,857,857,857,0,True
p6_logp_descriptor_auxiliary,p6_logp_descriptor_auxiliary_n8_evalfix,reused_corrected_p6,toxcast,4,45,complete,857,857,857,0,True
p6_logp_descriptor_auxiliary,p6_logp_descriptor_auxiliary_n8_evalfix,reused_corrected_p6,toxcast,5,46,complete,857,857,857,0,True
p6_logp_descriptor_auxiliary,p6_logp_descriptor_auxiliary_n8_evalfix,reused_corrected_p6,sider,1,42,complete,137,137,137,0,True
p6_logp_descriptor_auxiliary,p6_logp_descriptor_auxiliary_n8_evalfix,reused_corrected_p6,sider,2,43,complete,137,137,137,0,True
p6_logp_descriptor_auxiliary,p6_logp_descriptor_auxiliary_n8_evalfix,reused_corrected_p6,sider,3,44,complete,137,137,137,0,True
p6_logp_descriptor_auxiliary,p6_logp_descriptor_auxiliary_n8_evalfix,reused_corrected_p6,sider,4,45,complete,137,137,137,0,True
p6_logp_descriptor_auxiliary,p6_logp_descriptor_auxiliary_n8_evalfix,reused_corrected_p6,sider,5,46,complete,137,137,137,0,True
p6_logp_descriptor_auxiliary,p6_logp_descriptor_auxiliary_n8_evalfix,reused_corrected_p6,clintox,1,42,complete,146,146,146,0,True
p6_logp_descriptor_auxiliary,p6_logp_descriptor_auxiliary_n8_evalfix,reused_corrected_p6,clintox,2,43,complete,146,146,146,0,True
p6_logp_descriptor_auxiliary,p6_logp_descriptor_auxiliary_n8_evalfix,reused_corrected_p6,clintox,3,44,complete,146,146,146,0,True
p6_logp_descriptor_auxiliary,p6_logp_descriptor_auxiliary_n8_evalfix,reused_corrected_p6,clintox,4,45,complete,146,146,146,0,True
p6_logp_descriptor_auxiliary,p6_logp_descriptor_auxiliary_n8_evalfix,reused_corrected_p6,clintox,5,46,complete,146,146,146,0,True
p6_logp_descriptor_auxiliary,p6_logp_descriptor_auxiliary_n8_evalfix,reused_corrected_p6,bace,1,42,complete,151,151,151,0,True
p6_logp_descriptor_auxiliary,p6_logp_descriptor_auxiliary_n8_evalfix,reused_corrected_p6,bace,2,43,complete,151,151,151,0,True
p6_logp_descriptor_auxiliary,p6_logp_descriptor_auxiliary_n8_evalfix,reused_corrected_p6,bace,3,44,complete,151,151,151,0,True
p6_logp_descriptor_auxiliary,p6_logp_descriptor_auxiliary_n8_evalfix,reused_corrected_p6,bace,4,45,complete,151,151,151,0,True
p6_logp_descriptor_auxiliary,p6_logp_descriptor_auxiliary_n8_evalfix,reused_corrected_p6,bace,5,46,complete,151,151,151,0,True
p6_logp_descriptor_auxiliary,p6_logp_descriptor_auxiliary_n8_evalfix,reused_corrected_p6,hiv,1,42,complete,4112,4112,4112,0,True
p6_logp_descriptor_auxiliary,p6_logp_descriptor_auxiliary_n8_evalfix,reused_corrected_p6,hiv,2,43,complete,4112,4112,4112,0,True
p6_logp_descriptor_auxiliary,p6_logp_descriptor_auxiliary_n8_evalfix,reused_corrected_p6,hiv,3,44,complete,4112,4112,4112,0,True
p6_logp_descriptor_auxiliary,p6_logp_descriptor_auxiliary_n8_evalfix,reused_corrected_p6,hiv,4,45,complete,4112,4112,4112,0,True
p6_logp_descriptor_auxiliary,p6_logp_descriptor_auxiliary_n8_evalfix,reused_corrected_p6,hiv,5,46,complete,4112,4112,4112,0,True
p6_logp_descriptor_auxiliary,p6_logp_descriptor_auxiliary_n8_evalfix,reused_corrected_p6,muv,1,42,complete,9308,9308,9308,0,True
p6_logp_descriptor_auxiliary,p6_logp_descriptor_auxiliary_n8_evalfix,reused_corrected_p6,muv,2,43,complete,9308,9308,9308,0,True
p6_logp_descriptor_auxiliary,p6_logp_descriptor_auxiliary_n8_evalfix,reused_corrected_p6,muv,3,44,complete,9308,9308,9308,0,True
p6_logp_descriptor_auxiliary,p6_logp_descriptor_auxiliary_n8_evalfix,reused_corrected_p6,muv,4,45,complete,9308,9308,9308,0,True
p6_logp_descriptor_auxiliary,p6_logp_descriptor_auxiliary_n8_evalfix,reused_corrected_p6,muv,5,46,complete,9308,9308,9308,0,True
p8_tpsa_stable_random_last,p8_tpsa_stable_random_last_n8_evalfix,corrected_p8,bbbp,1,42,complete,203,203,203,0,True
p8_tpsa_stable_random_last,p8_tpsa_stable_random_last_n8_evalfix,corrected_p8,bbbp,2,43,complete,203,203,203,0,True
p8_tpsa_stable_random_last,p8_tpsa_stable_random_last_n8_evalfix,corrected_p8,bbbp,3,44,complete,203,203,203,0,True
p8_tpsa_stable_random_last,p8_tpsa_stable_random_last_n8_evalfix,corrected_p8,bbbp,4,45,complete,203,203,203,0,True
p8_tpsa_stable_random_last,p8_tpsa_stable_random_last_n8_evalfix,corrected_p8,bbbp,5,46,complete,203,203,203,0,True
p8_tpsa_stable_random_last,p8_tpsa_stable_random_last_n8_evalfix,corrected_p8,tox21,1,42,complete,782,782,782,0,True
p8_tpsa_stable_random_last,p8_tpsa_stable_random_last_n8_evalfix,corrected_p8,tox21,2,43,complete,782,782,782,0,True
p8_tpsa_stable_random_last,p8_tpsa_stable_random_last_n8_evalfix,corrected_p8,tox21,3,44,complete,782,782,782,0,True
p8_tpsa_stable_random_last,p8_tpsa_stable_random_last_n8_evalfix,corrected_p8,tox21,4,45,complete,782,782,782,0,True
p8_tpsa_stable_random_last,p8_tpsa_stable_random_last_n8_evalfix,corrected_p8,tox21,5,46,complete,782,782,782,0,True
p8_tpsa_stable_random_last,p8_tpsa_stable_random_last_n8_evalfix,corrected_p8,toxcast,1,42,complete,857,857,857,0,True
p8_tpsa_stable_random_last,p8_tpsa_stable_random_last_n8_evalfix,corrected_p8,toxcast,2,43,complete,857,857,857,0,True
p8_tpsa_stable_random_last,p8_tpsa_stable_random_last_n8_evalfix,corrected_p8,toxcast,3,44,complete,857,857,857,0,True
p8_tpsa_stable_random_last,p8_tpsa_stable_random_last_n8_evalfix,corrected_p8,toxcast,4,45,complete,857,857,857,0,True
p8_tpsa_stable_random_last,p8_tpsa_stable_random_last_n8_evalfix,corrected_p8,toxcast,5,46,complete,857,857,857,0,True
p8_tpsa_stable_random_last,p8_tpsa_stable_random_last_n8_evalfix,corrected_p8,sider,1,42,complete,137,137,137,0,True
p8_tpsa_stable_random_last,p8_tpsa_stable_random_last_n8_evalfix,corrected_p8,sider,2,43,complete,137,137,137,0,True
p8_tpsa_stable_random_last,p8_tpsa_stable_random_last_n8_evalfix,corrected_p8,sider,3,44,complete,137,137,137,0,True
p8_tpsa_stable_random_last,p8_tpsa_stable_random_last_n8_evalfix,corrected_p8,sider,4,45,complete,137,137,137,0,True
p8_tpsa_stable_random_last,p8_tpsa_stable_random_last_n8_evalfix,corrected_p8,sider,5,46,complete,137,137,137,0,True
p8_tpsa_stable_random_last,p8_tpsa_stable_random_last_n8_evalfix,corrected_p8,clintox,1,42,complete,146,146,146,0,True
p8_tpsa_stable_random_last,p8_tpsa_stable_random_last_n8_evalfix,corrected_p8,clintox,2,43,complete,146,146,146,0,True
p8_tpsa_stable_random_last,p8_tpsa_stable_random_last_n8_evalfix,corrected_p8,clintox,3,44,complete,146,146,146,0,True
p8_tpsa_stable_random_last,p8_tpsa_stable_random_last_n8_evalfix,corrected_p8,clintox,4,45,complete,146,146,146,0,True
p8_tpsa_stable_random_last,p8_tpsa_stable_random_last_n8_evalfix,corrected_p8,clintox,5,46,complete,146,146,146,0,True
p8_tpsa_stable_random_last,p8_tpsa_stable_random_last_n8_evalfix,corrected_p8,bace,1,42,complete,151,151,151,0,True
p8_tpsa_stable_random_last,p8_tpsa_stable_random_last_n8_evalfix,corrected_p8,bace,2,43,complete,151,151,151,0,True
p8_tpsa_stable_random_last,p8_tpsa_stable_random_last_n8_evalfix,corrected_p8,bace,3,44,complete,151,151,151,0,True
p8_tpsa_stable_random_last,p8_tpsa_stable_random_last_n8_evalfix,corrected_p8,bace,4,45,complete,151,151,151,0,True
p8_tpsa_stable_random_last,p8_tpsa_stable_random_last_n8_evalfix,corrected_p8,bace,5,46,complete,151,151,151,0,True
p8_tpsa_stable_random_last,p8_tpsa_stable_random_last_n8_evalfix,corrected_p8,hiv,1,42,complete,4112,4112,4112,0,True
p8_tpsa_stable_random_last,p8_tpsa_stable_random_last_n8_evalfix,corrected_p8,hiv,2,43,complete,4112,4112,4112,0,True
p8_tpsa_stable_random_last,p8_tpsa_stable_random_last_n8_evalfix,corrected_p8,hiv,3,44,complete,4112,4112,4112,0,True
p8_tpsa_stable_random_last,p8_tpsa_stable_random_last_n8_evalfix,corrected_p8,hiv,4,45,complete,4112,4112,4112,0,True
p8_tpsa_stable_random_last,p8_tpsa_stable_random_last_n8_evalfix,corrected_p8,hiv,5,46,complete,4112,4112,4112,0,True
p8_tpsa_stable_random_last,p8_tpsa_stable_random_last_n8_evalfix,corrected_p8,muv,1,42,complete,9308,9308,9308,0,True
p8_tpsa_stable_random_last,p8_tpsa_stable_random_last_n8_evalfix,corrected_p8,muv,2,43,complete,9308,9308,9308,0,True
p8_tpsa_stable_random_last,p8_tpsa_stable_random_last_n8_evalfix,corrected_p8,muv,3,44,complete,9308,9308,9308,0,True
p8_tpsa_stable_random_last,p8_tpsa_stable_random_last_n8_evalfix,corrected_p8,muv,4,45,complete,9308,9308,9308,0,True
p8_tpsa_stable_random_last,p8_tpsa_stable_random_last_n8_evalfix,corrected_p8,muv,5,46,complete,9308,9308,9308,0,True
p8_tpsa_stable_random_conloss_last,p8_tpsa_stable_random_conloss_last_n8_evalfix,corrected_p8,bbbp,1,42,complete,203,203,203,0,True
p8_tpsa_stable_random_conloss_last,p8_tpsa_stable_random_conloss_last_n8_evalfix,corrected_p8,bbbp,2,43,complete,203,203,203,0,True
p8_tpsa_stable_random_conloss_last,p8_tpsa_stable_random_conloss_last_n8_evalfix,corrected_p8,bbbp,3,44,complete,203,203,203,0,True
p8_tpsa_stable_random_conloss_last,p8_tpsa_stable_random_conloss_last_n8_evalfix,corrected_p8,bbbp,4,45,complete,203,203,203,0,True
p8_tpsa_stable_random_conloss_last,p8_tpsa_stable_random_conloss_last_n8_evalfix,corrected_p8,bbbp,5,46,complete,203,203,203,0,True
p8_tpsa_stable_random_conloss_last,p8_tpsa_stable_random_conloss_last_n8_evalfix,corrected_p8,tox21,1,42,complete,782,782,782,0,True
p8_tpsa_stable_random_conloss_last,p8_tpsa_stable_random_conloss_last_n8_evalfix,corrected_p8,tox21,2,43,complete,782,782,782,0,True
p8_tpsa_stable_random_conloss_last,p8_tpsa_stable_random_conloss_last_n8_evalfix,corrected_p8,tox21,3,44,complete,782,782,782,0,True
p8_tpsa_stable_random_conloss_last,p8_tpsa_stable_random_conloss_last_n8_evalfix,corrected_p8,tox21,4,45,complete,782,782,782,0,True
p8_tpsa_stable_random_conloss_last,p8_tpsa_stable_random_conloss_last_n8_evalfix,corrected_p8,tox21,5,46,complete,782,782,782,0,True
p8_tpsa_stable_random_conloss_last,p8_tpsa_stable_random_conloss_last_n8_evalfix,corrected_p8,toxcast,1,42,complete,857,857,857,0,True
p8_tpsa_stable_random_conloss_last,p8_tpsa_stable_random_conloss_last_n8_evalfix,corrected_p8,toxcast,2,43,complete,857,857,857,0,True
p8_tpsa_stable_random_conloss_last,p8_tpsa_stable_random_conloss_last_n8_evalfix,corrected_p8,toxcast,3,44,complete,857,857,857,0,True
p8_tpsa_stable_random_conloss_last,p8_tpsa_stable_random_conloss_last_n8_evalfix,corrected_p8,toxcast,4,45,complete,857,857,857,0,True
p8_tpsa_stable_random_conloss_last,p8_tpsa_stable_random_conloss_last_n8_evalfix,corrected_p8,toxcast,5,46,complete,857,857,857,0,True
p8_tpsa_stable_random_conloss_last,p8_tpsa_stable_random_conloss_last_n8_evalfix,corrected_p8,sider,1,42,complete,137,137,137,0,True
p8_tpsa_stable_random_conloss_last,p8_tpsa_stable_random_conloss_last_n8_evalfix,corrected_p8,sider,2,43,complete,137,137,137,0,True
p8_tpsa_stable_random_conloss_last,p8_tpsa_stable_random_conloss_last_n8_evalfix,corrected_p8,sider,3,44,complete,137,137,137,0,True
p8_tpsa_stable_random_conloss_last,p8_tpsa_stable_random_conloss_last_n8_evalfix,corrected_p8,sider,4,45,complete,137,137,137,0,True
p8_tpsa_stable_random_conloss_last,p8_tpsa_stable_random_conloss_last_n8_evalfix,corrected_p8,sider,5,46,complete,137,137,137,0,True
p8_tpsa_stable_random_conloss_last,p8_tpsa_stable_random_conloss_last_n8_evalfix,corrected_p8,clintox,1,42,complete,146,146,146,0,True
p8_tpsa_stable_random_conloss_last,p8_tpsa_stable_random_conloss_last_n8_evalfix,corrected_p8,clintox,2,43,complete,146,146,146,0,True
p8_tpsa_stable_random_conloss_last,p8_tpsa_stable_random_conloss_last_n8_evalfix,corrected_p8,clintox,3,44,complete,146,146,146,0,True
p8_tpsa_stable_random_conloss_last,p8_tpsa_stable_random_conloss_last_n8_evalfix,corrected_p8,clintox,4,45,complete,146,146,146,0,True
p8_tpsa_stable_random_conloss_last,p8_tpsa_stable_random_conloss_last_n8_evalfix,corrected_p8,clintox,5,46,complete,146,146,146,0,True
p8_tpsa_stable_random_conloss_last,p8_tpsa_stable_random_conloss_last_n8_evalfix,corrected_p8,bace,1,42,complete,151,151,151,0,True
p8_tpsa_stable_random_conloss_last,p8_tpsa_stable_random_conloss_last_n8_evalfix,corrected_p8,bace,2,43,complete,151,151,151,0,True
p8_tpsa_stable_random_conloss_last,p8_tpsa_stable_random_conloss_last_n8_evalfix,corrected_p8,bace,3,44,complete,151,151,151,0,True
p8_tpsa_stable_random_conloss_last,p8_tpsa_stable_random_conloss_last_n8_evalfix,corrected_p8,bace,4,45,complete,151,151,151,0,True
p8_tpsa_stable_random_conloss_last,p8_tpsa_stable_random_conloss_last_n8_evalfix,corrected_p8,bace,5,46,complete,151,151,151,0,True
p8_tpsa_stable_random_conloss_last,p8_tpsa_stable_random_conloss_last_n8_evalfix,corrected_p8,hiv,1,42,complete,4112,4112,4112,0,True
p8_tpsa_stable_random_conloss_last,p8_tpsa_stable_random_conloss_last_n8_evalfix,corrected_p8,hiv,2,43,complete,4112,4112,4112,0,True
p8_tpsa_stable_random_conloss_last,p8_tpsa_stable_random_conloss_last_n8_evalfix,corrected_p8,hiv,3,44,complete,4112,4112,4112,0,True
p8_tpsa_stable_random_conloss_last,p8_tpsa_stable_random_conloss_last_n8_evalfix,corrected_p8,hiv,4,45,complete,4112,4112,4112,0,True
p8_tpsa_stable_random_conloss_last,p8_tpsa_stable_random_conloss_last_n8_evalfix,corrected_p8,hiv,5,46,complete,4112,4112,4112,0,True
p8_tpsa_stable_random_conloss_last,p8_tpsa_stable_random_conloss_last_n8_evalfix,corrected_p8,muv,1,42,complete,9308,9308,9308,0,True
p8_tpsa_stable_random_conloss_last,p8_tpsa_stable_random_conloss_last_n8_evalfix,corrected_p8,muv,2,43,complete,9308,9308,9308,0,True
p8_tpsa_stable_random_conloss_last,p8_tpsa_stable_random_conloss_last_n8_evalfix,corrected_p8,muv,3,44,complete,9308,9308,9308,0,True
p8_tpsa_stable_random_conloss_last,p8_tpsa_stable_random_conloss_last_n8_evalfix,corrected_p8,muv,4,45,complete,9308,9308,9308,0,True
p8_tpsa_stable_random_conloss_last,p8_tpsa_stable_random_conloss_last_n8_evalfix,corrected_p8,muv,5,46,complete,9308,9308,9308,0,True
p8_logp_stable_random_last,p8_logp_stable_random_last_n8_evalfix,corrected_p8,bbbp,1,42,complete,203,203,203,0,True
p8_logp_stable_random_last,p8_logp_stable_random_last_n8_evalfix,corrected_p8,bbbp,2,43,complete,203,203,203,0,True
p8_logp_stable_random_last,p8_logp_stable_random_last_n8_evalfix,corrected_p8,bbbp,3,44,complete,203,203,203,0,True
p8_logp_stable_random_last,p8_logp_stable_random_last_n8_evalfix,corrected_p8,bbbp,4,45,complete,203,203,203,0,True
p8_logp_stable_random_last,p8_logp_stable_random_last_n8_evalfix,corrected_p8,bbbp,5,46,complete,203,203,203,0,True
p8_logp_stable_random_last,p8_logp_stable_random_last_n8_evalfix,corrected_p8,tox21,1,42,complete,782,782,782,0,True
p8_logp_stable_random_last,p8_logp_stable_random_last_n8_evalfix,corrected_p8,tox21,2,43,complete,782,782,782,0,True
p8_logp_stable_random_last,p8_logp_stable_random_last_n8_evalfix,corrected_p8,tox21,3,44,complete,782,782,782,0,True
p8_logp_stable_random_last,p8_logp_stable_random_last_n8_evalfix,corrected_p8,tox21,4,45,complete,782,782,782,0,True
p8_logp_stable_random_last,p8_logp_stable_random_last_n8_evalfix,corrected_p8,tox21,5,46,complete,782,782,782,0,True
p8_logp_stable_random_last,p8_logp_stable_random_last_n8_evalfix,corrected_p8,toxcast,1,42,complete,857,857,857,0,True
p8_logp_stable_random_last,p8_logp_stable_random_last_n8_evalfix,corrected_p8,toxcast,2,43,complete,857,857,857,0,True
p8_logp_stable_random_last,p8_logp_stable_random_last_n8_evalfix,corrected_p8,toxcast,3,44,complete,857,857,857,0,True
p8_logp_stable_random_last,p8_logp_stable_random_last_n8_evalfix,corrected_p8,toxcast,4,45,complete,857,857,857,0,True
p8_logp_stable_random_last,p8_logp_stable_random_last_n8_evalfix,corrected_p8,toxcast,5,46,complete,857,857,857,0,True
p8_logp_stable_random_last,p8_logp_stable_random_last_n8_evalfix,corrected_p8,sider,1,42,complete,137,137,137,0,True
p8_logp_stable_random_last,p8_logp_stable_random_last_n8_evalfix,corrected_p8,sider,2,43,complete,137,137,137,0,True
p8_logp_stable_random_last,p8_logp_stable_random_last_n8_evalfix,corrected_p8,sider,3,44,complete,137,137,137,0,True
p8_logp_stable_random_last,p8_logp_stable_random_last_n8_evalfix,corrected_p8,sider,4,45,complete,137,137,137,0,True
p8_logp_stable_random_last,p8_logp_stable_random_last_n8_evalfix,corrected_p8,sider,5,46,complete,137,137,137,0,True
p8_logp_stable_random_last,p8_logp_stable_random_last_n8_evalfix,corrected_p8,clintox,1,42,complete,146,146,146,0,True
p8_logp_stable_random_last,p8_logp_stable_random_last_n8_evalfix,corrected_p8,clintox,2,43,complete,146,146,146,0,True
p8_logp_stable_random_last,p8_logp_stable_random_last_n8_evalfix,corrected_p8,clintox,3,44,complete,146,146,146,0,True
p8_logp_stable_random_last,p8_logp_stable_random_last_n8_evalfix,corrected_p8,clintox,4,45,complete,146,146,146,0,True
p8_logp_stable_random_last,p8_logp_stable_random_last_n8_evalfix,corrected_p8,clintox,5,46,complete,146,146,146,0,True
p8_logp_stable_random_last,p8_logp_stable_random_last_n8_evalfix,corrected_p8,bace,1,42,complete,151,151,151,0,True
p8_logp_stable_random_last,p8_logp_stable_random_last_n8_evalfix,corrected_p8,bace,2,43,complete,151,151,151,0,True
p8_logp_stable_random_last,p8_logp_stable_random_last_n8_evalfix,corrected_p8,bace,3,44,complete,151,151,151,0,True
p8_logp_stable_random_last,p8_logp_stable_random_last_n8_evalfix,corrected_p8,bace,4,45,complete,151,151,151,0,True
p8_logp_stable_random_last,p8_logp_stable_random_last_n8_evalfix,corrected_p8,bace,5,46,complete,151,151,151,0,True
p8_logp_stable_random_last,p8_logp_stable_random_last_n8_evalfix,corrected_p8,hiv,1,42,complete,4112,4112,4112,0,True
p8_logp_stable_random_last,p8_logp_stable_random_last_n8_evalfix,corrected_p8,hiv,2,43,complete,4112,4112,4112,0,True
p8_logp_stable_random_last,p8_logp_stable_random_last_n8_evalfix,corrected_p8,hiv,3,44,complete,4112,4112,4112,0,True
p8_logp_stable_random_last,p8_logp_stable_random_last_n8_evalfix,corrected_p8,hiv,4,45,complete,4112,4112,4112,0,True
p8_logp_stable_random_last,p8_logp_stable_random_last_n8_evalfix,corrected_p8,hiv,5,46,complete,4112,4112,4112,0,True
p8_logp_stable_random_last,p8_logp_stable_random_last_n8_evalfix,corrected_p8,muv,1,42,complete,9308,9308,9308,0,True
p8_logp_stable_random_last,p8_logp_stable_random_last_n8_evalfix,corrected_p8,muv,2,43,complete,9308,9308,9308,0,True
p8_logp_stable_random_last,p8_logp_stable_random_last_n8_evalfix,corrected_p8,muv,3,44,complete,9308,9308,9308,0,True
p8_logp_stable_random_last,p8_logp_stable_random_last_n8_evalfix,corrected_p8,muv,4,45,complete,9308,9308,9308,0,True
p8_logp_stable_random_last,p8_logp_stable_random_last_n8_evalfix,corrected_p8,muv,5,46,complete,9308,9308,9308,0,True
p8_logp_stable_random_conloss_last,p8_logp_stable_random_conloss_last_n8_evalfix,corrected_p8,bbbp,1,42,complete,203,203,203,0,True
p8_logp_stable_random_conloss_last,p8_logp_stable_random_conloss_last_n8_evalfix,corrected_p8,bbbp,2,43,complete,203,203,203,0,True
p8_logp_stable_random_conloss_last,p8_logp_stable_random_conloss_last_n8_evalfix,corrected_p8,bbbp,3,44,complete,203,203,203,0,True
p8_logp_stable_random_conloss_last,p8_logp_stable_random_conloss_last_n8_evalfix,corrected_p8,bbbp,4,45,complete,203,203,203,0,True
p8_logp_stable_random_conloss_last,p8_logp_stable_random_conloss_last_n8_evalfix,corrected_p8,bbbp,5,46,complete,203,203,203,0,True
p8_logp_stable_random_conloss_last,p8_logp_stable_random_conloss_last_n8_evalfix,corrected_p8,tox21,1,42,complete,782,782,782,0,True
p8_logp_stable_random_conloss_last,p8_logp_stable_random_conloss_last_n8_evalfix,corrected_p8,tox21,2,43,complete,782,782,782,0,True
p8_logp_stable_random_conloss_last,p8_logp_stable_random_conloss_last_n8_evalfix,corrected_p8,tox21,3,44,complete,782,782,782,0,True
p8_logp_stable_random_conloss_last,p8_logp_stable_random_conloss_last_n8_evalfix,corrected_p8,tox21,4,45,complete,782,782,782,0,True
p8_logp_stable_random_conloss_last,p8_logp_stable_random_conloss_last_n8_evalfix,corrected_p8,tox21,5,46,complete,782,782,782,0,True
p8_logp_stable_random_conloss_last,p8_logp_stable_random_conloss_last_n8_evalfix,corrected_p8,toxcast,1,42,complete,857,857,857,0,True
p8_logp_stable_random_conloss_last,p8_logp_stable_random_conloss_last_n8_evalfix,corrected_p8,toxcast,2,43,complete,857,857,857,0,True
p8_logp_stable_random_conloss_last,p8_logp_stable_random_conloss_last_n8_evalfix,corrected_p8,toxcast,3,44,complete,857,857,857,0,True
p8_logp_stable_random_conloss_last,p8_logp_stable_random_conloss_last_n8_evalfix,corrected_p8,toxcast,4,45,complete,857,857,857,0,True
p8_logp_stable_random_conloss_last,p8_logp_stable_random_conloss_last_n8_evalfix,corrected_p8,toxcast,5,46,complete,857,857,857,0,True
p8_logp_stable_random_conloss_last,p8_logp_stable_random_conloss_last_n8_evalfix,corrected_p8,sider,1,42,complete,137,137,137,0,True
p8_logp_stable_random_conloss_last,p8_logp_stable_random_conloss_last_n8_evalfix,corrected_p8,sider,2,43,complete,137,137,137,0,True
p8_logp_stable_random_conloss_last,p8_logp_stable_random_conloss_last_n8_evalfix,corrected_p8,sider,3,44,complete,137,137,137,0,True
p8_logp_stable_random_conloss_last,p8_logp_stable_random_conloss_last_n8_evalfix,corrected_p8,sider,4,45,complete,137,137,137,0,True
p8_logp_stable_random_conloss_last,p8_logp_stable_random_conloss_last_n8_evalfix,corrected_p8,sider,5,46,complete,137,137,137,0,True
p8_logp_stable_random_conloss_last,p8_logp_stable_random_conloss_last_n8_evalfix,corrected_p8,clintox,1,42,complete,146,146,146,0,True
p8_logp_stable_random_conloss_last,p8_logp_stable_random_conloss_last_n8_evalfix,corrected_p8,clintox,2,43,complete,146,146,146,0,True
p8_logp_stable_random_conloss_last,p8_logp_stable_random_conloss_last_n8_evalfix,corrected_p8,clintox,3,44,complete,146,146,146,0,True
p8_logp_stable_random_conloss_last,p8_logp_stable_random_conloss_last_n8_evalfix,corrected_p8,clintox,4,45,complete,146,146,146,0,True
p8_logp_stable_random_conloss_last,p8_logp_stable_random_conloss_last_n8_evalfix,corrected_p8,clintox,5,46,complete,146,146,146,0,True
p8_logp_stable_random_conloss_last,p8_logp_stable_random_conloss_last_n8_evalfix,corrected_p8,bace,1,42,complete,151,151,151,0,True
p8_logp_stable_random_conloss_last,p8_logp_stable_random_conloss_last_n8_evalfix,corrected_p8,bace,2,43,complete,151,151,151,0,True
p8_logp_stable_random_conloss_last,p8_logp_stable_random_conloss_last_n8_evalfix,corrected_p8,bace,3,44,complete,151,151,151,0,True
p8_logp_stable_random_conloss_last,p8_logp_stable_random_conloss_last_n8_evalfix,corrected_p8,bace,4,45,complete,151,151,151,0,True
p8_logp_stable_random_conloss_last,p8_logp_stable_random_conloss_last_n8_evalfix,corrected_p8,bace,5,46,complete,151,151,151,0,True
p8_logp_stable_random_conloss_last,p8_logp_stable_random_conloss_last_n8_evalfix,corrected_p8,hiv,1,42,complete,4112,4112,4112,0,True
p8_logp_stable_random_conloss_last,p8_logp_stable_random_conloss_last_n8_evalfix,corrected_p8,hiv,2,43,complete,4112,4112,4112,0,True
p8_logp_stable_random_conloss_last,p8_logp_stable_random_conloss_last_n8_evalfix,corrected_p8,hiv,3,44,complete,4112,4112,4112,0,True
p8_logp_stable_random_conloss_last,p8_logp_stable_random_conloss_last_n8_evalfix,corrected_p8,hiv,4,45,complete,4112,4112,4112,0,True
p8_logp_stable_random_conloss_last,p8_logp_stable_random_conloss_last_n8_evalfix,corrected_p8,hiv,5,46,complete,4112,4112,4112,0,True
p8_logp_stable_random_conloss_last,p8_logp_stable_random_conloss_last_n8_evalfix,corrected_p8,muv,1,42,complete,9308,9308,9308,0,True
p8_logp_stable_random_conloss_last,p8_logp_stable_random_conloss_last_n8_evalfix,corrected_p8,muv,2,43,complete,9308,9308,9308,0,True
p8_logp_stable_random_conloss_last,p8_logp_stable_random_conloss_last_n8_evalfix,corrected_p8,muv,3,44,complete,9308,9308,9308,0,True
p8_logp_stable_random_conloss_last,p8_logp_stable_random_conloss_last_n8_evalfix,corrected_p8,muv,4,45,complete,9308,9308,9308,0,True
p8_logp_stable_random_conloss_last,p8_logp_stable_random_conloss_last_n8_evalfix,corrected_p8,muv,5,46,complete,9308,9308,9308,0,True
p8_learned_molecule_top1_last,p8_learned_molecule_top1_last_n8_evalfix,corrected_p8,bbbp,1,42,complete,203,203,203,0,True
p8_learned_molecule_top1_last,p8_learned_molecule_top1_last_n8_evalfix,corrected_p8,bbbp,2,43,complete,203,203,203,0,True
p8_learned_molecule_top1_last,p8_learned_molecule_top1_last_n8_evalfix,corrected_p8,bbbp,3,44,complete,203,203,203,0,True
p8_learned_molecule_top1_last,p8_learned_molecule_top1_last_n8_evalfix,corrected_p8,bbbp,4,45,complete,203,203,203,0,True
p8_learned_molecule_top1_last,p8_learned_molecule_top1_last_n8_evalfix,corrected_p8,bbbp,5,46,complete,203,203,203,0,True
p8_learned_molecule_top1_last,p8_learned_molecule_top1_last_n8_evalfix,corrected_p8,tox21,1,42,complete,782,782,782,0,True
p8_learned_molecule_top1_last,p8_learned_molecule_top1_last_n8_evalfix,corrected_p8,tox21,2,43,complete,782,782,782,0,True
p8_learned_molecule_top1_last,p8_learned_molecule_top1_last_n8_evalfix,corrected_p8,tox21,3,44,complete,782,782,782,0,True
p8_learned_molecule_top1_last,p8_learned_molecule_top1_last_n8_evalfix,corrected_p8,tox21,4,45,complete,782,782,782,0,True
p8_learned_molecule_top1_last,p8_learned_molecule_top1_last_n8_evalfix,corrected_p8,tox21,5,46,complete,782,782,782,0,True
p8_learned_molecule_top1_last,p8_learned_molecule_top1_last_n8_evalfix,corrected_p8,toxcast,1,42,complete,857,857,857,0,True
p8_learned_molecule_top1_last,p8_learned_molecule_top1_last_n8_evalfix,corrected_p8,toxcast,2,43,complete,857,857,857,0,True
p8_learned_molecule_top1_last,p8_learned_molecule_top1_last_n8_evalfix,corrected_p8,toxcast,3,44,complete,857,857,857,0,True
p8_learned_molecule_top1_last,p8_learned_molecule_top1_last_n8_evalfix,corrected_p8,toxcast,4,45,complete,857,857,857,0,True
p8_learned_molecule_top1_last,p8_learned_molecule_top1_last_n8_evalfix,corrected_p8,toxcast,5,46,complete,857,857,857,0,True
p8_learned_molecule_top1_last,p8_learned_molecule_top1_last_n8_evalfix,corrected_p8,sider,1,42,complete,137,137,137,0,True
p8_learned_molecule_top1_last,p8_learned_molecule_top1_last_n8_evalfix,corrected_p8,sider,2,43,complete,137,137,137,0,True
p8_learned_molecule_top1_last,p8_learned_molecule_top1_last_n8_evalfix,corrected_p8,sider,3,44,complete,137,137,137,0,True
p8_learned_molecule_top1_last,p8_learned_molecule_top1_last_n8_evalfix,corrected_p8,sider,4,45,complete,137,137,137,0,True
p8_learned_molecule_top1_last,p8_learned_molecule_top1_last_n8_evalfix,corrected_p8,sider,5,46,complete,137,137,137,0,True
p8_learned_molecule_top1_last,p8_learned_molecule_top1_last_n8_evalfix,corrected_p8,clintox,1,42,complete,146,146,146,0,True
p8_learned_molecule_top1_last,p8_learned_molecule_top1_last_n8_evalfix,corrected_p8,clintox,2,43,complete,146,146,146,0,True
p8_learned_molecule_top1_last,p8_learned_molecule_top1_last_n8_evalfix,corrected_p8,clintox,3,44,complete,146,146,146,0,True
p8_learned_molecule_top1_last,p8_learned_molecule_top1_last_n8_evalfix,corrected_p8,clintox,4,45,complete,146,146,146,0,True
p8_learned_molecule_top1_last,p8_learned_molecule_top1_last_n8_evalfix,corrected_p8,clintox,5,46,complete,146,146,146,0,True
p8_learned_molecule_top1_last,p8_learned_molecule_top1_last_n8_evalfix,corrected_p8,bace,1,42,complete,151,151,151,0,True
p8_learned_molecule_top1_last,p8_learned_molecule_top1_last_n8_evalfix,corrected_p8,bace,2,43,complete,151,151,151,0,True
p8_learned_molecule_top1_last,p8_learned_molecule_top1_last_n8_evalfix,corrected_p8,bace,3,44,complete,151,151,151,0,True
p8_learned_molecule_top1_last,p8_learned_molecule_top1_last_n8_evalfix,corrected_p8,bace,4,45,complete,151,151,151,0,True
p8_learned_molecule_top1_last,p8_learned_molecule_top1_last_n8_evalfix,corrected_p8,bace,5,46,complete,151,151,151,0,True
p8_learned_molecule_top1_last,p8_learned_molecule_top1_last_n8_evalfix,corrected_p8,hiv,1,42,complete,4112,4112,4112,0,True
p8_learned_molecule_top1_last,p8_learned_molecule_top1_last_n8_evalfix,corrected_p8,hiv,2,43,complete,4112,4112,4112,0,True
p8_learned_molecule_top1_last,p8_learned_molecule_top1_last_n8_evalfix,corrected_p8,hiv,3,44,complete,4112,4112,4112,0,True
p8_learned_molecule_top1_last,p8_learned_molecule_top1_last_n8_evalfix,corrected_p8,hiv,4,45,complete,4112,4112,4112,0,True
p8_learned_molecule_top1_last,p8_learned_molecule_top1_last_n8_evalfix,corrected_p8,hiv,5,46,complete,4112,4112,4112,0,True
p8_learned_molecule_top1_last,p8_learned_molecule_top1_last_n8_evalfix,corrected_p8,muv,1,42,complete,9308,9308,9308,0,True
p8_learned_molecule_top1_last,p8_learned_molecule_top1_last_n8_evalfix,corrected_p8,muv,2,43,complete,9308,9308,9308,0,True
p8_learned_molecule_top1_last,p8_learned_molecule_top1_last_n8_evalfix,corrected_p8,muv,3,44,complete,9308,9308,9308,0,True
p8_learned_molecule_top1_last,p8_learned_molecule_top1_last_n8_evalfix,corrected_p8,muv,4,45,complete,9308,9308,9308,0,True
p8_learned_molecule_top1_last,p8_learned_molecule_top1_last_n8_evalfix,corrected_p8,muv,5,46,complete,9308,9308,9308,0,True
