family,dataset,mean_roc_auc,sd_roc_auc,folds
ecfp4,bace,0.8705252881537788,0.04192891027919907,5
ecfp4,bbbp,0.8819326755921189,0.0769096287078323,5
ecfp4,clintox,0.7963935850762185,0.04918249486619087,5
ecfp4,hiv,0.7813975373492108,0.03158725101670159,5
ecfp4,muv,0.7779981540138035,0.045380432329885846,5
ecfp4,sider,0.6506702185222233,0.029321173290137264,5
ecfp4,tox21,0.7641306932108579,0.026955860452738806,5
ecfp4,toxcast,0.6220905036869435,0.008954443001593336,5
ecfp4_logp,bace,0.8625464204705029,0.056515076196539095,5
ecfp4_logp,bbbp,0.8802454134941199,0.07738473509609349,5
ecfp4_logp,clintox,0.80177074260355,0.048709059515676695,5
ecfp4_logp,hiv,0.7818435533765358,0.03057204871224281,5
ecfp4_logp,muv,0.7801645025043031,0.048603564271819034,5
ecfp4_logp,sider,0.6520309179652721,0.026497633625568465,5
ecfp4_logp,tox21,0.7765747868577237,0.02485981952686697,5
ecfp4_logp,toxcast,0.6483618471141421,0.012350997474027464,5
ecfp4_tpsa,bace,0.8733144244758446,0.0395344717544953,5
ecfp4_tpsa,bbbp,0.90607173127893,0.052231573420342264,5
ecfp4_tpsa,clintox,0.7948514655649579,0.04869980270872541,5
ecfp4_tpsa,hiv,0.7845085101925063,0.026804020066662486,5
ecfp4_tpsa,muv,0.7812446934061003,0.04609660940185718,5
ecfp4_tpsa,sider,0.6401313232787362,0.026132145215554316,5
ecfp4_tpsa,tox21,0.7668083830103127,0.025111500258897187,5
ecfp4_tpsa,toxcast,0.6230715478495716,0.011522047414141864,5
logp,bace,0.39585886913603596,0.07461959690070219,5
logp,bbbp,0.733330799786365,0.05924875141594506,5
logp,clintox,0.5955379368963161,0.0695051097407555,5
logp,hiv,0.5524329515430193,0.043492339288424525,5
logp,muv,0.5427964465351782,0.02780259668755883,5
logp,sider,0.48894317171151747,0.030027092229894067,5
logp,tox21,0.6692027819902389,0.026451483077358215,5
logp,toxcast,0.6366985769561045,0.017631646920619845,5
tpsa,bace,0.6296126566214293,0.09292223521608647,5
tpsa,bbbp,0.8802739652206129,0.02675925963908628,5
tpsa,clintox,0.5991174455746064,0.09215439346155355,5
tpsa,hiv,0.6623033847112643,0.03310281788447723,5
tpsa,muv,0.4825049567329233,0.018986732901100246,5
tpsa,sider,0.5481851376330505,0.030734484856312982,5
tpsa,tox21,0.5029633744703846,0.008903527429738343,5
tpsa,toxcast,0.538915211966373,0.012072428448098305,5
