family,dataset,fold,seed,selected_C,roc_auc,valid_endpoints,evaluated_samples,split_samples,evaluation_coverage_ok
tpsa,bbbp,1,42,0.01,0.8619925671812465,1,203,203,True
logp,bbbp,1,42,0.01,0.6826758147512864,1,203,203,True
ecfp4,bbbp,1,42,10.0,0.862921669525443,1,203,203,True
ecfp4_tpsa,bbbp,1,42,1.0,0.8896512292738709,1,203,203,True
ecfp4_logp,bbbp,1,42,100.0,0.8547741566609491,1,203,203,True
tpsa,bbbp,2,43,0.01,0.9254747197437656,1,203,203,True
logp,bbbp,2,43,0.01,0.7903225806451613,1,203,203,True
ecfp4,bbbp,2,43,0.1,0.9482955845344314,1,203,203,True
ecfp4_tpsa,bbbp,2,43,0.1,0.9585907115076642,1,203,203,True
ecfp4_logp,bbbp,2,43,0.1,0.9480668039350264,1,203,203,True
tpsa,bbbp,3,44,0.01,0.867104440275172,1,203,203,True
logp,bbbp,3,44,0.01,0.7902595372107568,1,203,203,True
ecfp4,bbbp,3,44,0.1,0.9048624140087554,1,203,203,True
ecfp4_tpsa,bbbp,3,44,0.1,0.9245622263914948,1,203,203,True
ecfp4_logp,bbbp,3,44,0.1,0.9062695434646656,1,203,203,True
tpsa,bbbp,4,45,0.01,0.8629360465116279,1,203,203,True
logp,bbbp,4,45,0.01,0.7403343023255814,1,203,203,True
ecfp4,bbbp,4,45,0.1,0.7576308139534884,1,203,203,True
ecfp4_tpsa,bbbp,4,45,0.1,0.8237645348837209,1,203,203,True
ecfp4_logp,bbbp,4,45,0.1,0.7574854651162791,1,203,203,True
tpsa,bbbp,5,46,0.01,0.8838620523912522,1,203,203,True
logp,bbbp,5,46,0.01,0.6630617639990386,1,203,203,True
ecfp4,bbbp,5,46,0.1,0.9359528959384764,1,203,203,True
ecfp4_tpsa,bbbp,5,46,0.1,0.9337899543378996,1,203,203,True
ecfp4_logp,bbbp,5,46,0.1,0.9346310982936794,1,203,203,True
tpsa,tox21,1,42,0.01,0.4982361762776956,12,782,782,True
logp,tox21,1,42,0.01,0.6752896996285863,12,782,782,True
ecfp4,tox21,1,42,0.1,0.7370895757139406,12,782,782,True
ecfp4_tpsa,tox21,1,42,0.1,0.7406223402283835,12,782,782,True
ecfp4_logp,tox21,1,42,0.1,0.7541809115288393,12,782,782,True
tpsa,tox21,2,43,0.01,0.5180192225670277,12,782,782,True
logp,tox21,2,43,0.01,0.6936099387465658,12,782,782,True
ecfp4,tox21,2,43,0.1,0.7774292994350106,12,782,782,True
ecfp4_tpsa,tox21,2,43,0.1,0.7794228648319331,12,782,782,True
ecfp4_logp,tox21,2,43,0.1,0.7945808303095375,12,782,782,True
tpsa,tox21,3,44,1.0,0.4961272777232821,12,782,782,True
logp,tox21,3,44,0.01,0.6924637708155018,12,782,782,True
ecfp4,tox21,3,44,0.1,0.73882974097276,12,782,782,True
ecfp4_tpsa,tox21,3,44,0.1,0.7432984715930041,12,782,782,True
ecfp4_logp,tox21,3,44,0.1,0.7551838723384853,12,782,782,True
tpsa,tox21,4,45,0.01,0.4984571109722619,12,782,782,True
logp,tox21,4,45,0.01,0.651814374383158,12,782,782,True
ecfp4,tox21,4,45,0.1,0.800916035283752,12,782,782,True
ecfp4_tpsa,tox21,4,45,0.1,0.8001356343583748,12,782,782,True
ecfp4_logp,tox21,4,45,0.1,0.8101583156045759,12,782,782,True
tpsa,tox21,5,46,0.01,0.5039770848116558,12,782,782,True
logp,tox21,5,46,0.01,0.632836126377382,12,782,782,True
ecfp4,tox21,5,46,0.1,0.7663888146488262,12,782,782,True
ecfp4_tpsa,tox21,5,46,0.1,0.7705626040398678,12,782,782,True
ecfp4_logp,tox21,5,46,0.1,0.7687700045071808,12,782,782,True
tpsa,toxcast,1,42,100.0,0.5580122175992428,608,857,857,True
logp,toxcast,1,42,100.0,0.6600347526903679,608,857,857,True
ecfp4,toxcast,1,42,1.0,0.6238526997285617,608,857,857,True
ecfp4_tpsa,toxcast,1,42,1.0,0.62418578905987,608,857,857,True
ecfp4_logp,toxcast,1,42,0.1,0.66269035417658,608,857,857,True
tpsa,toxcast,2,43,10.0,0.5259946392345963,606,857,857,True
logp,toxcast,2,43,100.0,0.6396755170196173,606,857,857,True
ecfp4,toxcast,2,43,1.0,0.616865436020702,606,857,857,True
ecfp4_tpsa,toxcast,2,43,0.1,0.6105342374405293,606,857,857,True
ecfp4_logp,toxcast,2,43,0.1,0.6310001457704733,606,857,857,True
tpsa,toxcast,3,44,10.0,0.541847855420039,610,857,857,True
logp,toxcast,3,44,1.0,0.6113449555700194,610,857,857,True
ecfp4,toxcast,3,44,1.0,0.6170678609673749,610,857,857,True
ecfp4_tpsa,toxcast,3,44,1.0,0.6200557111456019,610,857,857,True
ecfp4_logp,toxcast,3,44,0.1,0.6483474869019265,610,857,857,True
tpsa,toxcast,4,45,10.0,0.5351510082226602,614,857,857,True
logp,toxcast,4,45,10.0,0.631381775360475,614,857,857,True
ecfp4,toxcast,4,45,0.1,0.6370358917070613,614,857,857,True
ecfp4_tpsa,toxcast,4,45,0.1,0.6416767012147985,614,857,857,True
ecfp4_logp,toxcast,4,45,0.1,0.6569144850728758,614,857,857,True
tpsa,toxcast,5,46,10.0,0.5335703393553268,611,857,857,True
logp,toxcast,5,46,10.0,0.6410558841400432,611,857,857,True
ecfp4,toxcast,5,46,0.1,0.6156306300110176,611,857,857,True
ecfp4_tpsa,toxcast,5,46,0.1,0.6189053003870583,611,857,857,True
ecfp4_logp,toxcast,5,46,0.1,0.6428567636488549,611,857,857,True
tpsa,sider,1,42,0.01,0.5190339858142634,27,137,137,True
logp,sider,1,42,0.01,0.5251591919034662,27,137,137,True
ecfp4,sider,1,42,0.01,0.6035244029273152,27,137,137,True
ecfp4_tpsa,sider,1,42,0.01,0.5983715360654425,27,137,137,True
ecfp4_logp,sider,1,42,0.01,0.6106630127205999,27,137,137,True
tpsa,sider,2,43,0.01,0.5970793519208377,27,137,137,True
logp,sider,2,43,0.01,0.4414977856507238,27,137,137,True
ecfp4,sider,2,43,0.1,0.6782469427839476,27,137,137,True
ecfp4_tpsa,sider,2,43,0.01,0.6365901532875993,27,137,137,True
ecfp4_logp,sider,2,43,0.1,0.6787451000190404,27,137,137,True
tpsa,sider,3,44,0.01,0.5570752423997243,27,137,137,True
logp,sider,3,44,0.01,0.4917784385198302,27,137,137,True
ecfp4,sider,3,44,0.1,0.6711725303401083,27,137,137,True
ecfp4_tpsa,sider,3,44,0.1,0.6685487740451016,27,137,137,True
ecfp4_logp,sider,3,44,0.1,0.6701864687522084,27,137,137,True
tpsa,sider,4,45,0.01,0.5388201849896613,27,137,137,True
logp,sider,4,45,0.01,0.4936745931794521,27,137,137,True
ecfp4,sider,4,45,0.01,0.6543833764080383,27,137,137,True
ecfp4_tpsa,sider,4,45,0.01,0.6521127402092444,27,137,137,True
ecfp4_logp,sider,4,45,0.01,0.655168348531771,27,137,137,True
tpsa,sider,5,46,0.01,0.5289169230407657,27,137,137,True
logp,sider,5,46,0.01,0.4926058493041147,27,137,137,True
ecfp4,sider,5,46,0.1,0.6460238401517069,27,137,137,True
ecfp4_tpsa,sider,5,46,0.1,0.6450334127862938,27,137,137,True
ecfp4_logp,sider,5,46,0.1,0.645391659802741,27,137,137,True
tpsa,clintox,1,42,0.01,0.4484860248447205,2,146,146,True
logp,clintox,1,42,0.01,0.588476966873706,2,146,146,True
ecfp4,clintox,1,42,100.0,0.7356689958592132,2,146,146,True
ecfp4_tpsa,clintox,1,42,100.0,0.7358113354037267,2,146,146,True
ecfp4_logp,clintox,1,42,100.0,0.733883281573499,2,146,146,True
tpsa,clintox,2,43,0.01,0.675280969030969,2,146,146,True
logp,clintox,2,43,0.01,0.5985493672993674,2,146,146,True
ecfp4,clintox,2,43,0.1,0.8705471611721611,2,146,146,True
ecfp4_tpsa,clintox,2,43,0.1,0.8688041125541126,2,146,146,True
ecfp4_logp,clintox,2,43,0.1,0.8706678737928738,2,146,146,True
tpsa,clintox,3,44,0.01,0.670618594706186,2,146,146,True
logp,clintox,3,44,0.01,0.4974821204748212,2,146,146,True
ecfp4,clintox,3,44,1.0,0.8051279215512792,2,146,146,True
ecfp4_tpsa,clintox,3,44,1.0,0.8069490525694906,2,146,146,True
ecfp4_logp,clintox,3,44,1.0,0.7979122121457888,2,146,146,True
tpsa,clintox,4,45,0.01,0.587143357101134,2,146,146,True
logp,clintox,4,45,0.01,0.6936927385915996,2,146,146,True
ecfp4,clintox,4,45,1.0,0.7944647245265863,2,146,146,True
ecfp4_tpsa,clintox,4,45,1.0,0.784573463653393,2,146,146,True
ecfp4_logp,clintox,4,45,1.0,0.8108050874891016,2,146,146,True
tpsa,clintox,5,46,0.01,0.6140582821900231,2,146,146,True
logp,clintox,5,46,0.01,0.5994884912420864,2,146,146,True
ecfp4,clintox,5,46,0.1,0.7761591222718525,2,146,146,True
ecfp4_tpsa,clintox,5,46,0.1,0.7781193636440669,2,146,146,True
ecfp4_logp,clintox,5,46,0.1,0.7955852580164868,2,146,146,True
tpsa,bace,1,42,0.01,0.7578649699540474,1,151,151,True
logp,bace,1,42,0.01,0.3573700954400848,1,151,151,True
ecfp4,bace,1,42,1.0,0.8677094379639448,1,151,151,True
ecfp4_tpsa,bace,1,42,0.01,0.8685931424531637,1,151,151,True
ecfp4_logp,bace,1,42,0.1,0.8751325556733829,1,151,151,True
tpsa,bace,2,43,0.01,0.6056729699666297,1,151,151,True
logp,bace,2,43,0.01,0.4483685576566555,1,151,151,True
ecfp4,bace,2,43,1.0,0.8252688172043011,1,151,151,True
ecfp4_tpsa,bace,2,43,1.0,0.8401001112347052,1,151,151,True
ecfp4_logp,bace,2,43,1.0,0.7887467556544309,1,151,151,True
tpsa,bace,3,44,0.01,0.4990350877192982,1,151,151,True
logp,bace,3,44,0.01,0.2835964912280701,1,151,151,True
ecfp4,bace,3,44,0.1,0.9249122807017544,1,151,151,True
ecfp4_tpsa,bace,3,44,0.1,0.926315789473684,1,151,151,True
ecfp4_logp,bace,3,44,0.1,0.9264912280701754,1,151,151,True
tpsa,bace,4,45,0.01,0.6505225830533781,1,151,151,True
logp,bace,4,45,0.01,0.4275849197461739,1,151,151,True
ecfp4,bace,4,45,0.1,0.835759611795446,1,151,151,True
ecfp4_tpsa,bace,4,45,0.1,0.8325867861142217,1,151,151,True
ecfp4_logp,bace,4,45,0.1,0.8219484882418813,1,151,151,True
tpsa,bace,5,46,0.01,0.6349676724137931,1,151,151,True
logp,bace,5,46,0.01,0.4623742816091954,1,151,151,True
ecfp4,bace,5,46,100.0,0.8989762931034482,1,151,151,True
ecfp4_tpsa,bace,5,46,100.0,0.8989762931034483,1,151,151,True
ecfp4_logp,bace,5,46,100.0,0.9004130747126436,1,151,151,True
tpsa,hiv,1,42,0.01,0.6115248476151024,1,4112,4112,True
logp,hiv,1,42,0.01,0.5887503328796307,1,4112,4112,True
ecfp4,hiv,1,42,0.1,0.735495694756776,1,4112,4112,True
ecfp4_tpsa,hiv,1,42,0.1,0.7486555361581252,1,4112,4112,True
ecfp4_logp,hiv,1,42,0.1,0.7375003698662564,1,4112,4112,True
tpsa,hiv,2,43,0.01,0.6794527229219272,1,4112,4112,True
logp,hiv,2,43,0.01,0.5980851398930036,1,4112,4112,True
ecfp4,hiv,2,43,0.1,0.8168029101402741,1,4112,4112,True
ecfp4_tpsa,hiv,2,43,0.1,0.816950246152752,1,4112,4112,True
ecfp4_logp,hiv,2,43,0.1,0.8176471285565983,1,4112,4112,True
tpsa,hiv,3,44,0.01,0.6851102793913235,1,4112,4112,True
logp,hiv,3,44,0.01,0.4912847447193367,1,4112,4112,True
ecfp4,hiv,3,44,0.1,0.8047008408865077,1,4112,4112,True
ecfp4_tpsa,hiv,3,44,0.1,0.8035385257571562,1,4112,4112,True
ecfp4_logp,hiv,3,44,0.1,0.8021154978629985,1,4112,4112,True
tpsa,hiv,4,45,0.01,0.6893005391972025,1,4112,4112,True
logp,hiv,4,45,0.01,0.5522053945176579,1,4112,4112,True
ecfp4,hiv,4,45,0.1,0.7733438658959758,1,4112,4112,True
ecfp4_tpsa,hiv,4,45,0.1,0.7716096524095227,1,4112,4112,True
ecfp4_logp,hiv,4,45,0.1,0.7736740028670208,1,4112,4112,True
tpsa,hiv,5,46,0.01,0.6461285344307659,1,4112,4112,True
logp,hiv,5,46,0.01,0.5318391457054671,1,4112,4112,True
ecfp4,hiv,5,46,0.1,0.77664437506652,1,4112,4112,True
ecfp4_tpsa,hiv,5,46,0.1,0.7817885904849754,1,4112,4112,True
ecfp4_logp,hiv,5,46,0.1,0.7782807677298045,1,4112,4112,True
tpsa,muv,1,42,1.0,0.4619026871263363,16,9308,9308,True
logp,muv,1,42,10.0,0.526221163684419,16,9308,9308,True
ecfp4,muv,1,42,1.0,0.7415720847426756,16,9308,9308,True
ecfp4_tpsa,muv,1,42,1.0,0.7424615263263779,16,9308,9308,True
ecfp4_logp,muv,1,42,1.0,0.7447850209863198,16,9308,9308,True
tpsa,muv,2,43,0.1,0.5050315653014774,17,9308,9308,True
logp,muv,2,43,100.0,0.5808526540943685,17,9308,9308,True
ecfp4,muv,2,43,1.0,0.8198736142900057,17,9308,9308,True
ecfp4_tpsa,muv,2,43,1.0,0.8316935738126157,17,9308,9308,True
ecfp4_logp,muv,2,43,1.0,0.829342102466623,17,9308,9308,True
tpsa,muv,3,44,0.01,0.4897371826319279,16,9308,9308,True
logp,muv,3,44,1.0,0.5306954572612139,16,9308,9308,True
ecfp4,muv,3,44,100.0,0.812993846818578,16,9308,9308,True
ecfp4_tpsa,muv,3,44,100.0,0.8140415267893564,16,9308,9308,True
ecfp4_logp,muv,3,44,100.0,0.8193316076259143,16,9308,9308,True
tpsa,muv,4,45,1.0,0.4635069644057941,17,9308,9308,True
logp,muv,4,45,1.0,0.513832036917796,17,9308,9308,True
ecfp4,muv,4,45,1.0,0.7972377518178556,17,9308,9308,True
ecfp4_tpsa,muv,4,45,1.0,0.7935552403595386,17,9308,9308,True
ecfp4_logp,muv,4,45,1.0,0.7913804464752393,17,9308,9308,True
tpsa,muv,5,46,1.0,0.492346384199081,17,9308,9308,True
logp,muv,5,46,10.0,0.5623809207180936,17,9308,9308,True
ecfp4,muv,5,46,100.0,0.7183134723999023,17,9308,9308,True
ecfp4_tpsa,muv,5,46,100.0,0.7244715997426128,17,9308,9308,True
ecfp4_logp,muv,5,46,100.0,0.7159833349674192,17,9308,9308,True
