partition,scope,interaction,ci95_low,ci95_high,complete_datasets
TPSA,bbbp,-0.0031673918,,,1
TPSA,tox21,-0.0067946775,,,1
TPSA,toxcast,-0.0049198100,,,1
TPSA,sider,-0.0081542765,,,1
TPSA,clintox,0.0087140769,,,1
TPSA,bace,-0.0393092985,,,1
TPSA,hiv,-0.0313757831,,,1
TPSA,muv,-0.0542198374,,,1
TPSA,macro,-0.0174033747,-0.0339503694,-0.0015823947,8
MolLogP,bbbp,0.0035410257,,,1
MolLogP,tox21,-0.0113817607,,,1
MolLogP,toxcast,0.0036985246,,,1
MolLogP,sider,0.0145610943,,,1
MolLogP,clintox,0.0230602011,,,1
MolLogP,bace,-0.0226454199,,,1
MolLogP,hiv,-0.0070205418,,,1
MolLogP,muv,-0.0407107659,,,1
MolLogP,macro,-0.0046122053,-0.0204496255,0.0106051018,8
