model,protocol,partition,role,dataset,folds_found,fold_ids,complete_5fold,auc_mean,auc_sd
p3_base_vanilla_n8aligned,final_n8,none,Base,bbbp,5,"1,2,3,4,5",1,0.9484169716,0.0182373146
p3_base_vanilla_n8aligned,final_n8,none,Base,tox21,5,"1,2,3,4,5",1,0.8156375578,0.0195909659
p3_base_vanilla_n8aligned,final_n8,none,Base,toxcast,5,"1,2,3,4,5",1,0.6956005500,0.0144719353
p3_base_vanilla_n8aligned,final_n8,none,Base,sider,5,"1,2,3,4,5",1,0.6309879222,0.0261372232
p3_base_vanilla_n8aligned,final_n8,none,Base,clintox,5,"1,2,3,4,5",1,0.8509629215,0.0463588152
p3_base_vanilla_n8aligned,final_n8,none,Base,bace,5,"1,2,3,4,5",1,0.8780203195,0.0488334718
p3_base_vanilla_n8aligned,final_n8,none,Base,hiv,5,"1,2,3,4,5",1,0.7964097083,0.0315357993
p3_base_vanilla_n8aligned,final_n8,none,Base,muv,5,"1,2,3,4,5",1,0.7720671953,0.0453335502
p3_tpsa_mofe_last_ffn_n8aligned,final_n8,tpsa,I1,bbbp,5,"1,2,3,4,5",1,0.9445674795,0.0217973496
p3_tpsa_mofe_last_ffn_n8aligned,final_n8,tpsa,I1,tox21,5,"1,2,3,4,5",1,0.8036003104,0.0199775855
p3_tpsa_mofe_last_ffn_n8aligned,final_n8,tpsa,I1,toxcast,5,"1,2,3,4,5",1,0.6924140643,0.0233090657
p3_tpsa_mofe_last_ffn_n8aligned,final_n8,tpsa,I1,sider,5,"1,2,3,4,5",1,0.6234267638,0.0273942409
p3_tpsa_mofe_last_ffn_n8aligned,final_n8,tpsa,I1,clintox,5,"1,2,3,4,5",1,0.8984708276,0.0443599358
p3_tpsa_mofe_last_ffn_n8aligned,final_n8,tpsa,I1,bace,5,"1,2,3,4,5",1,0.8709469158,0.0367777061
p3_tpsa_mofe_last_ffn_n8aligned,final_n8,tpsa,I1,hiv,5,"1,2,3,4,5",1,0.7719480369,0.0229461806
p3_tpsa_mofe_last_ffn_n8aligned,final_n8,tpsa,I1,muv,5,"1,2,3,4,5",1,0.7339890934,0.0525601205
p3_logp_mofe_last_ffn_n8aligned,final_n8,logp,I1,bbbp,5,"1,2,3,4,5",1,0.9296590528,0.0256462420
p3_logp_mofe_last_ffn_n8aligned,final_n8,logp,I1,tox21,5,"1,2,3,4,5",1,0.8059363021,0.0148245191
p3_logp_mofe_last_ffn_n8aligned,final_n8,logp,I1,toxcast,5,"1,2,3,4,5",1,0.6916364788,0.0236511213
p3_logp_mofe_last_ffn_n8aligned,final_n8,logp,I1,sider,5,"1,2,3,4,5",1,0.6232926582,0.0143183033
p3_logp_mofe_last_ffn_n8aligned,final_n8,logp,I1,clintox,5,"1,2,3,4,5",1,0.8790211829,0.0275127847
p3_logp_mofe_last_ffn_n8aligned,final_n8,logp,I1,bace,5,"1,2,3,4,5",1,0.8480370055,0.0335794644
p3_logp_mofe_last_ffn_n8aligned,final_n8,logp,I1,hiv,5,"1,2,3,4,5",1,0.7816172747,0.0381329113
p3_logp_mofe_last_ffn_n8aligned,final_n8,logp,I1,muv,5,"1,2,3,4,5",1,0.7372039450,0.0194654078
p5_tpsa_mofe_last_selected_kan_n8aligned,final_n8,tpsa,I1+I2,bbbp,5,"1,2,3,4,5",1,0.9440175078,0.0246259062
p5_tpsa_mofe_last_selected_kan_n8aligned,final_n8,tpsa,I1+I2,tox21,5,"1,2,3,4,5",1,0.8097711659,0.0159194953
p5_tpsa_mofe_last_selected_kan_n8aligned,final_n8,tpsa,I1+I2,toxcast,5,"1,2,3,4,5",1,0.6868776355,0.0155978273
p5_tpsa_mofe_last_selected_kan_n8aligned,final_n8,tpsa,I1+I2,sider,5,"1,2,3,4,5",1,0.6162724335,0.0395406839
p5_tpsa_mofe_last_selected_kan_n8aligned,final_n8,tpsa,I1+I2,clintox,5,"1,2,3,4,5",1,0.8816688612,0.0329930073
p5_tpsa_mofe_last_selected_kan_n8aligned,final_n8,tpsa,I1+I2,bace,5,"1,2,3,4,5",1,0.8762557704,0.0459876345
p5_tpsa_mofe_last_selected_kan_n8aligned,final_n8,tpsa,I1+I2,hiv,5,"1,2,3,4,5",1,0.7849078488,0.0298452536
p5_tpsa_mofe_last_selected_kan_n8aligned,final_n8,tpsa,I1+I2,muv,5,"1,2,3,4,5",1,0.7401287622,0.0412300651
p5_logp_mofe_last_selected_kan_n8aligned,final_n8,logp,I1+I2,bbbp,5,"1,2,3,4,5",1,0.9377069700,0.0080039038
p5_logp_mofe_last_selected_kan_n8aligned,final_n8,logp,I1+I2,tox21,5,"1,2,3,4,5",1,0.8145797555,0.0152686055
p5_logp_mofe_last_selected_kan_n8aligned,final_n8,logp,I1+I2,toxcast,5,"1,2,3,4,5",1,0.6943384526,0.0152695626
p5_logp_mofe_last_selected_kan_n8aligned,final_n8,logp,I1+I2,sider,5,"1,2,3,4,5",1,0.6171351236,0.0286188107
p5_logp_mofe_last_selected_kan_n8aligned,final_n8,logp,I1+I2,clintox,5,"1,2,3,4,5",1,0.8356443133,0.0201455956
p5_logp_mofe_last_selected_kan_n8aligned,final_n8,logp,I1+I2,bace,5,"1,2,3,4,5",1,0.8649451725,0.0398851514
p5_logp_mofe_last_selected_kan_n8aligned,final_n8,logp,I1+I2,hiv,5,"1,2,3,4,5",1,0.7809071992,0.0503337833
p5_logp_mofe_last_selected_kan_n8aligned,final_n8,logp,I1+I2,muv,5,"1,2,3,4,5",1,0.7500993922,0.0198852131
p3_tpsa_mofe_last_ffn_conloss_n8aligned,final_n8,tpsa,I1+I3,bbbp,5,"1,2,3,4,5",1,0.9435680667,0.0263312836
p3_tpsa_mofe_last_ffn_conloss_n8aligned,final_n8,tpsa,I1+I3,tox21,5,"1,2,3,4,5",1,0.8105429038,0.0112513677
p3_tpsa_mofe_last_ffn_conloss_n8aligned,final_n8,tpsa,I1+I3,toxcast,5,"1,2,3,4,5",1,0.6989293884,0.0130538715
p3_tpsa_mofe_last_ffn_conloss_n8aligned,final_n8,tpsa,I1+I3,sider,5,"1,2,3,4,5",1,0.6273910301,0.0365058852
p3_tpsa_mofe_last_ffn_conloss_n8aligned,final_n8,tpsa,I1+I3,clintox,5,"1,2,3,4,5",1,0.8696643739,0.0496183842
p3_tpsa_mofe_last_ffn_conloss_n8aligned,final_n8,tpsa,I1+I3,bace,5,"1,2,3,4,5",1,0.8778909391,0.0378530944
p3_tpsa_mofe_last_ffn_conloss_n8aligned,final_n8,tpsa,I1+I3,hiv,5,"1,2,3,4,5",1,0.8035871752,0.0410857890
p3_tpsa_mofe_last_ffn_conloss_n8aligned,final_n8,tpsa,I1+I3,muv,5,"1,2,3,4,5",1,0.7547465675,0.0328041328
p3_logp_mofe_last_ffn_conloss_n8aligned,final_n8,logp,I1+I3,bbbp,5,"1,2,3,4,5",1,0.9351275525,0.0180581562
p3_logp_mofe_last_ffn_conloss_n8aligned,final_n8,logp,I1+I3,tox21,5,"1,2,3,4,5",1,0.8073578418,0.0126769719
p3_logp_mofe_last_ffn_conloss_n8aligned,final_n8,logp,I1+I3,toxcast,5,"1,2,3,4,5",1,0.6845243122,0.0207246284
p3_logp_mofe_last_ffn_conloss_n8aligned,final_n8,logp,I1+I3,sider,5,"1,2,3,4,5",1,0.6137326959,0.0352862755
p3_logp_mofe_last_ffn_conloss_n8aligned,final_n8,logp,I1+I3,clintox,5,"1,2,3,4,5",1,0.8652798549,0.0405626875
p3_logp_mofe_last_ffn_conloss_n8aligned,final_n8,logp,I1+I3,bace,5,"1,2,3,4,5",1,0.8545091347,0.0234497445
p3_logp_mofe_last_ffn_conloss_n8aligned,final_n8,logp,I1+I3,hiv,5,"1,2,3,4,5",1,0.7886527251,0.0387259484
p3_logp_mofe_last_ffn_conloss_n8aligned,final_n8,logp,I1+I3,muv,5,"1,2,3,4,5",1,0.7473107337,0.0211538054
p5_tpsa_mofe_last_selected_kan_conloss_n8aligned,final_n8,tpsa,I1+I2+I3,bbbp,5,"1,2,3,4,5",1,0.9398507033,0.0191686629
p5_tpsa_mofe_last_selected_kan_conloss_n8aligned,final_n8,tpsa,I1+I2+I3,tox21,5,"1,2,3,4,5",1,0.8099190818,0.0174391138
p5_tpsa_mofe_last_selected_kan_conloss_n8aligned,final_n8,tpsa,I1+I2+I3,toxcast,5,"1,2,3,4,5",1,0.6884731497,0.0217292448
p5_tpsa_mofe_last_selected_kan_conloss_n8aligned,final_n8,tpsa,I1+I2+I3,sider,5,"1,2,3,4,5",1,0.6120824234,0.0337425311
p5_tpsa_mofe_last_selected_kan_conloss_n8aligned,final_n8,tpsa,I1+I2+I3,clintox,5,"1,2,3,4,5",1,0.8615764844,0.0327999012
p5_tpsa_mofe_last_selected_kan_conloss_n8aligned,final_n8,tpsa,I1+I2+I3,bace,5,"1,2,3,4,5",1,0.8438904951,0.0477710664
p5_tpsa_mofe_last_selected_kan_conloss_n8aligned,final_n8,tpsa,I1+I2+I3,hiv,5,"1,2,3,4,5",1,0.7851712040,0.0363416488
p5_tpsa_mofe_last_selected_kan_conloss_n8aligned,final_n8,tpsa,I1+I2+I3,muv,5,"1,2,3,4,5",1,0.7066663989,0.0344285630
p5_logp_mofe_last_selected_kan_conloss_n8aligned,final_n8,logp,I1+I2+I3,bbbp,5,"1,2,3,4,5",1,0.9467164954,0.0225121488
p5_logp_mofe_last_selected_kan_conloss_n8aligned,final_n8,logp,I1+I2+I3,tox21,5,"1,2,3,4,5",1,0.8046195346,0.0172565110
p5_logp_mofe_last_selected_kan_conloss_n8aligned,final_n8,logp,I1+I2+I3,toxcast,5,"1,2,3,4,5",1,0.6909248105,0.0149175637
p5_logp_mofe_last_selected_kan_conloss_n8aligned,final_n8,logp,I1+I2+I3,sider,5,"1,2,3,4,5",1,0.6221362556,0.0239466446
p5_logp_mofe_last_selected_kan_conloss_n8aligned,final_n8,logp,I1+I2+I3,clintox,5,"1,2,3,4,5",1,0.8449631865,0.0193050297
p5_logp_mofe_last_selected_kan_conloss_n8aligned,final_n8,logp,I1+I2+I3,bace,5,"1,2,3,4,5",1,0.8487718817,0.0303257626
p5_logp_mofe_last_selected_kan_conloss_n8aligned,final_n8,logp,I1+I2+I3,hiv,5,"1,2,3,4,5",1,0.7809221078,0.0490428312
p5_logp_mofe_last_selected_kan_conloss_n8aligned,final_n8,logp,I1+I2+I3,muv,5,"1,2,3,4,5",1,0.7194954151,0.0406024747
p3_tpsa_mofe_last_all_kan_n8aligned,final_n8,tpsa,all-KAN,bbbp,5,"1,2,3,4,5",1,0.9366982992,0.0337549324
p3_tpsa_mofe_last_all_kan_n8aligned,final_n8,tpsa,all-KAN,tox21,5,"1,2,3,4,5",1,0.7984937286,0.0241951007
p3_tpsa_mofe_last_all_kan_n8aligned,final_n8,tpsa,all-KAN,toxcast,5,"1,2,3,4,5",1,0.6891760214,0.0296519511
p3_tpsa_mofe_last_all_kan_n8aligned,final_n8,tpsa,all-KAN,sider,5,"1,2,3,4,5",1,0.6146295519,0.0293611586
p3_tpsa_mofe_last_all_kan_n8aligned,final_n8,tpsa,all-KAN,clintox,5,"1,2,3,4,5",1,0.8868299273,0.0296427686
p3_tpsa_mofe_last_all_kan_n8aligned,final_n8,tpsa,all-KAN,bace,5,"1,2,3,4,5",1,0.8690637304,0.0379048325
p3_tpsa_mofe_last_all_kan_n8aligned,final_n8,tpsa,all-KAN,hiv,5,"1,2,3,4,5",1,0.7797813014,0.0291836775
p3_tpsa_mofe_last_all_kan_n8aligned,final_n8,tpsa,all-KAN,muv,5,"1,2,3,4,5",1,0.7392843221,0.0348604026
p3_logp_mofe_last_all_kan_n8aligned,final_n8,logp,all-KAN,bbbp,5,"1,2,3,4,5",1,0.9303023974,0.0247304805
p3_logp_mofe_last_all_kan_n8aligned,final_n8,logp,all-KAN,tox21,5,"1,2,3,4,5",1,0.7958739459,0.0180929859
p3_logp_mofe_last_all_kan_n8aligned,final_n8,logp,all-KAN,toxcast,5,"1,2,3,4,5",1,0.6934625695,0.0148141598
p3_logp_mofe_last_all_kan_n8aligned,final_n8,logp,all-KAN,sider,5,"1,2,3,4,5",1,0.6152836218,0.0312134725
p3_logp_mofe_last_all_kan_n8aligned,final_n8,logp,all-KAN,clintox,5,"1,2,3,4,5",1,0.8944974147,0.0169515082
p3_logp_mofe_last_all_kan_n8aligned,final_n8,logp,all-KAN,bace,5,"1,2,3,4,5",1,0.8510665478,0.0573664440
p3_logp_mofe_last_all_kan_n8aligned,final_n8,logp,all-KAN,hiv,5,"1,2,3,4,5",1,0.7603229013,0.0395501862
p3_logp_mofe_last_all_kan_n8aligned,final_n8,logp,all-KAN,muv,5,"1,2,3,4,5",1,0.7181613010,0.0413207223
p3_base_vanilla_n4aligned,depth_reference,none,N4 Base,bbbp,5,"1,2,3,4,5",1,0.9470294352,0.0176591654
p3_base_vanilla_n4aligned,depth_reference,none,N4 Base,tox21,5,"1,2,3,4,5",1,0.8176899759,0.0199614856
p3_base_vanilla_n4aligned,depth_reference,none,N4 Base,toxcast,5,"1,2,3,4,5",1,0.6987268556,0.0194913909
p3_base_vanilla_n4aligned,depth_reference,none,N4 Base,sider,5,"1,2,3,4,5",1,0.6139950577,0.0203163868
p3_base_vanilla_n4aligned,depth_reference,none,N4 Base,clintox,5,"1,2,3,4,5",1,0.8726825328,0.0565028603
p3_base_vanilla_n4aligned,depth_reference,none,N4 Base,bace,5,"1,2,3,4,5",1,0.8759406215,0.0406750896
p3_base_vanilla_n4aligned,depth_reference,none,N4 Base,hiv,5,"1,2,3,4,5",1,0.8021211524,0.0229791909
p3_base_vanilla_n4aligned,depth_reference,none,N4 Base,muv,5,"1,2,3,4,5",1,0.7518285722,0.0244746794
p2_mofe_ffn_logp_last,layer_screen,logp,last,bbbp,5,"1,2,3,4,5",1,0.9371509487,0.0314529892
p2_mofe_ffn_logp_last,layer_screen,logp,last,tox21,5,"1,2,3,4,5",1,0.8089261649,0.0173772104
p2_mofe_ffn_logp_last,layer_screen,logp,last,toxcast,5,"1,2,3,4,5",1,0.6897563526,0.0150619779
p2_mofe_ffn_logp_last,layer_screen,logp,last,sider,5,"1,2,3,4,5",1,0.6017364445,0.0203628075
p2_mofe_ffn_logp_last,layer_screen,logp,last,clintox,5,"1,2,3,4,5",1,0.8777946835,0.0388583698
p2_mofe_ffn_logp_last,layer_screen,logp,last,bace,5,"1,2,3,4,5",1,0.8307568608,0.0296440961
p2_mofe_ffn_logp_last,layer_screen,logp,last,hiv,5,"1,2,3,4,5",1,0.7649761930,0.0378189145
p2_mofe_ffn_logp_last,layer_screen,logp,last,muv,5,"1,2,3,4,5",1,0.7368096854,0.0450115660
p2_mofe_ffn_logp_odd,layer_screen,logp,odd,bbbp,5,"1,2,3,4,5",1,0.9278148917,0.0152915699
p2_mofe_ffn_logp_odd,layer_screen,logp,odd,tox21,5,"1,2,3,4,5",1,0.7825644968,0.0147526698
p2_mofe_ffn_logp_odd,layer_screen,logp,odd,toxcast,5,"1,2,3,4,5",1,0.6842312070,0.0168495171
p2_mofe_ffn_logp_odd,layer_screen,logp,odd,sider,5,"1,2,3,4,5",1,0.6124105810,0.0185921703
p2_mofe_ffn_logp_odd,layer_screen,logp,odd,clintox,5,"1,2,3,4,5",1,0.8856956368,0.0315244937
p2_mofe_ffn_logp_odd,layer_screen,logp,odd,bace,5,"1,2,3,4,5",1,0.8220828061,0.0467768334
p2_mofe_ffn_logp_odd,layer_screen,logp,odd,hiv,5,"1,2,3,4,5",1,0.7618226710,0.0359710164
p2_mofe_ffn_logp_odd,layer_screen,logp,odd,muv,5,"1,2,3,4,5",1,0.7261837529,0.0421489438
p2_mofe_ffn_logp_even,layer_screen,logp,even,bbbp,5,"1,2,3,4,5",1,0.9274994665,0.0263655588
p2_mofe_ffn_logp_even,layer_screen,logp,even,tox21,5,"1,2,3,4,5",1,0.7890325953,0.0139745709
p2_mofe_ffn_logp_even,layer_screen,logp,even,toxcast,5,"1,2,3,4,5",1,0.6766003951,0.0192569880
p2_mofe_ffn_logp_even,layer_screen,logp,even,sider,5,"1,2,3,4,5",1,0.6125199320,0.0266343805
p2_mofe_ffn_logp_even,layer_screen,logp,even,clintox,5,"1,2,3,4,5",1,0.8526481515,0.0769029736
p2_mofe_ffn_logp_even,layer_screen,logp,even,bace,5,"1,2,3,4,5",1,0.8203301274,0.0590472430
p2_mofe_ffn_logp_even,layer_screen,logp,even,hiv,5,"1,2,3,4,5",1,0.7598273014,0.0407394239
p2_mofe_ffn_logp_even,layer_screen,logp,even,muv,5,"1,2,3,4,5",1,0.7449751832,0.0412757566
pt_smoe_top1,routed_control,learned,top1,bbbp,5,"1,2,3,4,5",1,0.9493765824,0.0202156745
pt_smoe_top1,routed_control,learned,top1,tox21,5,"1,2,3,4,5",1,0.8053132597,0.0154923233
pt_smoe_top1,routed_control,learned,top1,toxcast,5,"1,2,3,4,5",1,0.6970427381,0.0172177677
pt_smoe_top1,routed_control,learned,top1,sider,5,"1,2,3,4,5",1,0.6247528723,0.0283365956
pt_smoe_top1,routed_control,learned,top1,clintox,5,"1,2,3,4,5",1,0.8821185383,0.0538512720
pt_smoe_top1,routed_control,learned,top1,bace,5,"1,2,3,4,5",1,0.8751162367,0.0382333425
pt_smoe_top1,routed_control,learned,top1,hiv,3,"1,2,3",0,,
pt_smoe_top1,routed_control,learned,top1,muv,5,"1,2,3,4,5",1,0.7550080468,0.0381242598
pt_smoe_top2,routed_control,learned,top2,bbbp,5,"1,2,3,4,5",1,0.9405960072,0.0234249813
pt_smoe_top2,routed_control,learned,top2,tox21,5,"1,2,3,4,5",1,0.8130924203,0.0143697718
pt_smoe_top2,routed_control,learned,top2,toxcast,5,"1,2,3,4,5",1,0.6903584282,0.0138830306
pt_smoe_top2,routed_control,learned,top2,sider,5,"1,2,3,4,5",1,0.6342503119,0.0290159716
pt_smoe_top2,routed_control,learned,top2,clintox,5,"1,2,3,4,5",1,0.8733561466,0.0427400822
pt_smoe_top2,routed_control,learned,top2,bace,5,"1,2,3,4,5",1,0.8655092065,0.0525050079
pt_smoe_top2,routed_control,learned,top2,hiv,5,"1,2,3,4,5",1,0.8042247616,0.0303815230
pt_smoe_top2,routed_control,learned,top2,muv,5,"1,2,3,4,5",1,0.7598734261,0.0281203754
pt_smoe_top3,routed_control,learned,top3,bbbp,5,"1,2,3,4,5",1,0.9437560312,0.0319047800
pt_smoe_top3,routed_control,learned,top3,tox21,5,"1,2,3,4,5",1,0.8085069187,0.0179738593
pt_smoe_top3,routed_control,learned,top3,toxcast,2,"1,2",0,,
pt_smoe_top3,routed_control,learned,top3,sider,5,"1,2,3,4,5",1,0.6276231432,0.0234387221
pt_smoe_top3,routed_control,learned,top3,clintox,5,"1,2,3,4,5",1,0.8795092959,0.0652884612
pt_smoe_top3,routed_control,learned,top3,bace,5,"1,2,3,4,5",1,0.8771194165,0.0427592480
pt_smoe_top3,routed_control,learned,top3,hiv,1,1,0,,
pt_smoe_top3,routed_control,learned,top3,muv,5,"1,2,3,4,5",1,0.7740386204,0.0366945057
pt_smoe_top4,routed_control,learned,top4,bbbp,5,"1,2,3,4,5",1,0.9393571346,0.0291826942
pt_smoe_top4,routed_control,learned,top4,tox21,0,,0,,
pt_smoe_top4,routed_control,learned,top4,toxcast,0,,0,,
pt_smoe_top4,routed_control,learned,top4,sider,5,"1,2,3,4,5",1,0.6309934389,0.0141487118
pt_smoe_top4,routed_control,learned,top4,clintox,5,"1,2,3,4,5",1,0.8756712327,0.0466642506
pt_smoe_top4,routed_control,learned,top4,bace,5,"1,2,3,4,5",1,0.8633644199,0.0518585838
pt_smoe_top4,routed_control,learned,top4,hiv,5,"1,2,3,4,5",1,0.8078410379,0.0347182193
pt_smoe_top4,routed_control,learned,top4,muv,5,"1,2,3,4,5",1,0.7655432379,0.0417016675
