partition,region,interval,count,fraction,mol_wt_mean,mol_wt_sd,hbd_mean,hbd_sd,hba_mean,hba_sd,rotatable_bonds_mean,rotatable_bonds_sd,ring_count_mean,ring_count_sd,aromatic_atom_fraction_mean,aromatic_atom_fraction_sd,heteroatom_fraction_mean,heteroatom_fraction_sd,formal_charge_mean,formal_charge_sd,descriptor_value_mean,descriptor_value_sd
tpsa,0,< 20 A^2,932,0.0037280000,282.0633680258,21.6857190799,0.3497854077,0.4771581163,2.5193133047,0.7110092980,3.9806866953,1.7739166254,2.6072961373,0.8188635245,0.2675863045,0.1596594137,0.1883656908,0.0620312446,0.0021459227,0.0462992201,14.4712982833,3.8585626918
tpsa,1,"[20, 40) A^2",17539,0.0701560000,294.7367575688,25.4969512594,0.5343520155,0.5851028621,2.8243343406,0.8564345312,4.5701579337,1.8415451849,2.5309880837,0.8987995179,0.2573752504,0.1801625526,0.2090148315,0.0573353738,0.0005701579,0.0238718526,32.1290073550,5.1271825768
tpsa,2,"[40, 60) A^2",59080,0.2363200000,306.9537086154,26.1095040146,0.9697698037,0.7026223073,3.4694312796,0.9944989341,5.0177555856,1.9735997474,2.4819735951,0.8994432461,0.2733529222,0.1903404703,0.2397876952,0.0529541873,0.0000846310,0.0091991999,50.8898141503,5.9341889607
tpsa,3,"[60, 80) A^2",66847,0.2673880000,311.8842945981,25.8922371286,1.3964575822,0.7958344672,4.2958846321,1.0844477652,5.1761036397,1.9507938293,2.4233697847,0.8944473594,0.2814094638,0.1931618597,0.2831660065,0.0518146628,0.0000299191,0.0054697917,70.0004707765,5.7152020533
tpsa,4,"[80, 100) A^2",53305,0.2132200000,313.8642369384,25.4524143912,1.8108245005,0.8513696607,5.1364787543,1.1576060312,5.3104774411,1.9109685920,2.3227652190,0.9065173375,0.2588720233,0.1907871777,0.3352540068,0.0509329432,0.0000000000,0.0000000000,89.5342622643,5.7601571331
tpsa,5,"[100, 120) A^2",34637,0.1385480000,316.9724116119,24.3853600453,2.3077345036,0.8879162412,5.8567427895,1.2836436471,5.4585270087,1.8812757241,2.2528221266,0.9059452017,0.2543285949,0.1740440715,0.3808631353,0.0467205510,0.0000288709,0.0053731611,109.0244097353,5.6364081375
tpsa,6,"[120, 140) A^2",14952,0.0598080000,321.0333041734,22.5889770103,2.9351257357,0.8914411802,6.3363429642,1.3699023377,5.5890850722,1.8750575972,2.1637239165,0.8806514883,0.2667611778,0.1634944131,0.4142587785,0.0436621212,0.0001337614,0.0115651383,128.0593412253,5.5476039644
tpsa,7,>= 140 A^2,2708,0.0108320000,325.6901665436,20.8088503722,3.6059822747,0.9603485482,6.9848596750,1.5560432196,5.4457163959,1.8619734349,2.2208271787,0.8744506634,0.3036451547,0.1710606318,0.4459451528,0.0467656920,0.0003692762,0.0192165611,148.5752658789,8.1407709946
logp,0,< -1,35681,0.1427240000,311.7373132199,25.8799386308,2.4639443962,1.0449250685,5.9578487150,1.3749501058,5.3145371486,1.9582451132,2.1149351195,0.9088758128,0.1664211102,0.1590362175,0.4027926081,0.0474925299,0.0000840784,0.0091691683,-1.4451552358,0.4053791790
logp,1,"[-1, 0)",35759,0.1430360000,311.2602878716,26.6085749345,1.9952459521,0.9922118533,5.4749853184,1.3041919186,5.2936603373,1.9322757573,2.2615006012,0.9114510361,0.2046584296,0.1654337123,0.3621565555,0.0483154453,0.0000838950,0.0091591632,-0.3844438863,0.2727152300
logp,2,"[0, 1)",35986,0.1439440000,311.0743943478,26.5988352702,1.6725671094,0.9353546798,4.9714889124,1.2435382252,5.2873617518,1.9307260269,2.3522480965,0.9093848324,0.2399400438,0.1678772117,0.3255284993,0.0504449531,0.0000555772,0.0074549061,0.5754862038,0.2806359728
logp,3,"[1, 2)",35968,0.1438720000,310.9472553381,26.2882763152,1.4037477758,0.8836248098,4.4141459075,1.2084778808,5.1959797598,1.9225526547,2.4423654359,0.9001120332,0.2782510600,0.1729315614,0.2890988847,0.0529237788,0.0000000000,0.0000000000,1.5375387536,0.2833617550
logp,4,"[2, 3)",70922,0.2836880000,311.1339349990,26.0061055007,1.1852316630,0.8292873347,3.7890499422,1.1836780979,5.1015340797,1.9343355804,2.4924988015,0.8838793138,0.3149134856,0.1827988739,0.2521926358,0.0555831568,0.0001128000,0.0106202092,2.4979868389,0.2846951592
logp,5,"[3, 4)",35683,0.1427320000,311.3164533531,25.6827740745,1.0214387804,0.7937066678,3.3510355071,1.1545176353,5.0129193173,1.9527304808,2.5239189530,0.8594120487,0.3617945815,0.1960426425,0.2264330609,0.0572000796,0.0001961718,0.0140049584,3.2350035877,0.1436097070
logp,6,"[4, 5)",1,0.0000040000,315.4170000000,,1.0000000000,,5.0000000000,,8.0000000000,,2.0000000000,,0.5217391304,,0.2173913043,,0.0000000000,,4.0095000000,
logp,7,>= 5,0,0.0000000000,,,,,,,,,,,,,,,,,,
