partition,model_role,model,dataset,folds_found,fold_ids,complete_5fold,common_molecules_min,silhouette_mean,silhouette_sd,davies_bouldin_mean,davies_bouldin_sd,intra_distance_mean,intra_distance_sd,inter_distance_mean,inter_distance_sd,inter_intra_ratio_mean,inter_intra_ratio_sd
tpsa,Base,p3_base_vanilla_n8aligned,bbbp,5,"1,2,3,4,5",1,182,-0.0352644607,0.0309495908,4.9288040190,0.4803908222,1.2517952228,0.0462274202,1.4127916626,0.0152417711,1.1296888585,0.0377834181
tpsa,Base,p3_base_vanilla_n8aligned,tox21,5,"1,2,3,4,5",1,768,-0.0146616653,0.0080334374,8.0630454345,0.7076107052,1.3366885369,0.0127299118,1.4096846134,0.0024075932,1.0546923479,0.0109858821
tpsa,Base,p3_base_vanilla_n8aligned,toxcast,5,"1,2,3,4,5",1,832,-0.0138936579,0.0071389255,8.4687489584,1.0517346288,1.3263176032,0.0098821252,1.4085679866,0.0030720208,1.0620576636,0.0076425869
tpsa,Base,p3_base_vanilla_n8aligned,sider,5,"1,2,3,4,5",1,128,-0.0161976835,0.0138445494,4.7576119670,0.1259289076,1.3242807369,0.0259899931,1.4209642920,0.0046018181,1.0733752692,0.0235353784
tpsa,Base,p3_base_vanilla_n8aligned,clintox,5,"1,2,3,4,5",1,123,-0.0324891611,0.0130577241,4.7377060292,0.5870405414,1.3092964012,0.0288662828,1.4145234138,0.0042890319,1.0807431123,0.0212698817
tpsa,Base,p3_base_vanilla_n8aligned,bace,5,"1,2,3,4,5",1,128,-0.0004453032,0.0201030601,3.3512447461,0.5409786789,1.2590137678,0.0251528641,1.4323661886,0.0100128160,1.1381626407,0.0299133582
tpsa,Base,p3_base_vanilla_n8aligned,hiv,5,"1,2,3,4,5",1,2000,-0.0169602030,0.0026974959,10.8528830756,0.3171083076,1.3562051928,0.0078911708,1.4100367902,0.0017025209,1.0397181586,0.0055545036
tpsa,Base,p3_base_vanilla_n8aligned,muv,5,"1,2,3,4,5",1,2000,-0.0583070041,0.0117257736,8.8431691245,0.6907230101,1.3881236755,0.0054126459,1.4099806261,0.0008267424,1.0157580099,0.0039975789
tpsa,I1,p3_tpsa_mofe_last_ffn_n8aligned,bbbp,5,"1,2,3,4,5",1,182,0.0348032451,0.0193505066,3.1367722270,0.2989096007,1.1951841234,0.0355414045,1.4332757474,0.0049425282,1.2001272702,0.0387418192
tpsa,I1,p3_tpsa_mofe_last_ffn_n8aligned,tox21,5,"1,2,3,4,5",1,768,0.0313466835,0.0080754870,4.2379685433,0.2123517742,1.2945767351,0.0154470396,1.4188031557,0.0032130234,1.0961048953,0.0153386156
tpsa,I1,p3_tpsa_mofe_last_ffn_n8aligned,toxcast,5,"1,2,3,4,5",1,832,0.0206461969,0.0083452291,4.5312013282,0.3089270117,1.2876547927,0.0128772391,1.4156370758,0.0031609941,1.0994936193,0.0128481061
tpsa,I1,p3_tpsa_mofe_last_ffn_n8aligned,sider,5,"1,2,3,4,5",1,128,0.0345426008,0.0106840264,3.3733464873,0.3165185908,1.2963906883,0.0285713216,1.4283568960,0.0032127517,1.1022593019,0.0263644580
tpsa,I1,p3_tpsa_mofe_last_ffn_n8aligned,clintox,5,"1,2,3,4,5",1,123,0.0126179764,0.0295983945,3.1197142550,0.2425716373,1.2654874449,0.0319683344,1.4226581416,0.0052659361,1.1247827765,0.0292102244
tpsa,I1,p3_tpsa_mofe_last_ffn_n8aligned,bace,5,"1,2,3,4,5",1,128,0.0832937774,0.0294762434,2.3064552299,0.2420498541,1.2103970784,0.0337954553,1.4544116083,0.0132097958,1.2025434800,0.0429436371
tpsa,I1,p3_tpsa_mofe_last_ffn_n8aligned,hiv,5,"1,2,3,4,5",1,2000,0.0200066237,0.0139648193,4.9025441454,0.8419007205,1.3173530721,0.0235897993,1.4182337650,0.0031409127,1.0768890166,0.0216909333
tpsa,I1,p3_tpsa_mofe_last_ffn_n8aligned,muv,5,"1,2,3,4,5",1,2000,-0.0185919705,0.0110303537,3.9221706173,0.3287561719,1.3543174136,0.0064968358,1.4224191242,0.0016485469,1.0503083662,0.0061407520
tpsa,I1+I2,p5_tpsa_mofe_last_selected_kan_n8aligned,bbbp,5,"1,2,3,4,5",1,182,0.0639693554,0.0319578709,2.5001683090,0.1059274424,1.1305892012,0.0491592148,1.4331129992,0.0068107796,1.2694534370,0.0540743769
tpsa,I1+I2,p5_tpsa_mofe_last_selected_kan_n8aligned,tox21,5,"1,2,3,4,5",1,768,0.0513297234,0.0106830731,3.2988736918,0.1678439191,1.2624537338,0.0187544342,1.4244507475,0.0017008360,1.1285296553,0.0177492303
tpsa,I1+I2,p5_tpsa_mofe_last_selected_kan_n8aligned,toxcast,5,"1,2,3,4,5",1,832,0.0516351280,0.0069366473,3.3812813840,0.2569778427,1.2548243649,0.0139408338,1.4211442688,0.0036671993,1.1326702221,0.0143532949
tpsa,I1+I2,p5_tpsa_mofe_last_selected_kan_n8aligned,sider,5,"1,2,3,4,5",1,128,0.0516334457,0.0275935773,3.0356756842,0.5026372022,1.2752482612,0.0505899214,1.4314165645,0.0058912947,1.1240322566,0.0495314495
tpsa,I1+I2,p5_tpsa_mofe_last_selected_kan_n8aligned,clintox,5,"1,2,3,4,5",1,123,0.0452699530,0.0425967232,2.7563531961,0.2751039569,1.2278835564,0.0318063156,1.4278994095,0.0057294727,1.1635902741,0.0337030860
tpsa,I1+I2,p5_tpsa_mofe_last_selected_kan_n8aligned,bace,5,"1,2,3,4,5",1,128,0.1048683913,0.0359987834,2.2114765369,0.4491146571,1.1832215260,0.0524160505,1.4612385607,0.0176860756,1.2373884826,0.0689741226
tpsa,I1+I2,p5_tpsa_mofe_last_selected_kan_n8aligned,hiv,5,"1,2,3,4,5",1,2000,0.0370174448,0.0163715479,3.8244612958,0.4259281693,1.2867989298,0.0207270642,1.4210709765,0.0017310658,1.1045914512,0.0190711790
tpsa,I1+I2,p5_tpsa_mofe_last_selected_kan_n8aligned,muv,5,"1,2,3,4,5",1,2000,-0.0031759791,0.0158649969,3.1803433547,0.2244636236,1.3244171748,0.0114513979,1.4309288053,0.0024790495,1.0804976113,0.0110202778
tpsa,I1+I3,p3_tpsa_mofe_last_ffn_conloss_n8aligned,bbbp,5,"1,2,3,4,5",1,182,0.2864512126,0.1079626808,1.3019096229,0.3391464406,0.9347882419,0.1136055029,1.4759218947,0.0202186650,1.5998081106,0.2161364565
tpsa,I1+I3,p3_tpsa_mofe_last_ffn_conloss_n8aligned,tox21,5,"1,2,3,4,5",1,768,0.2977280150,0.1048103654,1.4861387945,0.4322085364,0.9845865505,0.1358065767,1.4717775035,0.0185809846,1.5182418829,0.2128166851
tpsa,I1+I3,p3_tpsa_mofe_last_ffn_conloss_n8aligned,toxcast,5,"1,2,3,4,5",1,832,0.0739792618,0.0194571486,2.8462258830,0.3064731955,1.2246932534,0.0285374453,1.4237583744,0.0045890769,1.1630897580,0.0294614817
tpsa,I1+I3,p3_tpsa_mofe_last_ffn_conloss_n8aligned,sider,5,"1,2,3,4,5",1,128,0.2416805946,0.1419456558,1.7475262167,0.7484925090,1.0424175444,0.1846208136,1.4652416391,0.0238619612,1.4447330430,0.2779387778
tpsa,I1+I3,p3_tpsa_mofe_last_ffn_conloss_n8aligned,clintox,5,"1,2,3,4,5",1,123,0.1745817276,0.1641987833,1.8889088082,0.6254573775,1.0837730448,0.1932483105,1.4529586953,0.0259031750,1.3879705731,0.3339104332
tpsa,I1+I3,p3_tpsa_mofe_last_ffn_conloss_n8aligned,bace,5,"1,2,3,4,5",1,128,0.4064216711,0.1806244094,0.9911951408,0.4496584906,0.8418546227,0.2221344119,1.5438102475,0.0570677177,1.9573379039,0.5910954768
tpsa,I1+I3,p3_tpsa_mofe_last_ffn_conloss_n8aligned,hiv,5,"1,2,3,4,5",1,2000,0.3981078593,0.1436598047,1.2173978457,0.3838608623,0.8209086744,0.1980465722,1.4869821180,0.0201095641,1.9002731813,0.4681855670
tpsa,I1+I3,p3_tpsa_mofe_last_ffn_conloss_n8aligned,muv,5,"1,2,3,4,5",1,2000,0.0900805141,0.0511237984,2.0962663515,0.4605748661,1.2292453051,0.0638324199,1.4580757323,0.0163507827,1.1892423712,0.0743377789
tpsa,Full,p5_tpsa_mofe_last_selected_kan_conloss_n8aligned,bbbp,5,"1,2,3,4,5",1,182,0.2850528174,0.1486274152,1.3925805860,0.4862918319,0.9075405093,0.1410012896,1.4709432928,0.0239344698,1.6626396442,0.3373753229
tpsa,Full,p5_tpsa_mofe_last_selected_kan_conloss_n8aligned,tox21,5,"1,2,3,4,5",1,768,0.3921507828,0.0432289634,1.1803995963,0.1292362009,0.8575411074,0.0655467850,1.4880859337,0.0068268667,1.7441552826,0.1450892334
tpsa,Full,p5_tpsa_mofe_last_selected_kan_conloss_n8aligned,toxcast,5,"1,2,3,4,5",1,832,0.1104845712,0.0289680871,2.5095994878,0.3988182374,1.1977163881,0.0384092636,1.4343216754,0.0061801197,1.1986329380,0.0423509602
tpsa,Full,p5_tpsa_mofe_last_selected_kan_conloss_n8aligned,sider,5,"1,2,3,4,5",1,128,0.2017276484,0.1042018347,1.7543035539,0.4942945261,1.1042967063,0.1419357080,1.4577875485,0.0160827225,1.3412146726,0.2061982787
tpsa,Full,p5_tpsa_mofe_last_selected_kan_conloss_n8aligned,clintox,5,"1,2,3,4,5",1,123,0.2452310761,0.0940420980,1.4731999500,0.3456654273,0.9992424407,0.1017174659,1.4663434940,0.0173207684,1.4799050219,0.1532816224
tpsa,Full,p5_tpsa_mofe_last_selected_kan_conloss_n8aligned,bace,5,"1,2,3,4,5",1,128,0.4843008246,0.1649365945,0.8452405865,0.3501305149,0.7355746507,0.2249308098,1.5609269169,0.0492367170,2.2988744355,0.7401921106
tpsa,Full,p5_tpsa_mofe_last_selected_kan_conloss_n8aligned,hiv,5,"1,2,3,4,5",1,2000,0.4444924777,0.1890974146,1.1563426704,0.6345320448,0.7478681664,0.2463548717,1.4921047546,0.0299839908,2.1435149754,0.5707367164
tpsa,Full,p5_tpsa_mofe_last_selected_kan_conloss_n8aligned,muv,5,"1,2,3,4,5",1,2000,0.1030715387,0.0975622328,2.0264398737,0.5302055009,1.2130468867,0.1069431944,1.4618693898,0.0259281701,1.2148950822,0.1388256277
logp,Base,p3_base_vanilla_n8aligned,bbbp,5,"1,2,3,4,5",1,182,-0.0619760910,0.0203661333,5.9198964034,0.4253295458,1.3117483931,0.0292836258,1.4009200508,0.0195021385,1.0683446963,0.0251726658
logp,Base,p3_base_vanilla_n8aligned,tox21,5,"1,2,3,4,5",1,768,-0.0258238326,0.0053769762,7.5976526297,0.5075276129,1.3384564185,0.0104619578,1.4089193185,0.0022818192,1.0527019408,0.0092438225
logp,Base,p3_base_vanilla_n8aligned,toxcast,5,"1,2,3,4,5",1,832,-0.0293451506,0.0066194855,7.1156660160,0.6455180949,1.3102088067,0.0275007182,1.4109198676,0.0021061456,1.0772612876,0.0235849910
logp,Base,p3_base_vanilla_n8aligned,sider,5,"1,2,3,4,5",1,128,-0.0184199355,0.0133996653,4.9460506123,0.2609279938,1.3428342170,0.0100721111,1.4171076929,0.0043267612,1.0553738229,0.0106729069
logp,Base,p3_base_vanilla_n8aligned,clintox,5,"1,2,3,4,5",1,123,-0.0419395131,0.0173768476,5.2963130114,0.1448906870,1.3429765266,0.0079382705,1.4081138346,0.0076101272,1.0485132499,0.0047726175
logp,Base,p3_base_vanilla_n8aligned,bace,5,"1,2,3,4,5",1,128,-0.0504544785,0.0398629737,4.2558704204,0.5657592754,1.3379439057,0.0323009180,1.4039734064,0.0079673826,1.0499379848,0.0306229931
logp,Base,p3_base_vanilla_n8aligned,hiv,5,"1,2,3,4,5",1,2000,-0.0209474540,0.0067661381,9.8542979019,0.7365449277,1.3486543206,0.0137482854,1.4115941135,0.0012889347,1.0467565528,0.0108308957
logp,Base,p3_base_vanilla_n8aligned,muv,5,"1,2,3,4,5",1,2000,-0.0587032396,0.0112458412,8.7381656547,0.8553348168,1.3890055841,0.0040611477,1.4101547847,0.0013342507,1.0152334208,0.0032530609
logp,I1,p3_logp_mofe_last_ffn_n8aligned,bbbp,5,"1,2,3,4,5",1,182,0.0143038736,0.0596240166,3.3758018936,0.4409109781,1.2402610475,0.0395891532,1.4201113207,0.0218113259,1.1461866755,0.0484954996
logp,I1,p3_logp_mofe_last_ffn_n8aligned,tox21,5,"1,2,3,4,5",1,768,0.0453387321,0.0139219598,3.8557199116,0.3072819755,1.2619272553,0.0323662181,1.4256253631,0.0040518404,1.1303928652,0.0327737095
logp,I1,p3_logp_mofe_last_ffn_n8aligned,toxcast,5,"1,2,3,4,5",1,832,0.0155339202,0.0062050497,4.1841922848,0.1955065212,1.2570123229,0.0194966480,1.4205007589,0.0010336731,1.1302815741,0.0177893044
logp,I1,p3_logp_mofe_last_ffn_n8aligned,sider,5,"1,2,3,4,5",1,128,0.0362335456,0.0266441349,3.3473597684,0.4447212618,1.2905980958,0.0561849275,1.4286565167,0.0050655088,1.1088233293,0.0531504803
logp,I1,p3_logp_mofe_last_ffn_n8aligned,clintox,5,"1,2,3,4,5",1,123,0.0359763338,0.0290003137,3.2062062523,0.2021271006,1.2697912519,0.0425370884,1.4225510772,0.0061951638,1.1214256291,0.0420798981
logp,I1,p3_logp_mofe_last_ffn_n8aligned,bace,5,"1,2,3,4,5",1,128,0.0735117916,0.0437741892,2.3571204614,0.1205030000,1.2361561029,0.0550041138,1.4442562103,0.0057611078,1.1703960188,0.0576769172
logp,I1,p3_logp_mofe_last_ffn_n8aligned,hiv,5,"1,2,3,4,5",1,2000,0.0409224046,0.0166822475,4.5846277844,0.4838075569,1.2767561070,0.0231491933,1.4266505263,0.0033922062,1.1177361315,0.0230005290
logp,I1,p3_logp_mofe_last_ffn_n8aligned,muv,5,"1,2,3,4,5",1,2000,0.0091644110,0.0398450741,3.4435963844,0.5266795014,1.3271323742,0.0240102009,1.4307360656,0.0065910155,1.0784185381,0.0243706354
logp,I1+I2,p5_logp_mofe_last_selected_kan_n8aligned,bbbp,5,"1,2,3,4,5",1,182,0.0559984736,0.0223700094,2.6077077367,0.1361433747,1.2075084491,0.0404338076,1.4282546005,0.0066500286,1.1838595451,0.0394862735
logp,I1+I2,p5_logp_mofe_last_selected_kan_n8aligned,tox21,5,"1,2,3,4,5",1,768,0.0612444147,0.0088207863,3.4755712894,0.2929968749,1.2381373418,0.0299061411,1.4284604114,0.0038134857,1.1543171476,0.0310538581
logp,I1+I2,p5_logp_mofe_last_selected_kan_n8aligned,toxcast,5,"1,2,3,4,5",1,832,0.0246496028,0.0049258741,3.5891275114,0.1580296352,1.2400432896,0.0312511272,1.4219150248,0.0027033835,1.1472826899,0.0306417413
logp,I1+I2,p5_logp_mofe_last_selected_kan_n8aligned,sider,5,"1,2,3,4,5",1,128,0.0659562656,0.0447856984,2.8406993574,0.4724358085,1.2399272260,0.0832680890,1.4332280633,0.0084327553,1.1605409538,0.0865111031
logp,I1+I2,p5_logp_mofe_last_selected_kan_n8aligned,clintox,5,"1,2,3,4,5",1,123,0.0787389003,0.0274637180,2.5875639068,0.2052714375,1.2211395476,0.0394606758,1.4326459400,0.0036288396,1.1742425738,0.0401968001
logp,I1+I2,p5_logp_mofe_last_selected_kan_n8aligned,bace,5,"1,2,3,4,5",1,128,0.0889268758,0.0731257108,2.2131307327,0.3082239088,1.2220190813,0.0908568879,1.4479345443,0.0204032482,1.1910111450,0.1037466812
logp,I1+I2,p5_logp_mofe_last_selected_kan_n8aligned,hiv,5,"1,2,3,4,5",1,2000,0.0721086982,0.0282536039,3.7459221800,0.3792401202,1.2222930163,0.0456762647,1.4326777979,0.0069167686,1.1735532436,0.0478538997
logp,I1+I2,p5_logp_mofe_last_selected_kan_n8aligned,muv,5,"1,2,3,4,5",1,2000,0.0202124654,0.0219060903,3.0637423596,0.5043021513,1.3117224749,0.0210269451,1.4365815118,0.0044077921,1.0954539426,0.0208192371
logp,I1+I3,p3_logp_mofe_last_ffn_conloss_n8aligned,bbbp,5,"1,2,3,4,5",1,182,0.2226548581,0.1701909234,1.6933537691,0.6840178223,1.0268018329,0.1584568325,1.4553496135,0.0322031635,1.4474475832,0.2448849208
logp,I1+I3,p3_logp_mofe_last_ffn_conloss_n8aligned,tox21,5,"1,2,3,4,5",1,768,0.3100946663,0.0472323668,1.3837988188,0.1671134418,0.9426723260,0.0638249927,1.4740867108,0.0059014734,1.5697105730,0.1104631872
logp,I1+I3,p3_logp_mofe_last_ffn_conloss_n8aligned,toxcast,5,"1,2,3,4,5",1,832,0.0663662726,0.0100705231,2.8558062568,0.2242973252,1.1987426620,0.0248595202,1.4310146280,0.0033024145,1.1942133096,0.0272019943
logp,I1+I3,p3_logp_mofe_last_ffn_conloss_n8aligned,sider,5,"1,2,3,4,5",1,128,0.1637338386,0.1156005530,2.1202716390,0.6763742481,1.1505365851,0.1486393202,1.4487157828,0.0178763923,1.2795013001,0.1977235261
logp,I1+I3,p3_logp_mofe_last_ffn_conloss_n8aligned,clintox,5,"1,2,3,4,5",1,123,0.2809614489,0.1368220218,1.5146453054,0.4949660516,0.9761712775,0.1708313250,1.4676401721,0.0199234409,1.5410115778,0.2693037108
logp,I1+I3,p3_logp_mofe_last_ffn_conloss_n8aligned,bace,5,"1,2,3,4,5",1,128,0.4147026952,0.1764934547,1.0060577845,0.3823275167,0.8103379397,0.2504764357,1.5486141079,0.0609070841,2.0688163526,0.6503402917
logp,I1+I3,p3_logp_mofe_last_ffn_conloss_n8aligned,hiv,5,"1,2,3,4,5",1,2000,0.3414177194,0.1218490152,1.3990746040,0.4516406173,0.9146348019,0.1522763985,1.4787174579,0.0194940130,1.6508424681,0.2572718737
logp,I1+I3,p3_logp_mofe_last_ffn_conloss_n8aligned,muv,5,"1,2,3,4,5",1,2000,0.0542215152,0.0608361193,2.4921298304,0.7094148743,1.2648555713,0.0633878545,1.4511116409,0.0178518136,1.1501316112,0.0718026211
logp,Full,p5_logp_mofe_last_selected_kan_conloss_n8aligned,bbbp,5,"1,2,3,4,5",1,182,0.2625917268,0.0693735856,1.4401010895,0.2585392034,0.9974956944,0.0739311952,1.4653832006,0.0140119164,1.4760427288,0.1187173438
logp,Full,p5_logp_mofe_last_selected_kan_conloss_n8aligned,tox21,5,"1,2,3,4,5",1,768,0.3216043820,0.0560357267,1.3441439778,0.1605280005,0.9319382407,0.0711485832,1.4758568432,0.0070745351,1.5916409823,0.1311865176
logp,Full,p5_logp_mofe_last_selected_kan_conloss_n8aligned,toxcast,5,"1,2,3,4,5",1,832,0.1053632939,0.0128999179,2.4429342167,0.1091316179,1.1448722837,0.0160666101,1.4385923076,0.0022307727,1.2567539163,0.0180402965
logp,Full,p5_logp_mofe_last_selected_kan_conloss_n8aligned,sider,5,"1,2,3,4,5",1,128,0.2212316532,0.1467002766,1.9001235745,0.7844351749,1.0702182570,0.1955325152,1.4573699634,0.0216810380,1.4067283474,0.3121743846
logp,Full,p5_logp_mofe_last_selected_kan_conloss_n8aligned,clintox,5,"1,2,3,4,5",1,123,0.2791500447,0.1307196361,1.4981376662,0.4130923593,0.9571223899,0.1548612774,1.4680824256,0.0184097805,1.5673995542,0.2593550111
logp,Full,p5_logp_mofe_last_selected_kan_conloss_n8aligned,bace,5,"1,2,3,4,5",1,128,0.2990028546,0.1375439205,1.2583827485,0.3538875237,0.9748123540,0.1912896277,1.5157245608,0.0484493268,1.6116892159,0.3676195245
logp,Full,p5_logp_mofe_last_selected_kan_conloss_n8aligned,hiv,5,"1,2,3,4,5",1,2000,0.4460015433,0.0435871626,1.0752333247,0.0784427597,0.7718420342,0.0598006013,1.4943008923,0.0045390062,1.9455009187,0.1530345123
logp,Full,p5_logp_mofe_last_selected_kan_conloss_n8aligned,muv,5,"1,2,3,4,5",1,2000,0.1070380554,0.0929057060,1.9741335363,0.5309427296,1.1991303023,0.0870441046,1.4700033928,0.0232902381,1.2324097829,0.1122871745
