partition,model_role,model,dataset,fold,common_molecules,sample_policy,pca_components,silhouette,davies_bouldin,intra_distance,inter_distance,inter_intra_ratio
tpsa,Base,p3_base_vanilla_n8aligned,bbbp,1,190,all_common,50,-0.0129285146,4.8845394732,1.2496844054,1.4212193875,1.1372626411
tpsa,I1,p3_tpsa_mofe_last_ffn_n8aligned,bbbp,1,190,all_common,50,0.0439751924,2.7253249718,1.1704273291,1.4306470932,1.2223288517
tpsa,I1+I2,p5_tpsa_mofe_last_selected_kan_n8aligned,bbbp,1,190,all_common,50,0.0816919690,2.5194922970,1.1445799448,1.4369988555,1.2554814209
tpsa,I1+I3,p3_tpsa_mofe_last_ffn_conloss_n8aligned,bbbp,1,190,all_common,50,0.3396975925,1.1254941338,0.8787612675,1.4754597037,1.6790222309
tpsa,Full,p5_tpsa_mofe_last_selected_kan_conloss_n8aligned,bbbp,1,190,all_common,50,0.5168254198,0.7536966390,0.6657757013,1.4976764477,2.2495210394
tpsa,Base,p3_base_vanilla_n8aligned,bbbp,2,186,all_common,50,-0.0102885739,4.7031272794,1.2384337144,1.4300154164,1.1546967752
tpsa,I1,p3_tpsa_mofe_last_ffn_n8aligned,bbbp,2,186,all_common,50,0.0480312396,3.1586554124,1.1464548913,1.4393070742,1.2554415225
tpsa,I1+I2,p5_tpsa_mofe_last_selected_kan_n8aligned,bbbp,2,186,all_common,50,0.0732285105,2.4269830309,1.0620111230,1.4296123924,1.3461369297
tpsa,I1+I3,p3_tpsa_mofe_last_ffn_conloss_n8aligned,bbbp,2,186,all_common,50,0.3069453215,1.1831977429,0.9054203777,1.4881639743,1.6436166128
tpsa,Full,p5_tpsa_mofe_last_selected_kan_conloss_n8aligned,bbbp,2,186,all_common,50,0.1016261217,2.1077375250,1.0090770305,1.4320898809,1.4192076894
tpsa,Base,p3_base_vanilla_n8aligned,bbbp,3,183,all_common,50,-0.0425075756,5.2085160126,1.2795580219,1.4122182637,1.1036766129
tpsa,I1,p3_tpsa_mofe_last_ffn_n8aligned,bbbp,3,183,all_common,50,0.0434686342,3.5659354811,1.2226492179,1.4333208041,1.1723074641
tpsa,I1+I2,p5_tpsa_mofe_last_selected_kan_n8aligned,bbbp,3,183,all_common,50,0.0970462839,2.4085332960,1.1478540086,1.4431244843,1.2572369600
tpsa,I1+I3,p3_tpsa_mofe_last_ffn_conloss_n8aligned,bbbp,3,183,all_common,50,0.1285756570,1.8089881517,1.0701541349,1.4474806045,1.3525907692
tpsa,Full,p5_tpsa_mofe_last_selected_kan_conloss_n8aligned,bbbp,3,183,all_common,50,0.2795531347,1.2402642528,0.9601704626,1.4749838573,1.5361687479
tpsa,Base,p3_base_vanilla_n8aligned,bbbp,4,182,all_common,50,-0.0248553845,4.2946629558,1.3069631626,1.4113606888,1.0798779408
tpsa,I1,p3_tpsa_mofe_last_ffn_n8aligned,bbbp,4,182,all_common,50,0.0008172926,3.0805382164,1.2294203257,1.4266283595,1.1604073316
tpsa,I1+I2,p5_tpsa_mofe_last_selected_kan_n8aligned,bbbp,4,182,all_common,50,0.0140931897,2.6733441163,1.1926858236,1.4293140721,1.1983994811
tpsa,I1+I3,p3_tpsa_mofe_last_ffn_conloss_n8aligned,bbbp,4,182,all_common,50,0.2421922423,1.4560071252,1.0282317436,1.4678607166,1.4275582579
tpsa,Full,p5_tpsa_mofe_last_selected_kan_conloss_n8aligned,bbbp,4,182,all_common,50,0.2587105439,1.4204711755,0.9969407791,1.4719649186,1.4764818026
tpsa,Base,p3_base_vanilla_n8aligned,bbbp,5,187,all_common,50,-0.0857422548,5.5531743738,1.1843368099,1.3891445565,1.1729303226
tpsa,I1,p3_tpsa_mofe_last_ffn_n8aligned,bbbp,5,187,all_common,50,0.0377238667,3.1534070532,1.2069688532,1.4364754062,1.1901511811
tpsa,I1+I2,p5_tpsa_mofe_last_selected_kan_n8aligned,bbbp,5,187,all_common,50,0.0537868238,2.4724888049,1.1058151059,1.4265151915,1.2900123934
tpsa,I1+I3,p3_tpsa_mofe_last_ffn_conloss_n8aligned,bbbp,5,187,all_common,50,0.4148452498,0.9358609610,0.7913736860,1.5006444744,1.8962526820
tpsa,Full,p5_tpsa_mofe_last_selected_kan_conloss_n8aligned,bbbp,5,187,all_common,50,0.2685488668,1.4407333379,0.9057385731,1.4780013597,1.6318189417
logp,Base,p3_base_vanilla_n8aligned,bbbp,1,190,all_common,50,-0.0357473762,5.8765820659,1.3052105487,1.4127457243,1.0823891408
logp,I1,p3_logp_mofe_last_ffn_n8aligned,bbbp,1,190,all_common,50,-0.0534880696,3.9158840995,1.2510483620,1.3848350590,1.1069396684
logp,I1+I2,p5_logp_mofe_last_selected_kan_n8aligned,bbbp,1,190,all_common,50,0.0632238384,2.6611763132,1.2158933858,1.4295168563,1.1756926002
logp,I1+I3,p3_logp_mofe_last_ffn_conloss_n8aligned,bbbp,1,190,all_common,50,0.0627230587,2.3635491139,1.1462167478,1.4178562376,1.2369878910
logp,Full,p5_logp_mofe_last_selected_kan_conloss_n8aligned,bbbp,1,190,all_common,50,0.3136576813,1.2807686550,0.9475904597,1.4699582384,1.5512590100
logp,Base,p3_base_vanilla_n8aligned,bbbp,2,186,all_common,50,-0.0536868400,6.1373224264,1.3124810194,1.4131793554,1.0767236512
logp,I1,p3_logp_mofe_last_ffn_n8aligned,bbbp,2,186,all_common,50,0.0589174667,2.8729782842,1.2108001301,1.4342698771,1.1845636959
logp,I1+I2,p5_logp_mofe_last_selected_kan_n8aligned,bbbp,2,186,all_common,50,0.0521016158,2.5530963307,1.2132845344,1.4279988754,1.1769694865
logp,I1+I3,p3_logp_mofe_last_ffn_conloss_n8aligned,bbbp,2,186,all_common,50,0.2869209543,1.4021146452,0.9805453514,1.4697197688,1.4988799515
logp,Full,p5_logp_mofe_last_selected_kan_conloss_n8aligned,bbbp,2,186,all_common,50,0.1981897998,1.7338661702,1.0670735354,1.4472220542,1.3562533473
logp,Base,p3_base_vanilla_n8aligned,bbbp,3,183,all_common,50,-0.0563919518,5.3260727376,1.2867421649,1.4091099028,1.0950988794
logp,I1,p3_logp_mofe_last_ffn_n8aligned,bbbp,3,183,all_common,50,0.0604198634,3.0763390053,1.1971706004,1.4387266781,1.2017724772
logp,I1+I2,p5_logp_mofe_last_selected_kan_n8aligned,bbbp,3,183,all_common,50,0.0835900939,2.4020239105,1.1779603571,1.4379784727,1.2207358796
logp,I1+I3,p3_logp_mofe_last_ffn_conloss_n8aligned,bbbp,3,183,all_common,50,0.3973603803,1.0071579522,0.8701709234,1.4888593139,1.7109963961
logp,Full,p5_logp_mofe_last_selected_kan_conloss_n8aligned,bbbp,3,183,all_common,50,0.3502465273,1.1016952161,0.9095150877,1.4827415164,1.6302549968
logp,Base,p3_base_vanilla_n8aligned,bbbp,4,182,all_common,50,-0.0762310954,5.7878715197,1.3609687488,1.4027171068,1.0306754714
logp,I1,p3_logp_mofe_last_ffn_n8aligned,bbbp,4,182,all_common,50,-0.0483714938,3.7403949648,1.2987175791,1.4140006339,1.0887668395
logp,I1+I2,p5_logp_mofe_last_selected_kan_n8aligned,bbbp,4,182,all_common,50,0.0218976852,2.7591018445,1.2673768351,1.4262885443,1.1253863136
logp,I1+I3,p3_logp_mofe_last_ffn_conloss_n8aligned,bbbp,4,182,all_common,50,0.0211074446,2.4870816494,1.2358963964,1.4240883775,1.1522716481
logp,Full,p5_logp_mofe_last_selected_kan_conloss_n8aligned,bbbp,4,182,all_common,50,0.1934133381,1.6429942382,1.0788625079,1.4714391087,1.3638801032
logp,Base,p3_base_vanilla_n8aligned,bbbp,5,187,all_common,50,-0.0878231917,6.4716332672,1.2933394835,1.3668481646,1.0568363388
logp,I1,p3_logp_mofe_last_ffn_n8aligned,bbbp,5,187,all_common,50,0.0540416011,3.2734131143,1.2435685657,1.4287243553,1.1488906963
logp,I1+I2,p5_logp_mofe_last_selected_kan_n8aligned,bbbp,5,187,all_common,50,0.0591791347,2.6631402845,1.1630271332,1.4194902540,1.2205134458
logp,I1+I3,p3_logp_mofe_last_ffn_conloss_n8aligned,bbbp,5,187,all_common,50,0.3451624527,1.2068654850,0.9011797455,1.4762243698,1.6381020293
logp,Full,p5_logp_mofe_last_selected_kan_conloss_n8aligned,bbbp,5,187,all_common,50,0.2574512877,1.4411811682,0.9844368813,1.4555550854,1.4785661865
tpsa,Base,p3_base_vanilla_n8aligned,tox21,1,768,all_common,50,-0.0179058780,7.5922018874,1.3478098325,1.4117870273,1.0474675234
tpsa,I1,p3_tpsa_mofe_last_ffn_n8aligned,tox21,1,768,all_common,50,0.0331113051,3.9879153584,1.2958311582,1.4191997496,1.0952042175
tpsa,I1+I2,p5_tpsa_mofe_last_selected_kan_n8aligned,tox21,1,768,all_common,50,0.0453792629,3.1811477614,1.2623361547,1.4263032771,1.1298918056
tpsa,I1+I3,p3_tpsa_mofe_last_ffn_conloss_n8aligned,tox21,1,768,all_common,50,0.3670918960,1.2100248850,0.9062580724,1.4867902651,1.6405815413
tpsa,Full,p5_tpsa_mofe_last_selected_kan_conloss_n8aligned,tox21,1,768,all_common,50,0.4110086695,1.0811211539,0.8478115356,1.4938304260,1.7619840770
tpsa,Base,p3_base_vanilla_n8aligned,tox21,2,768,all_common,50,-0.0240056622,8.2895247312,1.3438246412,1.4061326538,1.0463661781
tpsa,I1,p3_tpsa_mofe_last_ffn_n8aligned,tox21,2,768,all_common,50,0.0268267943,4.2899811731,1.3087946463,1.4149714179,1.0811256157
tpsa,I1+I2,p5_tpsa_mofe_last_selected_kan_n8aligned,tox21,2,768,all_common,50,0.0503380011,3.2355564797,1.2621480343,1.4229795567,1.1274268295
tpsa,I1+I3,p3_tpsa_mofe_last_ffn_conloss_n8aligned,tox21,2,768,all_common,50,0.3432824390,1.3156941077,0.9262386313,1.4789836641,1.5967630954
tpsa,Full,p5_tpsa_mofe_last_selected_kan_conloss_n8aligned,tox21,2,768,all_common,50,0.3362470774,1.3341081649,0.9368555922,1.4772757861,1.5768447117
tpsa,Base,p3_base_vanilla_n8aligned,tox21,3,768,all_common,50,-0.0185763751,8.1331979001,1.3373318009,1.4085294909,1.0532386128
tpsa,I1,p3_tpsa_mofe_last_ffn_n8aligned,tox21,3,768,all_common,50,0.0215264851,4.5509615809,1.3070175880,1.4188578269,1.0855690390
tpsa,I1+I2,p5_tpsa_mofe_last_selected_kan_n8aligned,tox21,3,768,all_common,50,0.0409599586,3.5533308146,1.2844623689,1.4239228841,1.1085750105
tpsa,I1+I3,p3_tpsa_mofe_last_ffn_conloss_n8aligned,tox21,3,768,all_common,50,0.2500003946,1.5770233225,1.0514234834,1.4683502981,1.3965355742
tpsa,Full,p5_tpsa_mofe_last_selected_kan_conloss_n8aligned,tox21,3,768,all_common,50,0.3768425062,1.2773576226,0.8790249317,1.4911177975,1.6963316325
tpsa,Base,p3_base_vanilla_n8aligned,tox21,4,768,all_common,50,-0.0043112597,9.0747509378,1.3393741859,1.4101434416,1.0528375539
tpsa,I1,p3_tpsa_mofe_last_ffn_n8aligned,tox21,4,768,all_common,50,0.0320754957,4.2531886459,1.2907782348,1.4172733151,1.0979990806
tpsa,I1+I2,p5_tpsa_mofe_last_selected_kan_n8aligned,tox21,4,768,all_common,50,0.0509652504,3.3791594946,1.2702280171,1.4228379302,1.1201437152
tpsa,I1+I3,p3_tpsa_mofe_last_ffn_conloss_n8aligned,tox21,4,768,all_common,50,0.1366197764,2.1980238484,1.1888106298,1.4409878358,1.2121256318
tpsa,Full,p5_tpsa_mofe_last_selected_kan_conloss_n8aligned,tox21,4,768,all_common,50,0.3837640492,1.1836529841,0.8676473707,1.4855457520,1.7121538106
tpsa,Base,p3_base_vanilla_n8aligned,tox21,5,768,all_common,50,-0.0085091517,7.2255517158,1.3151022238,1.4118304532,1.0735518712
tpsa,I1,p3_tpsa_mofe_last_ffn_n8aligned,tox21,5,768,all_common,50,0.0431933374,4.1077959582,1.2704620482,1.4237134688,1.1206265239
tpsa,I1+I2,p5_tpsa_mofe_last_selected_kan_n8aligned,tox21,5,768,all_common,50,0.0690061441,3.1451739089,1.2330940942,1.4262100895,1.1566109157
tpsa,I1+I3,p3_tpsa_mofe_last_ffn_conloss_n8aligned,tox21,5,768,all_common,50,0.3916455690,1.1299278090,0.8502019354,1.4837754543,1.7452035717
tpsa,Full,p5_tpsa_mofe_last_selected_kan_conloss_n8aligned,tox21,5,768,all_common,50,0.4528916118,1.0257580562,0.7563661068,1.4926599071,1.9734621814
logp,Base,p3_base_vanilla_n8aligned,tox21,1,768,all_common,50,-0.0206201503,7.5141027743,1.3444031277,1.4110858151,1.0496002174
logp,I1,p3_logp_mofe_last_ffn_n8aligned,tox21,1,768,all_common,50,0.0466065151,3.6110905230,1.2478749363,1.4265243140,1.1431628863
logp,I1+I2,p5_logp_mofe_last_selected_kan_n8aligned,tox21,1,768,all_common,50,0.0651836170,3.2435275493,1.2309409934,1.4297898729,1.1615421703
logp,I1+I3,p3_logp_mofe_last_ffn_conloss_n8aligned,tox21,1,768,all_common,50,0.3363296555,1.2792524260,0.8995592335,1.4765772607,1.6414452832
logp,Full,p5_logp_mofe_last_selected_kan_conloss_n8aligned,tox21,1,768,all_common,50,0.2821879293,1.4842684360,0.9743331018,1.4689356195,1.5076318528
logp,Base,p3_base_vanilla_n8aligned,tox21,2,768,all_common,50,-0.0296340207,8.3320505807,1.3455414019,1.4059885070,1.0449240023
logp,I1,p3_logp_mofe_last_ffn_n8aligned,tox21,2,768,all_common,50,0.0391682146,4.2251642550,1.2904462813,1.4227563031,1.1025304375
logp,I1+I2,p5_logp_mofe_last_selected_kan_n8aligned,tox21,2,768,all_common,50,0.0476491098,3.9699475666,1.2729333405,1.4228069846,1.1177388000
logp,I1+I3,p3_logp_mofe_last_ffn_conloss_n8aligned,tox21,2,768,all_common,50,0.3295560843,1.3302073438,0.9255044646,1.4792115549,1.5982759797
logp,Full,p5_logp_mofe_last_selected_kan_conloss_n8aligned,tox21,2,768,all_common,50,0.2572785852,1.5404490148,1.0195444279,1.4677364624,1.4396002982
logp,Base,p3_base_vanilla_n8aligned,tox21,3,768,all_common,50,-0.0325830987,6.9026414933,1.3412692351,1.4070486300,1.0490426480
logp,I1,p3_logp_mofe_last_ffn_n8aligned,tox21,3,768,all_common,50,0.0304413358,4.0433254798,1.2815730392,1.4224998776,1.1099639537
logp,I1+I2,p5_logp_mofe_last_selected_kan_n8aligned,tox21,3,768,all_common,50,0.0595750024,3.4739212847,1.2529316059,1.4266722675,1.1386673149
logp,I1+I3,p3_logp_mofe_last_ffn_conloss_n8aligned,tox21,3,768,all_common,50,0.2509583471,1.6277775101,1.0265380116,1.4672409436,1.4293099009
logp,Full,p5_logp_mofe_last_selected_kan_conloss_n8aligned,tox21,3,768,all_common,50,0.3243294003,1.2389402008,0.9306776619,1.4793279146,1.5895169458
logp,Base,p3_base_vanilla_n8aligned,tox21,4,768,all_common,50,-0.0257836930,7.6202420942,1.3409939378,1.4097018739,1.0512365748
logp,I1,p3_logp_mofe_last_ffn_n8aligned,tox21,4,768,all_common,50,0.0426362921,3.9201417514,1.2781253176,1.4240574088,1.1141766689
logp,I1+I2,p5_logp_mofe_last_selected_kan_n8aligned,tox21,4,768,all_common,50,0.0622191623,3.2705438121,1.2414094251,1.4303838602,1.1522257131
logp,I1+I3,p3_logp_mofe_last_ffn_conloss_n8aligned,tox21,4,768,all_common,50,0.2706131906,1.4725896252,0.9893157007,1.4682392060,1.4840957289
logp,Full,p5_logp_mofe_last_selected_kan_conloss_n8aligned,tox21,4,768,all_common,50,0.3424576477,1.2881378440,0.9028360648,1.4797230854,1.6389720605
logp,Base,p3_base_vanilla_n8aligned,tox21,5,768,all_common,50,-0.0204982003,7.6192262062,1.3200743902,1.4107717664,1.0687062615
logp,I1,p3_logp_mofe_last_ffn_n8aligned,tox21,5,768,all_common,50,0.0678413031,3.4788775487,1.2116167023,1.4322889120,1.1821303794
logp,I1+I2,p5_logp_mofe_last_selected_kan_n8aligned,tox21,5,768,all_common,50,0.0715951819,3.4199162343,1.1924713440,1.4326490718,1.2014117395
logp,I1+I3,p3_logp_mofe_last_ffn_conloss_n8aligned,tox21,5,768,all_common,50,0.3630160539,1.2091671887,0.8724442195,1.4791645889,1.6954259721
logp,Full,p5_logp_mofe_last_selected_kan_conloss_n8aligned,tox21,5,768,all_common,50,0.4017683475,1.1689243934,0.8322999470,1.4835611342,1.7824837543
tpsa,Base,p3_base_vanilla_n8aligned,toxcast,1,832,all_common,50,-0.0135386911,7.8986142138,1.3135751445,1.4067512862,1.0709332406
tpsa,I1,p3_tpsa_mofe_last_ffn_n8aligned,toxcast,1,832,all_common,50,0.0150485676,5.0583656530,1.2990158082,1.4103292641,1.0856906092
tpsa,I1+I2,p5_tpsa_mofe_last_selected_kan_n8aligned,toxcast,1,832,all_common,50,0.0449591750,3.5672383570,1.2458376560,1.4176226836,1.1378871692
tpsa,I1+I3,p3_tpsa_mofe_last_ffn_conloss_n8aligned,toxcast,1,832,all_common,50,0.0997450090,2.4988360466,1.1845657597,1.4253303641,1.2032513624
tpsa,Full,p5_tpsa_mofe_last_selected_kan_conloss_n8aligned,toxcast,1,832,all_common,50,0.1008397242,2.6017636479,1.2128128931,1.4338249463,1.1822309562
tpsa,Base,p3_base_vanilla_n8aligned,toxcast,2,832,all_common,50,-0.0146369087,9.2632330823,1.3392643307,1.4095409997,1.0524740840
tpsa,I1,p3_tpsa_mofe_last_ffn_n8aligned,toxcast,2,832,all_common,50,0.0171382089,4.4928952749,1.2986168286,1.4150938059,1.0896931063
tpsa,I1+I2,p5_tpsa_mofe_last_selected_kan_n8aligned,toxcast,2,832,all_common,50,0.0439196181,3.5545687562,1.2780528100,1.4168738782,1.1086191956
tpsa,I1+I3,p3_tpsa_mofe_last_ffn_conloss_n8aligned,toxcast,2,832,all_common,50,0.0526755241,3.2700201791,1.2645139910,1.4178433860,1.1212555939
tpsa,Full,p5_tpsa_mofe_last_selected_kan_conloss_n8aligned,toxcast,2,832,all_common,50,0.0637532342,3.1440192356,1.2579779570,1.4241369593,1.1320841922
tpsa,Base,p3_base_vanilla_n8aligned,toxcast,3,832,all_common,50,-0.0253366288,7.2768798114,1.3287632564,1.4043750553,1.0569038906
tpsa,I1,p3_tpsa_mofe_last_ffn_n8aligned,toxcast,3,832,all_common,50,0.0139632410,4.3668878513,1.2768576991,1.4174372178,1.1100980311
tpsa,I1+I2,p5_tpsa_mofe_last_selected_kan_n8aligned,toxcast,3,832,all_common,50,0.0559304824,2.9396723691,1.2551200768,1.4227762296,1.1335777794
tpsa,I1+I3,p3_tpsa_mofe_last_ffn_conloss_n8aligned,toxcast,3,832,all_common,50,0.0803051951,2.6156352206,1.2203759754,1.4299310494,1.1717135360
tpsa,Full,p5_tpsa_mofe_last_selected_kan_conloss_n8aligned,toxcast,3,832,all_common,50,0.1324724069,2.0984856455,1.1775248622,1.4399764394,1.2228841069
tpsa,Base,p3_base_vanilla_n8aligned,toxcast,4,832,all_common,50,-0.0069179062,9.8412509177,1.3300495839,1.4123586279,1.0618841922
tpsa,I1,p3_tpsa_mofe_last_ffn_n8aligned,toxcast,4,832,all_common,50,0.0342689450,4.4754897930,1.2926401429,1.4174982897,1.0965915747
tpsa,I1+I2,p5_tpsa_mofe_last_selected_kan_n8aligned,toxcast,4,832,all_common,50,0.0597617443,3.3986787864,1.2526206996,1.4233526636,1.1362998105
tpsa,I1+I3,p3_tpsa_mofe_last_ffn_conloss_n8aligned,toxcast,4,832,all_common,50,0.0807998775,2.8513355548,1.2310243818,1.4247149653,1.1573409807
tpsa,Full,p5_tpsa_mofe_last_selected_kan_conloss_n8aligned,toxcast,4,832,all_common,50,0.1292622834,2.4087240392,1.1626380068,1.4382824650,1.2370853667
tpsa,Base,p3_base_vanilla_n8aligned,toxcast,5,832,all_common,50,-0.0090381547,8.0637667670,1.3199357003,1.4098139638,1.0680929104
tpsa,I1,p3_tpsa_mofe_last_ffn_n8aligned,toxcast,5,832,all_common,50,0.0228120220,4.2623680689,1.2711434846,1.4178268015,1.1153947753
tpsa,I1+I2,p5_tpsa_mofe_last_selected_kan_n8aligned,toxcast,5,832,all_common,50,0.0536046204,3.4462486513,1.2424905819,1.4250958889,1.1469671558
tpsa,I1+I3,p3_tpsa_mofe_last_ffn_conloss_n8aligned,toxcast,5,832,all_common,50,0.0563707035,2.9953024137,1.2229861590,1.4209721073,1.1618873172
tpsa,Full,p5_tpsa_mofe_last_selected_kan_conloss_n8aligned,toxcast,5,832,all_common,50,0.1260952071,2.2950048709,1.1776282216,1.4353875669,1.2188800681
logp,Base,p3_base_vanilla_n8aligned,toxcast,1,832,all_common,50,-0.0291678203,6.8622079536,1.2639585655,1.4128553866,1.1178019795
logp,I1,p3_logp_mofe_last_ffn_n8aligned,toxcast,1,832,all_common,50,0.0181619936,4.3362147807,1.2291701542,1.4213017628,1.1563100177
logp,I1+I2,p5_logp_mofe_last_selected_kan_n8aligned,toxcast,1,832,all_common,50,0.0213487152,3.6983450654,1.1955616666,1.4234026011,1.1905722983
logp,I1+I3,p3_logp_mofe_last_ffn_conloss_n8aligned,toxcast,1,832,all_common,50,0.0563853712,3.0786789924,1.2081928003,1.4271704965,1.1812440003
logp,Full,p5_logp_mofe_last_selected_kan_conloss_n8aligned,toxcast,1,832,all_common,50,0.0985273912,2.5978715800,1.1447091743,1.4349965564,1.2535905089
logp,Base,p3_base_vanilla_n8aligned,toxcast,2,832,all_common,50,-0.0278445781,6.4345724333,1.3268370320,1.4116412599,1.0639145771
logp,I1,p3_logp_mofe_last_ffn_n8aligned,toxcast,2,832,all_common,50,0.0080748365,4.0555567818,1.2692005332,1.4192137673,1.1181950607
logp,I1+I2,p5_logp_mofe_last_selected_kan_n8aligned,toxcast,2,832,all_common,50,0.0181602107,3.4735455514,1.2460318320,1.4202085710,1.1397851440
logp,I1+I3,p3_logp_mofe_last_ffn_conloss_n8aligned,toxcast,2,832,all_common,50,0.0817923270,2.6234995595,1.1699130862,1.4358022582,1.2272725855
logp,Full,p5_logp_mofe_last_selected_kan_conloss_n8aligned,toxcast,2,832,all_common,50,0.1040651818,2.5088228175,1.1275786167,1.4407135148,1.2777056017
logp,Base,p3_base_vanilla_n8aligned,toxcast,3,832,all_common,50,-0.0404781840,6.6758834972,1.3058847345,1.4082340411,1.0783754521
logp,I1,p3_logp_mofe_last_ffn_n8aligned,toxcast,3,832,all_common,50,0.0112550550,4.0555623958,1.2444815999,1.4195888095,1.1407069495
logp,I1+I2,p5_logp_mofe_last_selected_kan_n8aligned,toxcast,3,832,all_common,50,0.0301912295,3.4397858395,1.2280576370,1.4259219758,1.1611197495
logp,I1+I3,p3_logp_mofe_last_ffn_conloss_n8aligned,toxcast,3,832,all_common,50,0.0654852039,2.6045950132,1.1749856623,1.4324669259,1.2191356643
logp,Full,p5_logp_mofe_last_selected_kan_conloss_n8aligned,toxcast,3,832,all_common,50,0.0886641720,2.3440333315,1.1356720791,1.4384616328,1.2666170625
logp,Base,p3_base_vanilla_n8aligned,toxcast,4,832,all_common,50,-0.0231439826,7.8233163167,1.3298937935,1.4127038836,1.0622681980
logp,I1,p3_logp_mofe_last_ffn_n8aligned,toxcast,4,832,all_common,50,0.0161100224,4.4502962678,1.2757161252,1.4209105906,1.1138140865
logp,I1+I2,p5_logp_mofe_last_selected_kan_n8aligned,toxcast,4,832,all_common,50,0.0253053038,3.8087209337,1.2806830988,1.4193584721,1.1082823483
logp,I1+I3,p3_logp_mofe_last_ffn_conloss_n8aligned,toxcast,4,832,all_common,50,0.0587509162,3.0023068086,1.2149834855,1.4305044535,1.1773859238
logp,Full,p5_logp_mofe_last_selected_kan_conloss_n8aligned,toxcast,4,832,all_common,50,0.1216537401,2.3497404941,1.1460866248,1.4401600968,1.2565892190
logp,Base,p3_base_vanilla_n8aligned,toxcast,5,832,all_common,50,-0.0260911880,7.7823498792,1.3244699079,1.4091647668,1.0639462311
logp,I1,p3_logp_mofe_last_ffn_n8aligned,toxcast,5,832,all_common,50,0.0240676934,4.0233311980,1.2664932019,1.4214888643,1.1223817563
logp,I1+I2,p5_logp_mofe_last_selected_kan_n8aligned,toxcast,5,832,all_common,50,0.0282425548,3.5252401670,1.2498822134,1.4206835039,1.1366539092
logp,I1+I3,p3_logp_mofe_last_ffn_conloss_n8aligned,toxcast,5,832,all_common,50,0.0694175445,2.9699509101,1.2256382759,1.4291290061,1.1660283742
logp,Full,p5_logp_mofe_last_selected_kan_conloss_n8aligned,toxcast,5,832,all_common,50,0.1139059843,2.4142028604,1.1703149237,1.4386297372,1.2292671896
tpsa,Base,p3_base_vanilla_n8aligned,sider,1,128,all_common,50,-0.0196278680,4.5482403391,1.3450069896,1.4202036666,1.0559080195
tpsa,I1,p3_tpsa_mofe_last_ffn_n8aligned,sider,1,128,all_common,50,0.0477352900,3.0009119923,1.2603890779,1.4319113427,1.1360867590
tpsa,I1+I2,p5_tpsa_mofe_last_selected_kan_n8aligned,sider,1,128,all_common,50,0.0870907087,2.4489212815,1.2170649983,1.4374595905,1.1810869531
tpsa,I1+I3,p3_tpsa_mofe_last_ffn_conloss_n8aligned,sider,1,128,all_common,50,0.4120267922,1.0754388432,0.8164857222,1.4883007410,1.8228129416
tpsa,Full,p5_tpsa_mofe_last_selected_kan_conloss_n8aligned,sider,1,128,all_common,50,0.0865643612,2.4296576572,1.2504810931,1.4382433217,1.1501519932
tpsa,Base,p3_base_vanilla_n8aligned,sider,2,128,all_common,50,0.0081888285,4.7801265081,1.2958625606,1.4276677805,1.1017123450
tpsa,I1,p3_tpsa_mofe_last_ffn_n8aligned,sider,2,128,all_common,50,0.0224631712,3.6269762601,1.3209414703,1.4286127566,1.0815110198
tpsa,I1+I2,p5_tpsa_mofe_last_selected_kan_n8aligned,sider,2,128,all_common,50,0.0374100227,3.3348310519,1.3076111363,1.4311678386,1.0944904022
tpsa,I1+I3,p3_tpsa_mofe_last_ffn_conloss_n8aligned,sider,2,128,all_common,50,0.3003037035,1.4741050530,0.9697408651,1.4819778100,1.5282204383
tpsa,Full,p5_tpsa_mofe_last_selected_kan_conloss_n8aligned,sider,2,128,all_common,50,0.1501638498,1.9392111219,1.1819436288,1.4528874102,1.2292357899
tpsa,Base,p3_base_vanilla_n8aligned,sider,3,128,all_common,50,-0.0245320642,4.8388916855,1.3039064973,1.4230736937,1.0913924401
tpsa,I1,p3_tpsa_mofe_last_ffn_n8aligned,sider,3,128,all_common,50,0.0383984045,3.2746779606,1.2894019994,1.4297339858,1.1088349378
tpsa,I1+I2,p5_tpsa_mofe_last_selected_kan_n8aligned,sider,3,128,all_common,50,0.0728720420,2.6284928473,1.2242833989,1.4372321931,1.1739375004
tpsa,I1+I3,p3_tpsa_mofe_last_ffn_conloss_n8aligned,sider,3,128,all_common,50,0.0557488693,2.9455720477,1.2760820154,1.4334962303,1.1233574433
tpsa,Full,p5_tpsa_mofe_last_selected_kan_conloss_n8aligned,sider,3,128,all_common,50,0.2477706010,1.4644912274,1.0563513374,1.4632501668,1.3851927052
tpsa,Base,p3_base_vanilla_n8aligned,sider,4,128,all_common,50,-0.0248644355,4.8691768918,1.3202060262,1.4158605347,1.0724542281
tpsa,I1,p3_tpsa_mofe_last_ffn_n8aligned,sider,4,128,all_common,50,0.0246614147,3.7687168269,1.3295643104,1.4231905900,1.0704187671
tpsa,I1+I2,p5_tpsa_mofe_last_selected_kan_n8aligned,sider,4,128,all_common,50,0.0411922928,3.0918251588,1.3022543089,1.4263301510,1.0952777359
tpsa,I1+I3,p3_tpsa_mofe_last_ffn_conloss_n8aligned,sider,4,128,all_common,50,0.1406537612,1.9728981663,1.1828347833,1.4466293833,1.2230189742
tpsa,Full,p5_tpsa_mofe_last_selected_kan_conloss_n8aligned,sider,4,128,all_common,50,0.3572232695,1.1224400721,0.8832797512,1.4817462162,1.6775503051
tpsa,Base,p3_base_vanilla_n8aligned,sider,5,128,all_common,50,-0.0201528783,4.7516244107,1.3564216106,1.4180157843,1.0454093131
tpsa,I1,p3_tpsa_mofe_last_ffn_n8aligned,sider,5,128,all_common,50,0.0394547238,3.1954493965,1.2816565836,1.4283358047,1.1144450260
tpsa,I1+I2,p5_tpsa_mofe_last_selected_kan_n8aligned,sider,5,128,all_common,50,0.0196021621,3.6743080814,1.3250274638,1.4248930495,1.0753686912
tpsa,I1+I3,p3_tpsa_mofe_last_ffn_conloss_n8aligned,sider,5,128,all_common,50,0.2996698468,1.2696169733,0.9669443358,1.4758040311,1.5262554177
tpsa,Full,p5_tpsa_mofe_last_selected_kan_conloss_n8aligned,sider,5,128,all_common,50,0.1669161605,1.8157176911,1.1494277210,1.4528106274,1.2639425697
logp,Base,p3_base_vanilla_n8aligned,sider,1,128,all_common,50,0.0005839680,4.6987245572,1.3262667481,1.4228968892,1.0728587528
logp,I1,p3_logp_mofe_last_ffn_n8aligned,sider,1,128,all_common,50,0.0368550538,3.2434157175,1.3037136028,1.4285406542,1.0957472954
logp,I1+I2,p5_logp_mofe_last_selected_kan_n8aligned,sider,1,128,all_common,50,0.1258061580,2.2314842527,1.1350752608,1.4455146656,1.2734967588
logp,I1+I3,p3_logp_mofe_last_ffn_conloss_n8aligned,sider,1,128,all_common,50,0.3356859822,1.3068509446,0.9244738759,1.4758830766,1.5964573096
logp,Full,p5_logp_mofe_last_selected_kan_conloss_n8aligned,sider,1,128,all_common,50,0.4425533651,1.0586435150,0.7751615187,1.4890383252,1.9209394291
logp,Base,p3_base_vanilla_n8aligned,sider,2,128,all_common,50,-0.0167765044,5.0813801880,1.3476592607,1.4154157884,1.0502771952
logp,I1,p3_logp_mofe_last_ffn_n8aligned,sider,2,128,all_common,50,0.0711728290,2.9867536489,1.2085480571,1.4347661761,1.1871817323
logp,I1+I2,p5_logp_mofe_last_selected_kan_n8aligned,sider,2,128,all_common,50,0.0988588822,2.4512393850,1.1689040497,1.4379679073,1.2301847253
logp,I1+I3,p3_logp_mofe_last_ffn_conloss_n8aligned,sider,2,128,all_common,50,0.1281805686,2.1719038493,1.2030098342,1.4419806148,1.1986440791
logp,Full,p5_logp_mofe_last_selected_kan_conloss_n8aligned,sider,2,128,all_common,50,0.2571485009,1.5235922855,1.0233568787,1.4614464404,1.4280906993
logp,Base,p3_base_vanilla_n8aligned,sider,3,128,all_common,50,-0.0269504130,5.2340290378,1.3531550868,1.4146305628,1.0454312123
logp,I1,p3_logp_mofe_last_ffn_n8aligned,sider,3,128,all_common,50,0.0096330302,4.0746168188,1.3479444908,1.4221032223,1.0550161612
logp,I1+I2,p5_logp_mofe_last_selected_kan_n8aligned,sider,3,128,all_common,50,0.0264159157,3.3260430439,1.3159531312,1.4256518469,1.0833606556
logp,I1+I3,p3_logp_mofe_last_ffn_conloss_n8aligned,sider,3,128,all_common,50,0.2113552016,1.7232850543,1.0896055080,1.4558637506,1.3361383913
logp,Full,p5_logp_mofe_last_selected_kan_conloss_n8aligned,sider,3,128,all_common,50,0.1894863700,1.8283451848,1.1154280579,1.4524849238,1.3021771450
logp,Base,p3_base_vanilla_n8aligned,sider,4,128,all_common,50,-0.0346807350,4.6407660544,1.3440434187,1.4123569599,1.0508268856
logp,I1,p3_logp_mofe_last_ffn_n8aligned,sider,4,128,all_common,50,0.0108875357,3.4244008987,1.3307942533,1.4256050517,1.0712437691
logp,I1+I2,p5_logp_mofe_last_selected_kan_n8aligned,sider,4,128,all_common,50,0.0255799804,3.1337464110,1.3114296002,1.4263856085,1.0876570181
logp,I1+I3,p3_logp_mofe_last_ffn_conloss_n8aligned,sider,4,128,all_common,50,0.0303542949,3.1099220184,1.3084432699,1.4292948817,1.0923628976
logp,Full,p5_logp_mofe_last_selected_kan_conloss_n8aligned,sider,4,128,all_common,50,0.1769656427,1.9227006989,1.1247226627,1.4553702462,1.2939814361
logp,Base,p3_base_vanilla_n8aligned,sider,5,128,all_common,50,-0.0142759930,5.0753532242,1.3430465705,1.4202382641,1.0574750685
logp,I1,p3_logp_mofe_last_ffn_n8aligned,sider,5,128,all_common,50,0.0526192792,3.0076117579,1.2619900752,1.4322674790,1.1349276885
logp,I1+I2,p5_logp_mofe_last_selected_kan_n8aligned,sider,5,128,all_common,50,0.0531203919,3.0609836945,1.2682740882,1.4306202883,1.1280056114
logp,I1+I3,p3_logp_mofe_last_ffn_conloss_n8aligned,sider,5,128,all_common,50,0.1130931456,2.2893963286,1.2271504377,1.4405565901,1.1739038229
logp,Full,p5_logp_mofe_last_selected_kan_conloss_n8aligned,sider,5,128,all_common,50,0.0400043874,3.1673361883,1.3124221670,1.4285098812,1.0884530277
tpsa,Base,p3_base_vanilla_n8aligned,clintox,1,128,all_common,50,-0.0547066991,5.1600600707,1.2738611049,1.4085386112,1.1057238547
tpsa,I1,p3_tpsa_mofe_last_ffn_n8aligned,clintox,1,128,all_common,50,0.0453015327,2.8091706122,1.2372625920,1.4290765151,1.1550308918
tpsa,I1+I2,p5_tpsa_mofe_last_selected_kan_n8aligned,clintox,1,128,all_common,50,0.0669555696,2.4033512871,1.2009516708,1.4300007284,1.1907229601
tpsa,I1+I3,p3_tpsa_mofe_last_ffn_conloss_n8aligned,clintox,1,128,all_common,50,0.1545934472,1.8844130757,1.1148210664,1.4515521015,1.3020494009
tpsa,Full,p5_tpsa_mofe_last_selected_kan_conloss_n8aligned,clintox,1,128,all_common,50,0.3013252959,1.2552514484,0.9319995860,1.4764047705,1.5841259939
tpsa,Base,p3_base_vanilla_n8aligned,clintox,2,126,all_common,50,-0.0242054111,4.9242035675,1.3167575820,1.4154119735,1.0749222126
tpsa,I1,p3_tpsa_mofe_last_ffn_n8aligned,clintox,2,126,all_common,50,0.0335437448,3.3741470552,1.2715299733,1.4252690302,1.1209087163
tpsa,I1+I2,p5_tpsa_mofe_last_selected_kan_n8aligned,clintox,2,126,all_common,50,0.0599111052,2.8991749743,1.2239744781,1.4290034360,1.1675108113
tpsa,I1+I3,p3_tpsa_mofe_last_ffn_conloss_n8aligned,clintox,2,126,all_common,50,0.1869396086,1.7447402976,1.0915202634,1.4526988548,1.3308949944
tpsa,Full,p5_tpsa_mofe_last_selected_kan_conloss_n8aligned,clintox,2,126,all_common,50,0.2604113886,1.4804771090,1.0094240391,1.4615095680,1.4478648332
tpsa,Base,p3_base_vanilla_n8aligned,clintox,3,125,all_common,50,-0.0337293621,4.2084135323,1.2860467864,1.4126470508,1.0984414142
tpsa,I1,p3_tpsa_mofe_last_ffn_n8aligned,clintox,3,125,all_common,50,0.0054364564,2.9615413177,1.2279902111,1.4167714535,1.1537318789
tpsa,I1+I2,p5_tpsa_mofe_last_selected_kan_n8aligned,clintox,3,125,all_common,50,0.0868236094,2.5723165309,1.1935297063,1.4336206961,1.2011604643
tpsa,I1+I3,p3_tpsa_mofe_last_ffn_conloss_n8aligned,clintox,3,125,all_common,50,0.4426526662,0.9586906136,0.7595227099,1.4948585814,1.9681552135
tpsa,Full,p5_tpsa_mofe_last_selected_kan_conloss_n8aligned,clintox,3,125,all_common,50,0.2845400126,1.3277839730,0.9623014470,1.4730353742,1.5307421378
tpsa,Base,p3_base_vanilla_n8aligned,clintox,4,123,all_common,50,-0.0261499767,5.3619998081,1.3441071747,1.4158712099,1.0533916019
tpsa,I1,p3_tpsa_mofe_last_ffn_n8aligned,clintox,4,123,all_common,50,0.0102464881,3.1123722035,1.2895016016,1.4245013158,1.1046913894
tpsa,I1+I2,p5_tpsa_mofe_last_selected_kan_n8aligned,clintox,4,123,all_common,50,-0.0237859310,3.1053618988,1.2599375497,1.4182835448,1.1256776537
tpsa,I1+I3,p3_tpsa_mofe_last_ffn_conloss_n8aligned,clintox,4,123,all_common,50,0.0168292232,2.6482174945,1.2616790929,1.4251971638,1.1296035354
tpsa,Full,p5_tpsa_mofe_last_selected_kan_conloss_n8aligned,clintox,4,123,all_common,50,0.0796236196,2.0670794838,1.1706976868,1.4384792599,1.2287367406
tpsa,Base,p3_base_vanilla_n8aligned,clintox,5,127,all_common,50,-0.0236543567,4.0338531674,1.3257093581,1.4201482236,1.0712364780
tpsa,I1,p3_tpsa_mofe_last_ffn_n8aligned,clintox,5,127,all_common,50,-0.0314383400,3.3413400864,1.3011528467,1.4176723933,1.0895510061
tpsa,I1+I2,p5_tpsa_mofe_last_selected_kan_n8aligned,clintox,5,127,all_common,50,0.0364454116,2.8015612895,1.2610243769,1.4285886420,1.1328794813
tpsa,I1+I3,p3_tpsa_mofe_last_ffn_conloss_n8aligned,clintox,5,127,all_common,50,0.0718936930,2.2084825596,1.1913220915,1.4404867750,1.2091497214
tpsa,Full,p5_tpsa_mofe_last_selected_kan_conloss_n8aligned,clintox,5,127,all_common,50,0.3002550640,1.2354077358,0.9217894445,1.4822884976,1.6080554040
logp,Base,p3_base_vanilla_n8aligned,clintox,1,128,all_common,50,-0.0649206467,5.0512943505,1.3394122407,1.3969878532,1.0429857297
logp,I1,p3_logp_mofe_last_ffn_n8aligned,clintox,1,128,all_common,50,0.0220109293,3.3463081864,1.2911365114,1.4135165546,1.0947847436
logp,I1+I2,p5_logp_mofe_last_selected_kan_n8aligned,clintox,1,128,all_common,50,0.0627506857,2.6879681880,1.2516158347,1.4281344451,1.1410325801
logp,I1+I3,p3_logp_mofe_last_ffn_conloss_n8aligned,clintox,1,128,all_common,50,0.3517858128,1.1963220495,0.8944740620,1.4835108792,1.6585286731
logp,Full,p5_logp_mofe_last_selected_kan_conloss_n8aligned,clintox,1,128,all_common,50,0.1484558370,1.8131818920,1.1058934534,1.4486406077,1.3099278264
logp,Base,p3_base_vanilla_n8aligned,clintox,2,126,all_common,50,-0.0190782800,5.3306133944,1.3398937430,1.4115742989,1.0534971943
logp,I1,p3_logp_mofe_last_ffn_n8aligned,clintox,2,126,all_common,50,0.0721095013,2.9338395079,1.2053870090,1.4306710029,1.1868976455
logp,I1+I2,p5_logp_mofe_last_selected_kan_n8aligned,clintox,2,126,all_common,50,0.0896395396,2.6638066835,1.2074386700,1.4350498455,1.1885074423
logp,I1+I3,p3_logp_mofe_last_ffn_conloss_n8aligned,clintox,2,126,all_common,50,0.3650072192,1.3167318829,0.8784591893,1.4772428790,1.6816294906
logp,Full,p5_logp_mofe_last_selected_kan_conloss_n8aligned,clintox,2,126,all_common,50,0.3838737538,1.2910456563,0.8233387944,1.4810677466,1.7988557767
logp,Base,p3_base_vanilla_n8aligned,clintox,3,125,all_common,50,-0.0498745775,5.3457480156,1.3337927088,1.4035598227,1.0523073139
logp,I1,p3_logp_mofe_last_ffn_n8aligned,clintox,3,125,all_common,50,0.0621642702,3.1332503814,1.2507148077,1.4243266436,1.1388100906
logp,I1+I2,p5_logp_mofe_last_selected_kan_n8aligned,clintox,3,125,all_common,50,0.1167368559,2.5159839361,1.1765340982,1.4341445843,1.2189570931
logp,I1+I3,p3_logp_mofe_last_ffn_conloss_n8aligned,clintox,3,125,all_common,50,0.4043779446,1.1142965311,0.8072189987,1.4815686686,1.8353986601
logp,Full,p5_logp_mofe_last_selected_kan_conloss_n8aligned,clintox,3,125,all_common,50,0.3834676871,1.1169682382,0.8283450140,1.4786636207,1.7850818146
logp,Base,p3_base_vanilla_n8aligned,clintox,4,123,all_common,50,-0.0434638038,5.3164872296,1.3477134598,1.4147217951,1.0497200164
logp,I1,p3_logp_mofe_last_ffn_n8aligned,clintox,4,123,all_common,50,0.0138587754,3.4558351984,1.3138930088,1.4232253903,1.0832125453
logp,I1+I2,p5_logp_mofe_last_selected_kan_n8aligned,clintox,4,123,all_common,50,0.0441565885,2.8014963393,1.2720353730,1.4294783657,1.1237724957
logp,I1+I3,p3_logp_mofe_last_ffn_conloss_n8aligned,clintox,4,123,all_common,50,0.0753052593,2.3328842526,1.2254803278,1.4362468180,1.1719868410
logp,Full,p5_logp_mofe_last_selected_kan_conloss_n8aligned,clintox,4,123,all_common,50,0.3547613889,1.2117644353,0.8858777774,1.4845755201,1.6758243156
logp,Base,p3_base_vanilla_n8aligned,clintox,5,127,all_common,50,-0.0323602576,5.4374220668,1.3540704809,1.4137254033,1.0440559950
logp,I1,p3_logp_mofe_last_ffn_n8aligned,clintox,5,127,all_common,50,0.0097381927,3.1617979875,1.2878249226,1.4210157948,1.1034231206
logp,I1+I2,p5_logp_mofe_last_selected_kan_n8aligned,clintox,5,127,all_common,50,0.0804108319,2.2685643871,1.1980737623,1.4364224594,1.1989432576
logp,I1+I3,p3_logp_mofe_last_ffn_conloss_n8aligned,clintox,5,127,all_common,50,0.2083310084,1.6129918108,1.0752238097,1.4596316157,1.3575142241
logp,Full,p5_logp_mofe_last_selected_kan_conloss_n8aligned,clintox,5,127,all_common,50,0.1251915568,2.0577281094,1.1421569104,1.4474646329,1.2673080378
tpsa,Base,p3_base_vanilla_n8aligned,bace,1,128,all_common,50,0.0099389382,3.2068670133,1.2238345123,1.4431243184,1.1791825642
tpsa,I1,p3_tpsa_mofe_last_ffn_n8aligned,bace,1,128,all_common,50,0.0993434217,2.1420827611,1.1516888671,1.4663434077,1.2732114112
tpsa,I1+I2,p5_tpsa_mofe_last_selected_kan_n8aligned,bace,1,128,all_common,50,0.1281272332,1.8739957814,1.0948632050,1.4783239580,1.3502362225
tpsa,I1+I3,p3_tpsa_mofe_last_ffn_conloss_n8aligned,bace,1,128,all_common,50,0.5694197798,0.6065115340,0.5901477032,1.5765415030,2.6714354636
tpsa,Full,p5_tpsa_mofe_last_selected_kan_conloss_n8aligned,bace,1,128,all_common,50,0.5599248185,0.7047607780,0.6104461067,1.5731519891,2.5770530305
tpsa,Base,p3_base_vanilla_n8aligned,bace,2,128,all_common,50,-0.0141082082,3.5868187699,1.2860464101,1.4216929572,1.1054756236
tpsa,I1,p3_tpsa_mofe_last_ffn_n8aligned,bace,2,128,all_common,50,0.0478785785,2.4910534070,1.2319641379,1.4361499525,1.1657400636
tpsa,I1+I2,p5_tpsa_mofe_last_selected_kan_n8aligned,bace,2,128,all_common,50,0.0864775590,2.2368566077,1.2052408247,1.4410941676,1.1956898058
tpsa,I1+I3,p3_tpsa_mofe_last_ffn_conloss_n8aligned,bace,2,128,all_common,50,0.1707084980,1.6682173093,1.1243024348,1.4620090582,1.3003699120
tpsa,Full,p5_tpsa_mofe_last_selected_kan_conloss_n8aligned,bace,2,128,all_common,50,0.2401941800,1.3885299227,1.0625035120,1.4759242249,1.3891005613
tpsa,Base,p3_base_vanilla_n8aligned,bace,3,128,all_common,50,0.0114027429,3.3550988671,1.2535286259,1.4427483646,1.1509496750
tpsa,I1,p3_tpsa_mofe_last_ffn_n8aligned,bace,3,128,all_common,50,0.1106972214,2.2867946994,1.2124414673,1.4662006994,1.2092960683
tpsa,I1+I2,p5_tpsa_mofe_last_selected_kan_n8aligned,bace,3,128,all_common,50,0.1168489165,2.3958594741,1.1932614445,1.4752047139,1.2362795435
tpsa,I1+I3,p3_tpsa_mofe_last_ffn_conloss_n8aligned,bace,3,128,all_common,50,0.5992981919,0.5728119840,0.6498824741,1.6133288576,2.4824932537
tpsa,Full,p5_tpsa_mofe_last_selected_kan_conloss_n8aligned,bace,3,128,all_common,50,0.5346376316,0.7565667688,0.7219519316,1.6024990147,2.2196754999
tpsa,Base,p3_base_vanilla_n8aligned,bace,4,128,all_common,50,0.0191962600,2.5655598253,1.2806506333,1.4250348772,1.1127428826
tpsa,I1,p3_tpsa_mofe_last_ffn_n8aligned,bace,4,128,all_common,50,0.1035679977,2.0121734609,1.2236636296,1.4575238496,1.1911147919
tpsa,I1+I2,p5_tpsa_mofe_last_selected_kan_n8aligned,bace,4,128,all_common,50,0.1412714798,1.7051926594,1.1888751618,1.4680108811,1.2347897645
tpsa,I1+I3,p3_tpsa_mofe_last_ffn_conloss_n8aligned,bace,4,128,all_common,50,0.3018949896,1.1528137184,0.9693241891,1.5441267017,1.5929930555
tpsa,Full,p5_tpsa_mofe_last_selected_kan_conloss_n8aligned,bace,4,128,all_common,50,0.4129968620,0.9313434146,0.8174757109,1.5838432115,1.9374804539
tpsa,Base,p3_base_vanilla_n8aligned,bace,5,128,all_common,50,-0.0286562488,4.0418792547,1.2510086574,1.4292304257,1.1424624580
tpsa,I1,p3_tpsa_mofe_last_ffn_n8aligned,bace,5,128,all_common,50,0.0549816678,2.6001718210,1.2322272903,1.4458401324,1.1733550651
tpsa,I1+I2,p5_tpsa_mofe_last_selected_kan_n8aligned,bace,5,128,all_common,50,0.0516167682,2.8454781618,1.2338669941,1.4435590827,1.1699470766
tpsa,I1+I3,p3_tpsa_mofe_last_ffn_conloss_n8aligned,bace,5,128,all_common,50,0.3907868964,0.9556211583,0.8756163121,1.5230451171,1.7393978345
tpsa,Full,p5_tpsa_mofe_last_selected_kan_conloss_n8aligned,bace,5,128,all_common,50,0.6737506311,0.4450020482,0.4654959921,1.5692161442,3.3710626317
logp,Base,p3_base_vanilla_n8aligned,bace,1,128,all_common,50,-0.0541373353,4.5139945971,1.3570049135,1.4047361261,1.0351739423
logp,I1,p3_logp_mofe_last_ffn_n8aligned,bace,1,128,all_common,50,0.0363926574,2.5608377246,1.2859302914,1.4367228167,1.1172633745
logp,I1+I2,p5_logp_mofe_last_selected_kan_n8aligned,bace,1,128,all_common,50,0.0291235688,2.5508674204,1.3053092320,1.4310105303,1.0963000147
logp,I1+I3,p3_logp_mofe_last_ffn_conloss_n8aligned,bace,1,128,all_common,50,0.5169740831,0.8119111181,0.6666980385,1.5804053560,2.3704964838
logp,Full,p5_logp_mofe_last_selected_kan_conloss_n8aligned,bace,1,128,all_common,50,0.1509233128,1.6805646548,1.1741507250,1.4708732922,1.2527125018
logp,Base,p3_base_vanilla_n8aligned,bace,2,128,all_common,50,0.0025610085,3.9122345195,1.2925996999,1.4171415603,1.0963499066
logp,I1,p3_logp_mofe_last_ffn_n8aligned,bace,2,128,all_common,50,0.1327917981,2.3040522742,1.1476872432,1.4499707722,1.2633849342
logp,I1+I2,p5_logp_mofe_last_selected_kan_n8aligned,bace,2,128,all_common,50,0.1298225151,2.1700231643,1.1576584271,1.4487745129,1.2514697591
logp,I1+I3,p3_logp_mofe_last_ffn_conloss_n8aligned,bace,2,128,all_common,50,0.3108964962,1.3430236725,0.9596539438,1.4877314882,1.5502791374
logp,Full,p5_logp_mofe_last_selected_kan_conloss_n8aligned,bace,2,128,all_common,50,0.3632195054,1.1026117515,0.8985701732,1.4973276093,1.6663446595
logp,Base,p3_base_vanilla_n8aligned,bace,3,128,all_common,50,-0.0508560718,4.7105702741,1.3341990876,1.3989520324,1.0485331953
logp,I1,p3_logp_mofe_last_ffn_n8aligned,bace,3,128,all_common,50,0.0889862149,2.3221711467,1.2272096297,1.4440220044,1.1766710181
logp,I1+I2,p5_logp_mofe_last_selected_kan_n8aligned,bace,3,128,all_common,50,0.1007696098,2.0823362473,1.2011722036,1.4515669538,1.2084586618
logp,I1+I3,p3_logp_mofe_last_ffn_conloss_n8aligned,bace,3,128,all_common,50,0.5834091503,0.7110246911,0.5613937179,1.6031504681,2.8556615739
logp,Full,p5_logp_mofe_last_selected_kan_conloss_n8aligned,bace,3,128,all_common,50,0.3414184892,1.2175341179,0.8822922983,1.5450558597,1.7511836640
logp,Base,p3_base_vanilla_n8aligned,bace,4,128,all_common,50,-0.0407532224,3.4306834219,1.3275697900,1.4022600920,1.0562609232
logp,I1,p3_logp_mofe_last_ffn_n8aligned,bace,4,128,all_common,50,0.0849026175,2.2451768462,1.2429073685,1.4498209491,1.1664754637
logp,I1+I2,p5_logp_mofe_last_selected_kan_n8aligned,bace,4,128,all_common,50,0.1818332273,1.7894858284,1.1192861069,1.4795308799,1.3218522689
logp,I1+I3,p3_logp_mofe_last_ffn_conloss_n8aligned,bace,4,128,all_common,50,0.5056584830,0.6730013515,0.6906597797,1.5943012722,2.3083742808
logp,Full,p5_logp_mofe_last_selected_kan_conloss_n8aligned,bace,4,128,all_common,50,0.4729648065,0.7772705279,0.7452921466,1.5856158142,2.1275090869
logp,Base,p3_base_vanilla_n8aligned,bace,5,128,all_common,50,-0.1090867713,4.7118692893,1.3783460375,1.3967772211,1.0133719568
logp,I1,p3_logp_mofe_last_ffn_n8aligned,bace,5,128,all_common,50,0.0244856701,2.3533643151,1.2770459819,1.4407445089,1.1281853037
logp,I1+I2,p5_logp_mofe_last_selected_kan_n8aligned,bace,5,128,all_common,50,0.0030854581,2.4729410033,1.3266694371,1.4287898445,1.0769750207
logp,I1+I3,p3_logp_mofe_last_ffn_conloss_n8aligned,bace,5,128,all_common,50,0.1565752632,1.4913280892,1.1732842187,1.4774819552,1.2592702873
logp,Full,p5_logp_mofe_last_selected_kan_conloss_n8aligned,bace,5,128,all_common,50,0.1664881589,1.5139326904,1.1737564268,1.4797502287,1.2606961675
tpsa,Base,p3_base_vanilla_n8aligned,hiv,1,2000,region_stratified_max_2000,50,-0.0188562449,10.6383442616,1.3539832691,1.4080842960,1.0399569390
tpsa,I1,p3_tpsa_mofe_last_ffn_n8aligned,hiv,1,2000,region_stratified_max_2000,50,0.0344739090,4.0126615397,1.2947024752,1.4214866305,1.0979253209
tpsa,I1+I2,p5_tpsa_mofe_last_selected_kan_n8aligned,hiv,1,2000,region_stratified_max_2000,50,0.0433756859,3.7656786957,1.2754046365,1.4222386960,1.1151274312
tpsa,I1+I3,p3_tpsa_mofe_last_ffn_conloss_n8aligned,hiv,1,2000,region_stratified_max_2000,50,0.3182484434,1.3372363065,0.9377646143,1.4787552672,1.5768938651
tpsa,Full,p5_tpsa_mofe_last_selected_kan_conloss_n8aligned,hiv,1,2000,region_stratified_max_2000,50,0.5554049805,0.8386517972,0.5926030141,1.5105942973,2.5490830477
tpsa,Base,p3_base_vanilla_n8aligned,hiv,2,2000,region_stratified_max_2000,50,-0.0164665582,10.4977488120,1.3534848852,1.4120017557,1.0432342254
tpsa,I1,p3_tpsa_mofe_last_ffn_n8aligned,hiv,2,2000,region_stratified_max_2000,50,0.0113454517,5.4992925744,1.3339359629,1.4166006634,1.0619705165
tpsa,I1+I2,p5_tpsa_mofe_last_selected_kan_n8aligned,hiv,2,2000,region_stratified_max_2000,50,0.0330325263,3.6139980804,1.2818405042,1.4206631467,1.1082994663
tpsa,I1+I3,p3_tpsa_mofe_last_ffn_conloss_n8aligned,hiv,2,2000,region_stratified_max_2000,50,0.4658269424,0.9988057678,0.7423447869,1.4965123423,2.0159262498
tpsa,Full,p5_tpsa_mofe_last_selected_kan_conloss_n8aligned,hiv,2,2000,region_stratified_max_2000,50,0.1171886410,2.2828175440,1.1681999091,1.4393824469,1.2321370989
tpsa,Base,p3_base_vanilla_n8aligned,hiv,3,2000,region_stratified_max_2000,50,-0.0185265830,10.8288930463,1.3459786437,1.4084451063,1.0464096982
tpsa,I1,p3_tpsa_mofe_last_ffn_n8aligned,hiv,3,2000,region_stratified_max_2000,50,0.0337650928,4.2620183160,1.2901146951,1.4211955371,1.1016040221
tpsa,I1+I2,p5_tpsa_mofe_last_selected_kan_n8aligned,hiv,3,2000,region_stratified_max_2000,50,0.0267967117,4.1308194890,1.3025741470,1.4199980641,1.0901475876
tpsa,I1+I3,p3_tpsa_mofe_last_ffn_conloss_n8aligned,hiv,3,2000,region_stratified_max_2000,50,0.4594475758,1.0596294688,0.7308432712,1.4958296459,2.0467174083
tpsa,Full,p5_tpsa_mofe_last_selected_kan_conloss_n8aligned,hiv,3,2000,region_stratified_max_2000,50,0.5277181419,0.8440367719,0.6364156783,1.5032141360,2.3620004774
tpsa,Base,p3_base_vanilla_n8aligned,hiv,4,2000,region_stratified_max_2000,50,-0.0124420947,11.3129475966,1.3667150771,1.4105612802,1.0320814513
tpsa,I1,p3_tpsa_mofe_last_ffn_n8aligned,hiv,4,2000,region_stratified_max_2000,50,0.0178093357,4.7208937279,1.3256008786,1.4178065746,1.0695576606
tpsa,I1+I2,p5_tpsa_mofe_last_selected_kan_n8aligned,hiv,4,2000,region_stratified_max_2000,50,0.0199584284,4.3459815161,1.3127294885,1.4190761709,1.0810118789
tpsa,I1+I3,p3_tpsa_mofe_last_ffn_conloss_n8aligned,hiv,4,2000,region_stratified_max_2000,50,0.1910029527,1.8301484018,1.0993920315,1.4561261235,1.3244830613
tpsa,Full,p5_tpsa_mofe_last_selected_kan_conloss_n8aligned,hiv,4,2000,region_stratified_max_2000,50,0.4485897740,1.0077788540,0.7652857046,1.4971899456,1.9563803905
tpsa,Base,p3_base_vanilla_n8aligned,hiv,5,2000,region_stratified_max_2000,50,-0.0185095343,10.9864816614,1.3608640891,1.4110915128,1.0369084791
tpsa,I1,p3_tpsa_mofe_last_ffn_n8aligned,hiv,5,2000,region_stratified_max_2000,50,0.0026393292,6.0178545691,1.3424113487,1.4140794192,1.0533875630
tpsa,I1+I2,p5_tpsa_mofe_last_selected_kan_n8aligned,hiv,5,2000,region_stratified_max_2000,50,0.0619238716,3.2658286977,1.2614458728,1.4233788047,1.1283708920
tpsa,I1+I3,p3_tpsa_mofe_last_ffn_conloss_n8aligned,hiv,5,2000,region_stratified_max_2000,50,0.5560133824,0.8611692834,0.5941986681,1.5076872109,2.5373453219
tpsa,Full,p5_tpsa_mofe_last_selected_kan_conloss_n8aligned,hiv,5,2000,region_stratified_max_2000,50,0.5735608509,0.8084283849,0.5768365257,1.5101429470,2.6179738623
logp,Base,p3_base_vanilla_n8aligned,hiv,1,2000,region_stratified_max_2000,50,-0.0296964528,9.6689997875,1.3476842577,1.4095723953,1.0459218376
logp,I1,p3_logp_mofe_last_ffn_n8aligned,hiv,1,2000,region_stratified_max_2000,50,0.0241718937,5.1937117194,1.3005324773,1.4231731738,1.0943003721
logp,I1+I2,p5_logp_mofe_last_selected_kan_n8aligned,hiv,1,2000,region_stratified_max_2000,50,0.0894046788,3.4983621917,1.1958422989,1.4375847929,1.2021524864
logp,I1+I3,p3_logp_mofe_last_ffn_conloss_n8aligned,hiv,1,2000,region_stratified_max_2000,50,0.4080638879,1.0998797358,0.8278035533,1.4923565997,1.8027907632
logp,Full,p5_logp_mofe_last_selected_kan_conloss_n8aligned,hiv,1,2000,region_stratified_max_2000,50,0.4635927228,1.0587116084,0.7410329525,1.4995399471,2.0235806546
logp,Base,p3_base_vanilla_n8aligned,hiv,2,2000,region_stratified_max_2000,50,-0.0161156048,10.4730524190,1.3602431871,1.4113337603,1.0375598817
logp,I1,p3_logp_mofe_last_ffn_n8aligned,hiv,2,2000,region_stratified_max_2000,50,0.0399689200,4.5713506978,1.2780460070,1.4272830039,1.1167696593
logp,I1+I2,p5_logp_mofe_last_selected_kan_n8aligned,hiv,2,2000,region_stratified_max_2000,50,0.0763993656,3.8199812188,1.2165649914,1.4349749523,1.1795300394
logp,I1+I3,p3_logp_mofe_last_ffn_conloss_n8aligned,hiv,2,2000,region_stratified_max_2000,50,0.3381527359,1.3633349144,0.9254335404,1.4806109116,1.5999105791
logp,Full,p5_logp_mofe_last_selected_kan_conloss_n8aligned,hiv,2,2000,region_stratified_max_2000,50,0.4080234005,1.1357565141,0.8230718463,1.4911487619,1.8116872404
logp,Base,p3_base_vanilla_n8aligned,hiv,3,2000,region_stratified_max_2000,50,-0.0264196373,8.6496527059,1.3255633567,1.4119801244,1.0651924838
logp,I1,p3_logp_mofe_last_ffn_n8aligned,hiv,3,2000,region_stratified_max_2000,50,0.0253886328,4.9078966449,1.2968222443,1.4233594548,1.0975748303
logp,I1+I2,p5_logp_mofe_last_selected_kan_n8aligned,hiv,3,2000,region_stratified_max_2000,50,0.0955689529,3.5940978389,1.1796054494,1.4376718640,1.2187735015
logp,I1+I3,p3_logp_mofe_last_ffn_conloss_n8aligned,hiv,3,2000,region_stratified_max_2000,50,0.4418232454,1.0785417230,0.7862578110,1.4900665545,1.8951373628
logp,Full,p5_logp_mofe_last_selected_kan_conloss_n8aligned,hiv,3,2000,region_stratified_max_2000,50,0.5008015185,0.9512754804,0.7072432202,1.4962317125,2.1155829704
logp,Base,p3_base_vanilla_n8aligned,hiv,4,2000,region_stratified_max_2000,50,-0.0141073069,10.2860715830,1.3526713295,1.4130635628,1.0446466425
logp,I1,p3_logp_mofe_last_ffn_n8aligned,hiv,4,2000,region_stratified_max_2000,50,0.0531807767,4.2634131968,1.2630059111,1.4283256297,1.1308938597
logp,I1+I2,p5_logp_mofe_last_selected_kan_n8aligned,hiv,4,2000,region_stratified_max_2000,50,0.0239873125,4.3736400281,1.2983792653,1.4209808197,1.0944266114
logp,I1+I3,p3_logp_mofe_last_ffn_conloss_n8aligned,hiv,4,2000,region_stratified_max_2000,50,0.3849078661,1.2753872424,0.8623664903,1.4857746622,1.7229039845
logp,Full,p5_logp_mofe_last_selected_kan_conloss_n8aligned,hiv,4,2000,region_stratified_max_2000,50,0.3952360664,1.1477306188,0.8467605004,1.4882160242,1.7575406782
logp,Base,p3_base_vanilla_n8aligned,hiv,5,2000,region_stratified_max_2000,50,-0.0183982680,10.1937130139,1.3571094718,1.4120207245,1.0404619184
logp,I1,p3_logp_mofe_last_ffn_n8aligned,hiv,5,2000,region_stratified_max_2000,50,0.0619017998,3.9867666633,1.2453738952,1.4311113693,1.1491419363
logp,I1+I2,p5_logp_mofe_last_selected_kan_n8aligned,hiv,5,2000,region_stratified_max_2000,50,0.0751831812,3.4435296226,1.2210730764,1.4321765605,1.1728835793
logp,I1+I3,p3_logp_mofe_last_ffn_conloss_n8aligned,hiv,5,2000,region_stratified_max_2000,50,0.1341408619,2.1782294045,1.1713126145,1.4447785616,1.2334696508
logp,Full,p5_logp_mofe_last_selected_kan_conloss_n8aligned,hiv,5,2000,region_stratified_max_2000,50,0.4623540084,1.0826924016,0.7411016515,1.4963680159,2.0191130500
tpsa,Base,p3_base_vanilla_n8aligned,muv,1,2000,region_stratified_max_2000,50,-0.0540609660,8.2136639867,1.3854311410,1.4100884675,1.0177975836
tpsa,I1,p3_tpsa_mofe_last_ffn_n8aligned,muv,1,2000,region_stratified_max_2000,50,-0.0084556565,3.6524682651,1.3512899282,1.4231184178,1.0531554984
tpsa,I1+I2,p5_tpsa_mofe_last_selected_kan_n8aligned,muv,1,2000,region_stratified_max_2000,50,0.0121237355,3.1981406801,1.3185696035,1.4320821708,1.0860876566
tpsa,I1+I3,p3_tpsa_mofe_last_ffn_conloss_n8aligned,muv,1,2000,region_stratified_max_2000,50,0.0593238606,2.3358928537,1.2801187666,1.4447532169,1.1286087312
tpsa,Full,p5_tpsa_mofe_last_selected_kan_conloss_n8aligned,muv,1,2000,region_stratified_max_2000,50,0.1176834173,1.8960537209,1.1999384769,1.4664357944,1.2220924844
tpsa,Base,p3_base_vanilla_n8aligned,muv,2,2000,region_stratified_max_2000,50,-0.0660201675,9.0605351918,1.3902941667,1.4086309410,1.0131891327
tpsa,I1,p3_tpsa_mofe_last_ffn_n8aligned,muv,2,2000,region_stratified_max_2000,50,-0.0058246554,3.5420893686,1.3478908782,1.4248281209,1.0570797265
tpsa,I1+I2,p5_tpsa_mofe_last_selected_kan_n8aligned,muv,2,2000,region_stratified_max_2000,50,-0.0284644727,3.3627215051,1.3427022632,1.4265496494,1.0624467453
tpsa,I1+I3,p3_tpsa_mofe_last_ffn_conloss_n8aligned,muv,2,2000,region_stratified_max_2000,50,0.0190443503,2.7870703038,1.3095198717,1.4375694556,1.0977836126
tpsa,Full,p5_tpsa_mofe_last_selected_kan_conloss_n8aligned,muv,2,2000,region_stratified_max_2000,50,0.0064040203,2.7164245042,1.3186419623,1.4348452425,1.0881234509
tpsa,Base,p3_base_vanilla_n8aligned,muv,3,2000,region_stratified_max_2000,50,-0.0466295507,9.9134347230,1.3950086991,1.4103482971,1.0109960590
tpsa,I1,p3_tpsa_mofe_last_ffn_n8aligned,muv,3,2000,region_stratified_max_2000,50,-0.0288682081,3.9209803510,1.3503064301,1.4222450768,1.0532757936
tpsa,I1+I2,p5_tpsa_mofe_last_selected_kan_n8aligned,muv,3,2000,region_stratified_max_2000,50,-0.0021476491,3.4140808668,1.3272785623,1.4314033717,1.0784498539
tpsa,I1+I3,p3_tpsa_mofe_last_ffn_conloss_n8aligned,muv,3,2000,region_stratified_max_2000,50,0.1252332121,1.7094025395,1.1776763094,1.4715110746,1.2495038432
tpsa,Full,p5_tpsa_mofe_last_selected_kan_conloss_n8aligned,muv,3,2000,region_stratified_max_2000,50,0.2614819608,1.2829458769,1.0393179275,1.5031040675,1.4462408737
tpsa,Base,p3_base_vanilla_n8aligned,muv,4,2000,region_stratified_max_2000,50,-0.0501161183,8.7408597651,1.3892768628,1.4108555832,1.0155323399
tpsa,I1,p3_tpsa_mofe_last_ffn_n8aligned,muv,4,2000,region_stratified_max_2000,50,-0.0206867182,4.2074303020,1.3586386592,1.4213008351,1.0461212961
tpsa,I1+I2,p5_tpsa_mofe_last_selected_kan_n8aligned,muv,4,2000,region_stratified_max_2000,50,0.0080866141,2.8654489374,1.3128444762,1.4321232298,1.0908552047
tpsa,I1+I3,p3_tpsa_mofe_last_ffn_conloss_n8aligned,muv,4,2000,region_stratified_max_2000,50,0.1009695928,1.9152847694,1.2162925515,1.4618327070,1.2018759016
tpsa,Full,p5_tpsa_mofe_last_selected_kan_conloss_n8aligned,muv,4,2000,region_stratified_max_2000,50,0.0489794882,2.2940293844,1.2753858894,1.4469429562,1.1345138504
tpsa,Base,p3_base_vanilla_n8aligned,muv,5,2000,region_stratified_max_2000,50,-0.0747082178,8.2873519560,1.3806075078,1.4099798417,1.0212749342
tpsa,I1,p3_tpsa_mofe_last_ffn_n8aligned,muv,5,2000,region_stratified_max_2000,50,-0.0291246145,4.2878847998,1.3634611723,1.4206031706,1.0419095164
tpsa,I1+I2,p5_tpsa_mofe_last_selected_kan_n8aligned,muv,5,2000,region_stratified_max_2000,50,-0.0054781234,3.0613247839,1.3206909687,1.4324856047,1.0846485958
tpsa,I1+I3,p3_tpsa_mofe_last_ffn_conloss_n8aligned,muv,5,2000,region_stratified_max_2000,50,0.1458315548,1.7336812911,1.1626190263,1.4747122073,1.2684397674
tpsa,Full,p5_tpsa_mofe_last_selected_kan_conloss_n8aligned,muv,5,2000,region_stratified_max_2000,50,0.0808088070,1.9427458819,1.2319501774,1.4580188884,1.1835047514
logp,Base,p3_base_vanilla_n8aligned,muv,1,2000,region_stratified_max_2000,50,-0.0744200403,7.7206760858,1.3849411287,1.4110435768,1.0188473341
logp,I1,p3_logp_mofe_last_ffn_n8aligned,muv,1,2000,region_stratified_max_2000,50,0.0439877327,2.9032997397,1.3026762002,1.4370967006,1.1031879606
logp,I1+I2,p5_logp_mofe_last_selected_kan_n8aligned,muv,1,2000,region_stratified_max_2000,50,0.0388524167,2.6092113676,1.2861265533,1.4413803684,1.1207142599
logp,I1+I3,p3_logp_mofe_last_ffn_conloss_n8aligned,muv,1,2000,region_stratified_max_2000,50,0.1474290846,1.6720305447,1.1842280632,1.4723511804,1.2433003626
logp,Full,p5_logp_mofe_last_selected_kan_conloss_n8aligned,muv,1,2000,region_stratified_max_2000,50,0.2270669290,1.3291468434,1.0817699742,1.4990008923,1.3856928257
logp,Base,p3_base_vanilla_n8aligned,muv,2,2000,region_stratified_max_2000,50,-0.0596362695,8.0902747574,1.3855309651,1.4101570033,1.0177737191
logp,I1,p3_logp_mofe_last_ffn_n8aligned,muv,2,2000,region_stratified_max_2000,50,-0.0363584287,4.2572215974,1.3602608496,1.4213396948,1.0449023033
logp,I1+I2,p5_logp_mofe_last_selected_kan_n8aligned,muv,2,2000,region_stratified_max_2000,50,0.0110291724,3.1452715895,1.3300182566,1.4334461287,1.0777642499
logp,I1+I3,p3_logp_mofe_last_ffn_conloss_n8aligned,muv,2,2000,region_stratified_max_2000,50,0.0805228939,2.0157049697,1.2284898540,1.4637313078,1.1914883163
logp,Full,p5_logp_mofe_last_selected_kan_conloss_n8aligned,muv,2,2000,region_stratified_max_2000,50,0.0236155595,2.4133018061,1.2629347919,1.4507930835,1.1487474198
logp,Base,p3_base_vanilla_n8aligned,muv,3,2000,region_stratified_max_2000,50,-0.0635427363,9.4684498891,1.3950103063,1.4105212156,1.0111188493
logp,I1,p3_logp_mofe_last_ffn_n8aligned,muv,3,2000,region_stratified_max_2000,50,-0.0241264156,3.4985365387,1.3384461417,1.4281906519,1.0670512675
logp,I1+I2,p5_logp_mofe_last_selected_kan_n8aligned,muv,3,2000,region_stratified_max_2000,50,0.0191360610,2.6993389816,1.3060522463,1.4391687870,1.1019228297
logp,I1+I3,p3_logp_mofe_last_ffn_conloss_n8aligned,muv,3,2000,region_stratified_max_2000,50,0.0015164840,2.7700165690,1.3097030788,1.4367799791,1.0970272594
logp,Full,p5_logp_mofe_last_selected_kan_conloss_n8aligned,muv,3,2000,region_stratified_max_2000,50,0.0418452442,2.4977484190,1.2779141489,1.4503052176,1.1349003521
logp,Base,p3_base_vanilla_n8aligned,muv,4,2000,region_stratified_max_2000,50,-0.0493133978,8.7053012341,1.3895034078,1.4111701583,1.0155931611
logp,I1,p3_logp_mofe_last_ffn_n8aligned,muv,4,2000,region_stratified_max_2000,50,0.0089146658,3.5016782910,1.3290270614,1.4301382235,1.0760790844
logp,I1+I2,p5_logp_mofe_last_selected_kan_n8aligned,muv,4,2000,region_stratified_max_2000,50,-0.0109169780,3.8793029658,1.3364062322,1.4306399583,1.0705127856
logp,I1+I3,p3_logp_mofe_last_ffn_conloss_n8aligned,muv,4,2000,region_stratified_max_2000,50,0.0352334073,2.4927726820,1.2582961731,1.4529305268,1.1546808754
logp,Full,p5_logp_mofe_last_selected_kan_conloss_n8aligned,muv,4,2000,region_stratified_max_2000,50,0.0561356327,2.1267271081,1.2410008119,1.4587922855,1.1754966407
logp,Base,p3_base_vanilla_n8aligned,muv,5,2000,region_stratified_max_2000,50,-0.0466037542,9.7061263071,1.3900421127,1.4078819697,1.0128340406
logp,I1,p3_logp_mofe_last_ffn_n8aligned,muv,5,2000,region_stratified_max_2000,50,0.0534045007,3.0572457552,1.3052516182,1.4369150570,1.1008720748
logp,I1+I2,p5_logp_mofe_last_selected_kan_n8aligned,muv,5,2000,region_stratified_max_2000,50,0.0429616548,2.9855868933,1.3000090861,1.4382723168,1.1063555879
logp,I1+I3,p3_logp_mofe_last_ffn_conloss_n8aligned,muv,5,2000,region_stratified_max_2000,50,0.0064057062,3.5101243865,1.3435606875,1.4297652104,1.0641612423
logp,Full,p5_logp_mofe_last_selected_kan_conloss_n8aligned,muv,5,2000,region_stratified_max_2000,50,0.1865269114,1.5037435047,1.1320317848,1.4911254849,1.3172116764
