model,protocol,partition,role,dataset,fold_1,fold_2,fold_3,fold_4,fold_5,complete_5fold,auc_mean,auc_sd
p3_base_vanilla_n8aligned,final_n8,none,Base,bbbp,0.9258623381,0.9674463938,0.9361504095,0.9467105263,0.9659151906,1,0.9484169716,0.0182373146
p3_base_vanilla_n8aligned,final_n8,none,Base,tox21,0.7973640151,0.8288278107,0.7960604916,0.8410059592,0.8149295122,1,0.8156375578,0.0195909659
p3_base_vanilla_n8aligned,final_n8,none,Base,toxcast,0.7058665428,0.7010196693,0.6708545306,0.7051096923,0.6951523150,1,0.6956005500,0.0144719353
p3_base_vanilla_n8aligned,final_n8,none,Base,sider,0.5908625833,0.6599681120,0.6386584159,0.6431619744,0.6222885253,1,0.6309879222,0.0261372232
p3_base_vanilla_n8aligned,final_n8,none,Base,clintox,0.7914221403,0.8884522729,0.9056936824,0.8422579576,0.8269885540,1,0.8509629215,0.0463588152
p3_base_vanilla_n8aligned,final_n8,none,Base,bace,0.8843137255,0.8392307692,0.8940170940,0.8246153846,0.9479246244,1,0.8780203195,0.0488334718
p3_base_vanilla_n8aligned,final_n8,none,Base,hiv,0.7597804495,0.8422827277,0.7847022025,0.8116396043,0.7836435575,1,0.7964097083,0.0315357993
p3_base_vanilla_n8aligned,final_n8,none,Base,muv,0.7802487674,0.7690484405,0.7100758073,0.8371338794,0.7638290819,1,0.7720671953,0.0453335502
p3_tpsa_mofe_last_ffn_n8aligned,final_n8,tpsa,I1,bbbp,0.9274231310,0.9665367122,0.9253536858,0.9337171053,0.9698067633,1,0.9445674795,0.0217973496
p3_tpsa_mofe_last_ffn_n8aligned,final_n8,tpsa,I1,tox21,0.7806353746,0.8279396443,0.7906333202,0.8203803969,0.7984128160,1,0.8036003104,0.0199775855
p3_tpsa_mofe_last_ffn_n8aligned,final_n8,tpsa,I1,toxcast,0.7189593382,0.7049292338,0.6694520096,0.7024636838,0.6662660561,1,0.6924140643,0.0233090657
p3_tpsa_mofe_last_ffn_n8aligned,final_n8,tpsa,I1,sider,0.5812956031,0.6503605383,0.6409278996,0.6320823211,0.6124674569,1,0.6234267638,0.0273942409
p3_tpsa_mofe_last_ffn_n8aligned,final_n8,tpsa,I1,clintox,0.8768801413,0.9384236453,0.9428065992,0.8977621766,0.8364815754,1,0.8984708276,0.0443599358
p3_tpsa_mofe_last_ffn_n8aligned,final_n8,tpsa,I1,bace,0.8720588235,0.8402564103,0.8769230769,0.8371794872,0.9283167813,1,0.8709469158,0.0367777061
p3_tpsa_mofe_last_ffn_n8aligned,final_n8,tpsa,I1,hiv,0.7678032718,0.8008399868,0.7847852937,0.7669958789,0.7393157532,1,0.7719480369,0.0229461806
p3_tpsa_mofe_last_ffn_n8aligned,final_n8,tpsa,I1,muv,0.7020115633,0.7713566264,0.7093350894,0.8062230081,0.6810191797,1,0.7339890934,0.0525601205
p3_logp_mofe_last_ffn_n8aligned,final_n8,logp,I1,bbbp,0.9356953332,0.9370370370,0.8899851080,0.9251644737,0.9604133119,1,0.9296590528,0.0256462420
p3_logp_mofe_last_ffn_n8aligned,final_n8,logp,I1,tox21,0.7921456487,0.8186041941,0.7900309570,0.8225265440,0.8063741666,1,0.8059363021,0.0148245191
p3_logp_mofe_last_ffn_n8aligned,final_n8,logp,I1,toxcast,0.7145284414,0.6997449655,0.6650004182,0.7110031707,0.6679053984,1,0.6916364788,0.0236511213
p3_logp_mofe_last_ffn_n8aligned,final_n8,logp,I1,sider,0.6062384318,0.6265603466,0.6451547516,0.6172583353,0.6212514259,1,0.6232926582,0.0143183033
p3_logp_mofe_last_ffn_n8aligned,final_n8,logp,I1,clintox,0.8369755522,0.8903265707,0.8679557222,0.9081661093,0.8916819601,1,0.8790211829,0.0275127847
p3_logp_mofe_last_ffn_n8aligned,final_n8,logp,I1,bace,0.8355392157,0.8179487179,0.9052503053,0.8348717949,0.8465749936,1,0.8480370055,0.0335794644
p3_logp_mofe_last_ffn_n8aligned,final_n8,logp,I1,hiv,0.7737988467,0.8409200825,0.7945069663,0.7490000080,0.7498604702,1,0.7816172747,0.0381329113
p3_logp_mofe_last_ffn_n8aligned,final_n8,logp,I1,muv,0.7154046872,0.7448103274,0.7530047676,0.7555256735,0.7172742691,1,0.7372039450,0.0194654078
p5_tpsa_mofe_last_selected_kan_n8aligned,final_n8,tpsa,I1+I2,bbbp,0.9227407523,0.9753736192,0.9238644825,0.9327302632,0.9653784219,1,0.9440175078,0.0246259062
p5_tpsa_mofe_last_selected_kan_n8aligned,final_n8,tpsa,I1+I2,tox21,0.7957746541,0.8179484091,0.7895618131,0.8214090379,0.8241619152,1,0.8097711659,0.0159194953
p5_tpsa_mofe_last_selected_kan_n8aligned,final_n8,tpsa,I1+I2,toxcast,0.7058929707,0.7011793311,0.6708143713,0.6779568872,0.6785446174,1,0.6868776355,0.0155978273
p5_tpsa_mofe_last_selected_kan_n8aligned,final_n8,tpsa,I1+I2,sider,0.5511235254,0.6517018959,0.6432141309,0.6141596878,0.6211629277,1,0.6162724335,0.0395406839
p5_tpsa_mofe_last_selected_kan_n8aligned,final_n8,tpsa,I1+I2,clintox,0.8838295850,0.8922494815,0.9202085793,0.8828364664,0.8292201938,1,0.8816688612,0.0329930073
p5_tpsa_mofe_last_selected_kan_n8aligned,final_n8,tpsa,I1+I2,bace,0.8901960784,0.8343589744,0.8976800977,0.8246153846,0.9344283168,1,0.8762557704,0.0459876345
p5_tpsa_mofe_last_selected_kan_n8aligned,final_n8,tpsa,I1+I2,hiv,0.7719550522,0.8355696213,0.7857274636,0.7721883445,0.7590987622,1,0.7849078488,0.0298452536
p5_tpsa_mofe_last_selected_kan_n8aligned,final_n8,tpsa,I1+I2,muv,0.7615798950,0.7184819167,0.7109853401,0.8027107735,0.7068858854,1,0.7401287622,0.0412300651
p5_logp_mofe_last_selected_kan_n8aligned,final_n8,logp,I1+I2,bbbp,0.9371000468,0.9421052632,0.9301935964,0.9302631579,0.9488727858,1,0.9377069700,0.0080039038
p5_logp_mofe_last_selected_kan_n8aligned,final_n8,logp,I1+I2,tox21,0.8017038185,0.8313318198,0.8007778892,0.8306410073,0.8084442427,1,0.8145797555,0.0152686055
p5_logp_mofe_last_selected_kan_n8aligned,final_n8,logp,I1+I2,toxcast,0.7094630002,0.7037071673,0.6769949285,0.7028001154,0.6787270515,1,0.6943384526,0.0152695626
p5_logp_mofe_last_selected_kan_n8aligned,final_n8,logp,I1+I2,sider,0.5759895863,0.6051300761,0.6529997832,0.6244754924,0.6270806798,1,0.6171351236,0.0286188107
p5_logp_mofe_last_selected_kan_n8aligned,final_n8,logp,I1+I2,clintox,0.8218091591,0.8215555051,0.8227828321,0.8669074117,0.8451666586,1,0.8356443133,0.0201455956
p5_logp_mofe_last_selected_kan_n8aligned,final_n8,logp,I1+I2,bace,0.8411764706,0.8158974359,0.9032967033,0.8564102564,0.9079449962,1,0.8649451725,0.0398851514
p5_logp_mofe_last_selected_kan_n8aligned,final_n8,logp,I1+I2,hiv,0.7340840696,0.8572022501,0.8042441305,0.7640321719,0.7449733738,1,0.7809071992,0.0503337833
p5_logp_mofe_last_selected_kan_n8aligned,final_n8,logp,I1+I2,muv,0.7342495941,0.7514360474,0.7554737547,0.7295884950,0.7797490699,1,0.7500993922,0.0198852131
p3_tpsa_mofe_last_ffn_conloss_n8aligned,final_n8,tpsa,I1+I3,bbbp,0.9361635711,0.9740740741,0.9182799702,0.9207236842,0.9685990338,1,0.9435680667,0.0263312836
p3_tpsa_mofe_last_ffn_conloss_n8aligned,final_n8,tpsa,I1+I3,tox21,0.8014735668,0.8286647647,0.8010997945,0.8089396148,0.8125367780,1,0.8105429038,0.0112513677
p3_tpsa_mofe_last_ffn_conloss_n8aligned,final_n8,tpsa,I1+I3,toxcast,0.7080674886,0.7146006197,0.6825691149,0.6996631873,0.6897465313,1,0.6989293884,0.0130538715
p3_tpsa_mofe_last_ffn_conloss_n8aligned,final_n8,tpsa,I1+I3,sider,0.5787486039,0.6294203495,0.6815061303,0.6250419667,0.6222381001,1,0.6273910301,0.0365058852
p3_tpsa_mofe_last_ffn_conloss_n8aligned,final_n8,tpsa,I1+I3,clintox,0.8928964974,0.9438628900,0.8376526919,0.8548185042,0.8190912859,1,0.8696643739,0.0496183842
p3_tpsa_mofe_last_ffn_conloss_n8aligned,final_n8,tpsa,I1+I3,bace,0.8848039216,0.8394871795,0.9050061050,0.8384615385,0.9216959511,1,0.8778909391,0.0378530944
p3_tpsa_mofe_last_ffn_conloss_n8aligned,final_n8,tpsa,I1+I3,hiv,0.7956983070,0.8635623924,0.7907974363,0.8167810540,0.7510966861,1,0.8035871752,0.0410857890
p3_tpsa_mofe_last_ffn_conloss_n8aligned,final_n8,tpsa,I1+I3,muv,0.7092555457,0.7618536444,0.7876564928,0.7807908217,0.7341763331,1,0.7547465675,0.0328041328
p3_logp_mofe_last_ffn_conloss_n8aligned,final_n8,logp,I1+I3,bbbp,0.9147807086,0.9313190383,0.9229337305,0.9475328947,0.9590713902,1,0.9351275525,0.0180581562
p3_logp_mofe_last_ffn_conloss_n8aligned,final_n8,logp,I1+I3,tox21,0.7952189208,0.8157970917,0.7937226305,0.8226615493,0.8093890170,1,0.8073578418,0.0126769719
p3_logp_mofe_last_ffn_conloss_n8aligned,final_n8,logp,I1+I3,toxcast,0.7070856235,0.6980128151,0.6538964182,0.6879093308,0.6757173734,1,0.6845243122,0.0207246284
p3_logp_mofe_last_ffn_conloss_n8aligned,final_n8,logp,I1+I3,sider,0.5739649124,0.6496594340,0.6519715216,0.5913152622,0.6017523494,1,0.6137326959,0.0352862755
p3_logp_mofe_last_ffn_conloss_n8aligned,final_n8,logp,I1+I3,clintox,0.9008921972,0.8076171031,0.8378726146,0.8926457444,0.8873716153,1,0.8652798549,0.0405626875
p3_logp_mofe_last_ffn_conloss_n8aligned,final_n8,logp,I1+I3,bace,0.8453431373,0.8197435897,0.8757020757,0.8558974359,0.8758594347,1,0.8545091347,0.0234497445
p3_logp_mofe_last_ffn_conloss_n8aligned,final_n8,logp,I1+I3,hiv,0.7640054258,0.8432296218,0.8136038633,0.7731321392,0.7492925752,1,0.7886527251,0.0387259484
p3_logp_mofe_last_ffn_conloss_n8aligned,final_n8,logp,I1+I3,muv,0.7292709702,0.7717490042,0.7355090698,0.7688987554,0.7311258690,1,0.7473107337,0.0211538054
p5_tpsa_mofe_last_selected_kan_conloss_n8aligned,final_n8,tpsa,I1+I2+I3,bbbp,0.9271109724,0.9652371670,0.9240506329,0.9271381579,0.9557165862,1,0.9398507033,0.0191686629
p5_tpsa_mofe_last_selected_kan_conloss_n8aligned,final_n8,tpsa,I1+I2+I3,tox21,0.7809318424,0.8229954068,0.8063027366,0.8205503382,0.8188150848,1,0.8099190818,0.0174391138
p5_tpsa_mofe_last_selected_kan_conloss_n8aligned,final_n8,tpsa,I1+I2+I3,toxcast,0.6983014605,0.7177659181,0.6621412708,0.6909900218,0.6731670772,1,0.6884731497,0.0217292448
p5_tpsa_mofe_last_selected_kan_conloss_n8aligned,final_n8,tpsa,I1+I2+I3,sider,0.5542018648,0.6423504540,0.6252237169,0.6170246838,0.6216113974,1,0.6120824234,0.0337425311
p5_tpsa_mofe_last_selected_kan_conloss_n8aligned,final_n8,tpsa,I1+I2+I3,clintox,0.8297112717,0.8983504019,0.8917845375,0.8582747088,0.8297615023,1,0.8615764844,0.0327999012
p5_tpsa_mofe_last_selected_kan_conloss_n8aligned,final_n8,tpsa,I1+I2+I3,bace,0.8759803922,0.8061538462,0.9118437118,0.8051282051,0.8203463203,1,0.8438904951,0.0477710664
p5_tpsa_mofe_last_selected_kan_conloss_n8aligned,final_n8,tpsa,I1+I2+I3,hiv,0.7449837672,0.8405688153,0.7863950100,0.7921594886,0.7617489389,1,0.7851712040,0.0363416488
p5_tpsa_mofe_last_selected_kan_conloss_n8aligned,final_n8,tpsa,I1+I2+I3,muv,0.6835001217,0.6807509839,0.7578204472,0.7270093543,0.6842510875,1,0.7066663989,0.0344285630
p5_logp_mofe_last_selected_kan_conloss_n8aligned,final_n8,logp,I1+I2+I3,bbbp,0.9205556423,0.9747238467,0.9268428891,0.9564144737,0.9550456253,1,0.9467164954,0.0225121488
p5_logp_mofe_last_selected_kan_conloss_n8aligned,final_n8,logp,I1+I2+I3,tox21,0.7810862722,0.8076650156,0.7937583688,0.8233531033,0.8172349128,1,0.8046195346,0.0172565110
p5_logp_mofe_last_selected_kan_conloss_n8aligned,final_n8,logp,I1+I2+I3,toxcast,0.7070115932,0.6969183430,0.6745761056,0.7005434354,0.6755745754,1,0.6909248105,0.0149175637
p5_logp_mofe_last_selected_kan_conloss_n8aligned,final_n8,logp,I1+I2+I3,sider,0.5867168017,0.6295262736,0.6470535875,0.6102963932,0.6370882219,1,0.6221362556,0.0239466446
p5_logp_mofe_last_selected_kan_conloss_n8aligned,final_n8,logp,I1+I2+I3,clintox,0.8577974871,0.8398582664,0.8148501825,0.8477095587,0.8646004379,1,0.8449631865,0.0193050297
p5_logp_mofe_last_selected_kan_conloss_n8aligned,final_n8,logp,I1+I2+I3,bace,0.8431372549,0.8028205128,0.8713064713,0.8458974359,0.8806977336,1,0.8487718817,0.0303257626
p5_logp_mofe_last_selected_kan_conloss_n8aligned,final_n8,logp,I1+I2+I3,hiv,0.7214869693,0.8525288692,0.7950674799,0.7821571769,0.7533700436,1,0.7809221078,0.0490428312
p5_logp_mofe_last_selected_kan_conloss_n8aligned,final_n8,logp,I1+I2+I3,muv,0.6772792868,0.7195660548,0.7755316243,0.6844831300,0.7406169797,1,0.7194954151,0.0406024747
p3_tpsa_mofe_last_all_kan_n8aligned,final_n8,tpsa,all-KAN,bbbp,0.9210238801,0.9752436647,0.8914743112,0.9315789474,0.9641706924,1,0.9366982992,0.0337549324
p3_tpsa_mofe_last_all_kan_n8aligned,final_n8,tpsa,all-KAN,tox21,0.7909262205,0.8198633466,0.7887005903,0.8258468852,0.7671316002,1,0.7984937286,0.0241951007
p3_tpsa_mofe_last_all_kan_n8aligned,final_n8,tpsa,all-KAN,toxcast,0.7187057531,0.7157127931,0.6501382076,0.6923194742,0.6690038792,1,0.6891760214,0.0296519511
p3_tpsa_mofe_last_all_kan_n8aligned,final_n8,tpsa,all-KAN,sider,0.5769985186,0.6491329248,0.6203931755,0.6333744668,0.5932486738,1,0.6146295519,0.0293611586
p3_tpsa_mofe_last_all_kan_n8aligned,final_n8,tpsa,all-KAN,clintox,0.8424348010,0.8897810258,0.8919002863,0.9256069081,0.8844266155,1,0.8868299273,0.0296427686
p3_tpsa_mofe_last_all_kan_n8aligned,final_n8,tpsa,all-KAN,bace,0.8914215686,0.8197435897,0.8974358974,0.8366666667,0.9000509295,1,0.8690637304,0.0379048325
p3_tpsa_mofe_last_all_kan_n8aligned,final_n8,tpsa,all-KAN,hiv,0.7816261711,0.8263161914,0.7756044182,0.7687128839,0.7466468422,1,0.7797813014,0.0291836775
p3_tpsa_mofe_last_all_kan_n8aligned,final_n8,tpsa,all-KAN,muv,0.7348780292,0.7566304242,0.7714453579,0.7520135870,0.6814542123,1,0.7392843221,0.0348604026
p3_logp_mofe_last_all_kan_n8aligned,final_n8,logp,all-KAN,bbbp,0.9397533947,0.9505523067,0.8963142219,0.9126644737,0.9522275899,1,0.9303023974,0.0247304805
p3_logp_mofe_last_all_kan_n8aligned,final_n8,logp,all-KAN,tox21,0.7900261340,0.8065585591,0.7744700429,0.8209757189,0.7873392748,1,0.7958739459,0.0180929859
p3_logp_mofe_last_all_kan_n8aligned,final_n8,logp,all-KAN,toxcast,0.7140915792,0.6923715902,0.6819628775,0.7014129594,0.6774738414,1,0.6934625695,0.0148141598
p3_logp_mofe_last_all_kan_n8aligned,final_n8,logp,all-KAN,sider,0.6016911993,0.5884039846,0.6659562262,0.6237869560,0.5965797427,1,0.6152836218,0.0312134725
p3_logp_mofe_last_all_kan_n8aligned,final_n8,logp,all-KAN,clintox,0.9144748083,0.9114407787,0.8802405260,0.8844217314,0.8819092292,1,0.8944974147,0.0169515082
p3_logp_mofe_last_all_kan_n8aligned,final_n8,logp,all-KAN,bace,0.7985294118,0.8064102564,0.9269841270,0.8269230769,0.8964858671,1,0.8510665478,0.0573664440
p3_logp_mofe_last_all_kan_n8aligned,final_n8,logp,all-KAN,hiv,0.7317918347,0.8241135594,0.7715005570,0.7463360196,0.7278725356,1,0.7603229013,0.0395501862
p3_logp_mofe_last_all_kan_n8aligned,final_n8,logp,all-KAN,muv,0.7038846687,0.7807155465,0.7220372029,0.6662220675,0.7179470193,1,0.7181613010,0.0413207223
p3_base_vanilla_n4aligned,depth_reference,none,N4 Base,bbbp,0.9388169190,0.9706952567,0.9279597915,0.9376644737,0.9600107354,1,0.9470294352,0.0176591654
p3_base_vanilla_n4aligned,depth_reference,none,N4 Base,tox21,0.8059400890,0.8389648236,0.7988678481,0.8397407646,0.8049363540,1,0.8176899759,0.0199614856
p3_base_vanilla_n4aligned,depth_reference,none,N4 Base,toxcast,0.7224135187,0.7094186966,0.6761862022,0.7043434276,0.6812724328,1,0.6987268556,0.0194913909
p3_base_vanilla_n4aligned,depth_reference,none,N4 Base,sider,0.5789090777,0.6308528100,0.6237450355,0.6197849989,0.6166833666,1,0.6139950577,0.0203163868
p3_base_vanilla_n4aligned,depth_reference,none,N4 Base,clintox,0.9051127365,0.8924574367,0.7988305515,0.9366054953,0.8304064442,1,0.8726825328,0.0565028603
p3_base_vanilla_n4aligned,depth_reference,none,N4 Base,bace,0.8676470588,0.8271794872,0.8935286935,0.8564102564,0.9349376114,1,0.8759406215,0.0406750896
p3_base_vanilla_n4aligned,depth_reference,none,N4 Base,hiv,0.7783332839,0.8331972951,0.8102900729,0.8084351659,0.7803499442,1,0.8021211524,0.0229791909
p3_base_vanilla_n4aligned,depth_reference,none,N4 Base,muv,0.7557618798,0.7478418787,0.7546727742,0.7847310595,0.7161352685,1,0.7518285722,0.0244746794
p2_mofe_ffn_logp_last,layer_screen,logp,last,bbbp,0.9391290776,0.9693957115,0.8920327625,0.9223684211,0.9628287708,1,0.9371509487,0.0314529892
p2_mofe_ffn_logp_last,layer_screen,logp,last,tox21,0.8101331679,0.8313149292,0.7878283247,0.8190111650,0.7963432376,1,0.8089261649,0.0173772104
p2_mofe_ffn_logp_last,layer_screen,logp,last,toxcast,0.7056137018,0.6889103980,0.6716069950,0.7039933837,0.6786572844,1,0.6897563526,0.0150619779
p2_mofe_ffn_logp_last,layer_screen,logp,last,sider,0.5958542358,0.5895167691,0.6340262499,0.6075144455,0.5817705223,1,0.6017364445,0.0203628075
p2_mofe_ffn_logp_last,layer_screen,logp,last,clintox,0.9075306438,0.8585742373,0.8180602820,0.9005614981,0.9042467562,1,0.8777946835,0.0388583698
p2_mofe_ffn_logp_last,layer_screen,logp,last,bace,0.8061274510,0.7994871795,0.8578754579,0.8253846154,0.8649096002,1,0.8307568608,0.0296440961
p2_mofe_ffn_logp_last,layer_screen,logp,last,hiv,0.7268830793,0.8161362306,0.7931803234,0.7426788148,0.7460025169,1,0.7649761930,0.0378189145
p2_mofe_ffn_logp_last,layer_screen,logp,last,muv,0.6717936978,0.7168612265,0.7886378356,0.7644227514,0.7423329156,1,0.7368096854,0.0450115660
p2_mofe_ffn_logp_odd,layer_screen,logp,odd,bbbp,0.9168097393,0.9417153996,0.9065524944,0.9373355263,0.9366612990,1,0.9278148917,0.0152915699
p2_mofe_ffn_logp_odd,layer_screen,logp,odd,tox21,0.7703450719,0.7910329864,0.7771316195,0.8041541683,0.7701586379,1,0.7825644968,0.0147526698
p2_mofe_ffn_logp_odd,layer_screen,logp,odd,toxcast,0.7054254966,0.6871909278,0.6595026403,0.6902630467,0.6787739234,1,0.6842312070,0.0168495171
p2_mofe_ffn_logp_odd,layer_screen,logp,odd,sider,0.5820220708,0.6124495382,0.6124546921,0.6275749185,0.6275516853,1,0.6124105810,0.0185921703
p2_mofe_ffn_logp_odd,layer_screen,logp,odd,clintox,0.8901887100,0.8392019920,0.9247536480,0.8756893188,0.8986445153,1,0.8856956368,0.0315244937
p2_mofe_ffn_logp_odd,layer_screen,logp,odd,bace,0.7990196078,0.7666666667,0.8881562882,0.8094871795,0.8470842883,1,0.8220828061,0.0467768334
p2_mofe_ffn_logp_odd,layer_screen,logp,odd,hiv,0.7315101696,0.8146081334,0.7785745772,0.7277088266,0.7567116480,1,0.7618226710,0.0359710164
p2_mofe_ffn_logp_odd,layer_screen,logp,odd,muv,0.6696358362,0.7786118256,0.7262598597,0.7522012718,0.7042099712,1,0.7261837529,0.0421489438
p2_mofe_ffn_logp_even,layer_screen,logp,even,bbbp,0.9235211487,0.9397660819,0.8836559940,0.9398026316,0.9507514761,1,0.9274994665,0.0263655588
p2_mofe_ffn_logp_even,layer_screen,logp,even,tox21,0.7898049993,0.7937791548,0.7770295391,0.8094928442,0.7750564388,1,0.7890325953,0.0139745709
p2_mofe_ffn_logp_even,layer_screen,logp,even,toxcast,0.6967326149,0.6883478298,0.6460212212,0.6773795521,0.6745207574,1,0.6766003951,0.0192569880
p2_mofe_ffn_logp_even,layer_screen,logp,even,sider,0.5789477351,0.6417887989,0.6259789068,0.6257008397,0.5901833793,1,0.6125199320,0.0266343805
p2_mofe_ffn_logp_even,layer_screen,logp,even,clintox,0.9395844732,0.7586801054,0.9191938483,0.8460111291,0.7997712016,1,0.8526481515,0.0769029736
p2_mofe_ffn_logp_even,layer_screen,logp,even,bace,0.7852941176,0.7471794872,0.9042735043,0.8361538462,0.8287496817,1,0.8203301274,0.0590472430
p2_mofe_ffn_logp_even,layer_screen,logp,even,hiv,0.7349494485,0.8299204982,0.7608733310,0.7324724394,0.7409207898,1,0.7598273014,0.0407394239
p2_mofe_ffn_logp_even,layer_screen,logp,even,muv,0.6928426049,0.7593496447,0.7241695925,0.7447392884,0.8037747854,1,0.7449751832,0.0412757566
pt_smoe_top1,routed_control,learned,top1,bbbp,0.9313251132,0.9648473034,0.9287043931,0.9473684211,0.9746376812,1,0.9493765824,0.0202156745
pt_smoe_top1,routed_control,learned,top1,tox21,0.7859910681,0.8180203013,0.8019313918,0.8237992651,0.7968242722,1,0.8053132597,0.0154923233
pt_smoe_top1,routed_control,learned,top1,toxcast,0.7114255980,0.7022559014,0.6700296480,0.7106140524,0.6908884907,1,0.6970427381,0.0172177677
pt_smoe_top1,routed_control,learned,top1,sider,0.5941692649,0.6362376262,0.6595552424,0.6370268290,0.5967753992,1,0.6247528723,0.0283365956
pt_smoe_top1,routed_control,learned,top1,clintox,0.9398901911,0.9274722366,0.8065162704,0.8609120920,0.8758019012,1,0.8821185383,0.0538512720
pt_smoe_top1,routed_control,learned,top1,bace,0.8779411765,0.8297435897,0.9194139194,0.8441025641,0.9043799338,1,0.8751162367,0.0382333425
pt_smoe_top1,routed_control,learned,top1,hiv,0.7669239949,0.8556563351,0.8119983720,,,0,,
pt_smoe_top1,routed_control,learned,top1,muv,0.7346488461,0.7812751652,0.7936948141,0.7660151277,0.6994062809,1,0.7550080468,0.0381242598
pt_smoe_top2,routed_control,learned,top2,bbbp,0.9324176682,0.9678362573,0.9087862993,0.9348684211,0.9590713902,1,0.9405960072,0.0234249813
pt_smoe_top2,routed_control,learned,top2,tox21,0.8141550024,0.8207096625,0.7916999634,0.8301344088,0.8087630644,1,0.8130924203,0.0143697718
pt_smoe_top2,routed_control,learned,top2,toxcast,0.7068836674,0.6966058279,0.6748571991,0.6965236371,0.6769218098,1,0.6903584282,0.0138830306
pt_smoe_top2,routed_control,learned,top2,sider,0.6246771471,0.6789779167,0.6373942590,0.6314142222,0.5987880148,1,0.6342503119,0.0290159716
pt_smoe_top2,routed_control,learned,top2,clintox,0.8936475941,0.9194484055,0.8048533463,0.8805695710,0.8682618162,1,0.8733561466,0.0427400822
pt_smoe_top2,routed_control,learned,top2,bace,0.8610294118,0.8202564103,0.9076923077,0.8094871795,0.9290807232,1,0.8655092065,0.0525050079
pt_smoe_top2,routed_control,learned,top2,hiv,0.7747383480,0.8499520614,0.8099084166,0.8084128465,0.7781121357,1,0.8042247616,0.0303815230
pt_smoe_top2,routed_control,learned,top2,muv,0.7265224250,0.7968020083,0.7716799815,0.7668319894,0.7375307263,1,0.7598734261,0.0281203754
pt_smoe_top3,routed_control,learned,top3,bbbp,0.9277352895,0.9718648473,0.8951973194,0.9610197368,0.9629629630,1,0.9437560312,0.0319047800
pt_smoe_top3,routed_control,learned,top3,tox21,0.7977772919,0.8090158715,0.7890314381,0.8367084488,0.8100015430,1,0.8085069187,0.0179738593
pt_smoe_top3,routed_control,learned,top3,toxcast,0.7053077084,0.7063014933,,,,0,,
pt_smoe_top3,routed_control,learned,top3,sider,0.6036682473,0.6605112541,0.6285012749,0.6070151209,0.6384198188,1,0.6276231432,0.0234387221
pt_smoe_top3,routed_control,learned,top3,clintox,0.8943262207,0.9379564212,0.8049266539,0.9428235402,0.8175136434,1,0.8795092959,0.0652884612
pt_smoe_top3,routed_control,learned,top3,bace,0.8647058824,0.8292307692,0.9123321123,0.8489743590,0.9303539598,1,0.8771194165,0.0427592480
pt_smoe_top3,routed_control,learned,top3,hiv,0.7801103682,,,,,0,,
pt_smoe_top3,routed_control,learned,top3,muv,0.7193960763,0.8174738888,0.7772866103,0.7933690333,0.7626674932,1,0.7740386204,0.0366945057
pt_smoe_top4,routed_control,learned,top4,bbbp,0.9294521617,0.9710851202,0.8953834698,0.9425986842,0.9582662373,1,0.9393571346,0.0291826942
pt_smoe_top4,routed_control,learned,top4,tox21,,,,,,0,,
pt_smoe_top4,routed_control,learned,top4,toxcast,,,,,,0,,
pt_smoe_top4,routed_control,learned,top4,sider,0.6113285146,0.6421802805,0.6469880967,0.6256841873,0.6287861153,1,0.6309934389,0.0141487118
pt_smoe_top4,routed_control,learned,top4,clintox,0.8614699417,0.9116163253,0.8223622782,0.9354791354,0.8474284829,1,0.8756712327,0.0466642506
pt_smoe_top4,routed_control,learned,top4,bace,0.8348039216,0.8169230769,0.9106227106,0.8264102564,0.9280621339,1,0.8633644199,0.0518585838
pt_smoe_top4,routed_control,learned,top4,hiv,0.7781683616,0.8643888036,0.7956716517,0.8160939331,0.7848824395,1,0.8078410379,0.0347182193
pt_smoe_top4,routed_control,learned,top4,muv,0.7246217558,0.8135992864,0.7817554989,0.7887753411,0.7189643072,1,0.7655432379,0.0417016675
