job_id,job_name,model,protocol,dataset,state,elapsed_seconds,requested_memory
37146,ft_p2_mofe_ffn_logp_last_bbbp,p2_mofe_ffn_logp_last,layer_screen,bbbp,COMPLETED,1383,16000M
37147,ft_p2_mofe_ffn_logp_last_tox21,p2_mofe_ffn_logp_last,layer_screen,tox21,COMPLETED,7072,16000M
37148,ft_p2_mofe_ffn_logp_last_toxcast,p2_mofe_ffn_logp_last,layer_screen,toxcast,COMPLETED,17641,16000M
37149,ft_p2_mofe_ffn_logp_last_sider,p2_mofe_ffn_logp_last,layer_screen,sider,COMPLETED,1147,16000M
37150,ft_p2_mofe_ffn_logp_last_clintox,p2_mofe_ffn_logp_last,layer_screen,clintox,COMPLETED,1104,16000M
37151,ft_p2_mofe_ffn_logp_last_bace,p2_mofe_ffn_logp_last,layer_screen,bace,COMPLETED,1269,16000M
37152,ft_p2_mofe_ffn_logp_last_hiv,p2_mofe_ffn_logp_last,layer_screen,hiv,COMPLETED,90170,32000M
37153,ft_p2_mofe_ffn_logp_last_muv,p2_mofe_ffn_logp_last,layer_screen,muv,COMPLETED,29546,16000M
37179,ft_p2_mofe_ffn_logp_odd_bbbp,p2_mofe_ffn_logp_odd,layer_screen,bbbp,COMPLETED,1646,16000M
37180,ft_p2_mofe_ffn_logp_odd_tox21,p2_mofe_ffn_logp_odd,layer_screen,tox21,COMPLETED,4581,16000M
37181,ft_p2_mofe_ffn_logp_odd_toxcast,p2_mofe_ffn_logp_odd,layer_screen,toxcast,COMPLETED,4497,16000M
37182,ft_p2_mofe_ffn_logp_odd_sider,p2_mofe_ffn_logp_odd,layer_screen,sider,COMPLETED,1425,16000M
37183,ft_p2_mofe_ffn_logp_odd_clintox,p2_mofe_ffn_logp_odd,layer_screen,clintox,COMPLETED,1727,16000M
37184,ft_p2_mofe_ffn_logp_odd_bace,p2_mofe_ffn_logp_odd,layer_screen,bace,COMPLETED,1742,16000M
37185,ft_p2_mofe_ffn_logp_odd_hiv,p2_mofe_ffn_logp_odd,layer_screen,hiv,COMPLETED,130942,32000M
37186,ft_p2_mofe_ffn_logp_odd_muv,p2_mofe_ffn_logp_odd,layer_screen,muv,COMPLETED,154,16000M
37187,ft_p2_mofe_ffn_logp_even_bbbp,p2_mofe_ffn_logp_even,layer_screen,bbbp,COMPLETED,1603,16000M
37188,ft_p2_mofe_ffn_logp_even_tox21,p2_mofe_ffn_logp_even,layer_screen,tox21,COMPLETED,8650,16000M
37189,ft_p2_mofe_ffn_logp_even_toxcast,p2_mofe_ffn_logp_even,layer_screen,toxcast,COMPLETED,2822,16000M
37190,ft_p2_mofe_ffn_logp_even_sider,p2_mofe_ffn_logp_even,layer_screen,sider,COMPLETED,1229,16000M
37191,ft_p2_mofe_ffn_logp_even_clintox,p2_mofe_ffn_logp_even,layer_screen,clintox,COMPLETED,1211,16000M
37192,ft_p2_mofe_ffn_logp_even_bace,p2_mofe_ffn_logp_even,layer_screen,bace,COMPLETED,1223,16000M
37193,ft_p2_mofe_ffn_logp_even_hiv,p2_mofe_ffn_logp_even,layer_screen,hiv,COMPLETED,109749,32000M
37194,ft_p2_mofe_ffn_logp_even_muv,p2_mofe_ffn_logp_even,layer_screen,muv,COMPLETED,157,16000M
37584,ft_pt_smoe_top1_bbbp,pt_smoe_top1,routed_control,bbbp,COMPLETED,1837,16000M
37585,ft_pt_smoe_top1_tox21,pt_smoe_top1,routed_control,tox21,COMPLETED,12531,16000M
37586,ft_pt_smoe_top1_toxcast,pt_smoe_top1,routed_control,toxcast,COMPLETED,26633,16000M
37587,ft_pt_smoe_top1_sider,pt_smoe_top1,routed_control,sider,COMPLETED,1418,16000M
37588,ft_pt_smoe_top1_clintox,pt_smoe_top1,routed_control,clintox,COMPLETED,1557,16000M
37589,ft_pt_smoe_top1_bace,pt_smoe_top1,routed_control,bace,COMPLETED,1515,16000M
37590,ft_pt_smoe_top1_hiv,pt_smoe_top1,routed_control,hiv,COMPLETED,77237,32000M
37591,ft_pt_smoe_top1_muv,pt_smoe_top1,routed_control,muv,COMPLETED,35181,32000M
37592,ft_pt_smoe_top2_bbbp,pt_smoe_top2,routed_control,bbbp,COMPLETED,2062,16000M
37593,ft_pt_smoe_top2_tox21,pt_smoe_top2,routed_control,tox21,COMPLETED,11401,16000M
37594,ft_pt_smoe_top2_toxcast,pt_smoe_top2,routed_control,toxcast,COMPLETED,28104,16000M
37595,ft_pt_smoe_top2_sider,pt_smoe_top2,routed_control,sider,COMPLETED,1826,16000M
37596,ft_pt_smoe_top2_clintox,pt_smoe_top2,routed_control,clintox,COMPLETED,1674,16000M
37597,ft_pt_smoe_top2_bace,pt_smoe_top2,routed_control,bace,COMPLETED,1670,16000M
37598,ft_pt_smoe_top2_hiv,pt_smoe_top2,routed_control,hiv,COMPLETED,109950,32000M
37599,ft_pt_smoe_top2_muv,pt_smoe_top2,routed_control,muv,COMPLETED,48471,32000M
37606,ft_pt_smoe_top3_bbbp,pt_smoe_top3,routed_control,bbbp,COMPLETED,2191,16000M
37607,ft_pt_smoe_top3_tox21,pt_smoe_top3,routed_control,tox21,COMPLETED,13159,16000M
37610,ft_pt_smoe_top3_toxcast,pt_smoe_top3,routed_control,toxcast,COMPLETED,15099,16000M
37611,ft_pt_smoe_top3_sider,pt_smoe_top3,routed_control,sider,COMPLETED,1945,16000M
37618,ft_pt_smoe_top3_clintox,pt_smoe_top3,routed_control,clintox,COMPLETED,2881,16000M
37619,ft_pt_smoe_top3_bace,pt_smoe_top3,routed_control,bace,COMPLETED,2024,16000M
37622,ft_pt_smoe_top3_hiv,pt_smoe_top3,routed_control,hiv,COMPLETED,49271,32000M
37623,ft_pt_smoe_top3_muv,pt_smoe_top3,routed_control,muv,COMPLETED,83658,32000M
37646,ft_pt_smoe_top4_bbbp,pt_smoe_top4,routed_control,bbbp,COMPLETED,3191,16000M
37648,ft_pt_smoe_top4_tox21,pt_smoe_top4,routed_control,tox21,COMPLETED,312,16000M
37654,ft_pt_smoe_top4_toxcast,pt_smoe_top4,routed_control,toxcast,COMPLETED,17,16000M
37687,ft_pt_smoe_top4_sider,pt_smoe_top4,routed_control,sider,COMPLETED,2181,16000M
37689,ft_pt_smoe_top4_clintox,pt_smoe_top4,routed_control,clintox,COMPLETED,2470,16000M
37695,ft_pt_smoe_top4_bace,pt_smoe_top4,routed_control,bace,COMPLETED,2509,16000M
37697,ft_pt_smoe_top4_hiv,pt_smoe_top4,routed_control,hiv,COMPLETED,170168,32000M
37698,ft_pt_smoe_top4_muv,pt_smoe_top4,routed_control,muv,COMPLETED,85475,32000M
37700,retry_lp_p2_mofe_ffn_logp_last_hiv_f5,p2_mofe_ffn_logp_last,layer_screen,hiv,COMPLETED,16984,125G
53207,fta_p3_base_vanilla_n8aligned_bbbp,p3_base_vanilla_n8aligned,final_n8,bbbp,COMPLETED,1719,62.50G
53208,fta_p3_base_vanilla_n8aligned_tox21,p3_base_vanilla_n8aligned,final_n8,tox21,COMPLETED,5517,62.50G
53209,fta_p3_base_vanilla_n8aligned_toxcast,p3_base_vanilla_n8aligned,final_n8,toxcast,COMPLETED,16089,96000M
53210,fta_p3_base_vanilla_n8aligned_sider,p3_base_vanilla_n8aligned,final_n8,sider,COMPLETED,1036,62.50G
53211,fta_p3_base_vanilla_n8aligned_clintox,p3_base_vanilla_n8aligned,final_n8,clintox,COMPLETED,1235,62.50G
53212,fta_p3_base_vanilla_n8aligned_bace,p3_base_vanilla_n8aligned,final_n8,bace,COMPLETED,1498,62.50G
53213,fta_p3_base_vanilla_n8aligned_hiv,p3_base_vanilla_n8aligned,final_n8,hiv,FAILED,80,96000M
53214,fta_p3_base_vanilla_n8aligned_muv,p3_base_vanilla_n8aligned,final_n8,muv,COMPLETED,25311,96000M
53215,fta_p3_tpsa_mofe_last_ffn_n8aligned_bbbp,p3_tpsa_mofe_last_ffn_n8aligned,final_n8,bbbp,COMPLETED,1707,62.50G
53216,fta_p3_tpsa_mofe_last_ffn_n8aligned_tox21,p3_tpsa_mofe_last_ffn_n8aligned,final_n8,tox21,COMPLETED,5951,62.50G
53217,fta_p3_tpsa_mofe_last_ffn_n8aligned_toxcast,p3_tpsa_mofe_last_ffn_n8aligned,final_n8,toxcast,COMPLETED,17059,96000M
53218,fta_p3_tpsa_mofe_last_ffn_n8aligned_sider,p3_tpsa_mofe_last_ffn_n8aligned,final_n8,sider,COMPLETED,1179,62.50G
53219,fta_p3_tpsa_mofe_last_ffn_n8aligned_clintox,p3_tpsa_mofe_last_ffn_n8aligned,final_n8,clintox,COMPLETED,2307,62.50G
53220,fta_p3_tpsa_mofe_last_ffn_n8aligned_bace,p3_tpsa_mofe_last_ffn_n8aligned,final_n8,bace,COMPLETED,1879,62.50G
53221,fta_p3_tpsa_mofe_last_ffn_n8aligned_hiv,p3_tpsa_mofe_last_ffn_n8aligned,final_n8,hiv,COMPLETED,196111,96000M
53222,fta_p3_tpsa_mofe_last_ffn_n8aligned_muv,p3_tpsa_mofe_last_ffn_n8aligned,final_n8,muv,COMPLETED,31120,96000M
53223,fta_p3_logp_mofe_last_ffn_n8aligned_bbbp,p3_logp_mofe_last_ffn_n8aligned,final_n8,bbbp,COMPLETED,1869,62.50G
53224,fta_p3_logp_mofe_last_ffn_n8aligned_tox21,p3_logp_mofe_last_ffn_n8aligned,final_n8,tox21,COMPLETED,6501,62.50G
53225,fta_p3_logp_mofe_last_ffn_n8aligned_toxcast,p3_logp_mofe_last_ffn_n8aligned,final_n8,toxcast,COMPLETED,16895,96000M
53226,fta_p3_logp_mofe_last_ffn_n8aligned_sider,p3_logp_mofe_last_ffn_n8aligned,final_n8,sider,COMPLETED,1389,62.50G
53227,fta_p3_logp_mofe_last_ffn_n8aligned_clintox,p3_logp_mofe_last_ffn_n8aligned,final_n8,clintox,COMPLETED,2020,62.50G
53228,fta_p3_logp_mofe_last_ffn_n8aligned_bace,p3_logp_mofe_last_ffn_n8aligned,final_n8,bace,COMPLETED,1941,62.50G
53230,fta_p3_logp_mofe_last_ffn_n8aligned_hiv,p3_logp_mofe_last_ffn_n8aligned,final_n8,hiv,COMPLETED,183744,96000M
53231,fta_p3_logp_mofe_last_ffn_n8aligned_muv,p3_logp_mofe_last_ffn_n8aligned,final_n8,muv,COMPLETED,34230,96000M
53232,fta_p5_tpsa_mofe_last_selected_kan_n8aligned_bbbp,p5_tpsa_mofe_last_selected_kan_n8aligned,final_n8,bbbp,COMPLETED,2149,62.50G
53233,fta_p5_tpsa_mofe_last_selected_kan_n8aligned_tox21,p5_tpsa_mofe_last_selected_kan_n8aligned,final_n8,tox21,COMPLETED,6541,62.50G
53235,fta_p5_tpsa_mofe_last_selected_kan_n8aligned_toxcast,p5_tpsa_mofe_last_selected_kan_n8aligned,final_n8,toxcast,COMPLETED,16674,96000M
53236,fta_p5_tpsa_mofe_last_selected_kan_n8aligned_sider,p5_tpsa_mofe_last_selected_kan_n8aligned,final_n8,sider,COMPLETED,1572,62.50G
53237,fta_p5_tpsa_mofe_last_selected_kan_n8aligned_clintox,p5_tpsa_mofe_last_selected_kan_n8aligned,final_n8,clintox,COMPLETED,1772,62.50G
53239,fta_p5_tpsa_mofe_last_selected_kan_n8aligned_bace,p5_tpsa_mofe_last_selected_kan_n8aligned,final_n8,bace,COMPLETED,2068,62.50G
53243,fta_p5_tpsa_mofe_last_selected_kan_n8aligned_hiv,p5_tpsa_mofe_last_selected_kan_n8aligned,final_n8,hiv,FAILED,18642,96000M
53244,fta_p5_tpsa_mofe_last_selected_kan_n8aligned_muv,p5_tpsa_mofe_last_selected_kan_n8aligned,final_n8,muv,COMPLETED,39934,96000M
53263,fta_p5_logp_mofe_last_selected_kan_n8aligned_bbbp,p5_logp_mofe_last_selected_kan_n8aligned,final_n8,bbbp,COMPLETED,2137,62.50G
53268,fta_p5_logp_mofe_last_selected_kan_n8aligned_tox21,p5_logp_mofe_last_selected_kan_n8aligned,final_n8,tox21,COMPLETED,7193,62.50G
53269,fta_p5_logp_mofe_last_selected_kan_n8aligned_toxcast,p5_logp_mofe_last_selected_kan_n8aligned,final_n8,toxcast,COMPLETED,17532,96000M
53275,fta_p5_logp_mofe_last_selected_kan_n8aligned_sider,p5_logp_mofe_last_selected_kan_n8aligned,final_n8,sider,COMPLETED,1409,62.50G
53295,fta_p5_logp_mofe_last_selected_kan_n8aligned_clintox,p5_logp_mofe_last_selected_kan_n8aligned,final_n8,clintox,COMPLETED,1520,62.50G
53296,fta_p5_logp_mofe_last_selected_kan_n8aligned_bace,p5_logp_mofe_last_selected_kan_n8aligned,final_n8,bace,COMPLETED,2178,62.50G
53299,fta_p5_logp_mofe_last_selected_kan_n8aligned_hiv,p5_logp_mofe_last_selected_kan_n8aligned,final_n8,hiv,FAILED,39059,96000M
53328,fta_p5_logp_mofe_last_selected_kan_n8aligned_muv,p5_logp_mofe_last_selected_kan_n8aligned,final_n8,muv,COMPLETED,43596,96000M
53341,fta_p3_tpsa_mofe_last_ffn_conloss_n8aligned_bbbp,p3_tpsa_mofe_last_ffn_conloss_n8aligned,final_n8,bbbp,COMPLETED,1791,62.50G
53349,fta_p3_tpsa_mofe_last_ffn_conloss_n8aligned_tox21,p3_tpsa_mofe_last_ffn_conloss_n8aligned,final_n8,tox21,COMPLETED,6807,62.50G
53383,fta_p3_tpsa_mofe_last_ffn_conloss_n8aligned_toxcast,p3_tpsa_mofe_last_ffn_conloss_n8aligned,final_n8,toxcast,COMPLETED,15909,96000M
53384,fta_p3_tpsa_mofe_last_ffn_conloss_n8aligned_sider,p3_tpsa_mofe_last_ffn_conloss_n8aligned,final_n8,sider,COMPLETED,1185,62.50G
53420,fta_p3_tpsa_mofe_last_ffn_conloss_n8aligned_clintox,p3_tpsa_mofe_last_ffn_conloss_n8aligned,final_n8,clintox,COMPLETED,1735,62.50G
53431,fta_p3_tpsa_mofe_last_ffn_conloss_n8aligned_bace,p3_tpsa_mofe_last_ffn_conloss_n8aligned,final_n8,bace,COMPLETED,1895,62.50G
53443,fta_p3_tpsa_mofe_last_ffn_conloss_n8aligned_hiv,p3_tpsa_mofe_last_ffn_conloss_n8aligned,final_n8,hiv,COMPLETED,152312,96000M
53451,fta_p3_tpsa_mofe_last_ffn_conloss_n8aligned_muv,p3_tpsa_mofe_last_ffn_conloss_n8aligned,final_n8,muv,COMPLETED,26126,96000M
53487,fta_p3_logp_mofe_last_ffn_conloss_n8aligned_bbbp,p3_logp_mofe_last_ffn_conloss_n8aligned,final_n8,bbbp,COMPLETED,2040,62.50G
53542,fta_p3_logp_mofe_last_ffn_conloss_n8aligned_tox21,p3_logp_mofe_last_ffn_conloss_n8aligned,final_n8,tox21,COMPLETED,6366,62.50G
53545,fta_p3_logp_mofe_last_ffn_conloss_n8aligned_toxcast,p3_logp_mofe_last_ffn_conloss_n8aligned,final_n8,toxcast,COMPLETED,16295,96000M
53574,fta_p3_logp_mofe_last_ffn_conloss_n8aligned_sider,p3_logp_mofe_last_ffn_conloss_n8aligned,final_n8,sider,COMPLETED,1365,62.50G
53576,fta_p3_logp_mofe_last_ffn_conloss_n8aligned_clintox,p3_logp_mofe_last_ffn_conloss_n8aligned,final_n8,clintox,COMPLETED,1678,62.50G
53579,fta_p3_logp_mofe_last_ffn_conloss_n8aligned_bace,p3_logp_mofe_last_ffn_conloss_n8aligned,final_n8,bace,COMPLETED,1613,62.50G
53587,fta_p3_logp_mofe_last_ffn_conloss_n8aligned_hiv,p3_logp_mofe_last_ffn_conloss_n8aligned,final_n8,hiv,FAILED,74569,96000M
53588,fta_p3_logp_mofe_last_ffn_conloss_n8aligned_muv,p3_logp_mofe_last_ffn_conloss_n8aligned,final_n8,muv,COMPLETED,36135,96000M
53633,fta_p5_tpsa_mofe_last_selected_kan_conloss_n8aligned_bbbp,p5_tpsa_mofe_last_selected_kan_conloss_n8aligned,final_n8,bbbp,COMPLETED,2028,62.50G
53647,fta_p5_tpsa_mofe_last_selected_kan_conloss_n8aligned_tox21,p5_tpsa_mofe_last_selected_kan_conloss_n8aligned,final_n8,tox21,COMPLETED,6313,62.50G
53650,fta_p5_tpsa_mofe_last_selected_kan_conloss_n8aligned_toxcast,p5_tpsa_mofe_last_selected_kan_conloss_n8aligned,final_n8,toxcast,COMPLETED,18917,96000M
53657,fta_p5_tpsa_mofe_last_selected_kan_conloss_n8aligned_sider,p5_tpsa_mofe_last_selected_kan_conloss_n8aligned,final_n8,sider,COMPLETED,1434,62.50G
53658,fta_p5_tpsa_mofe_last_selected_kan_conloss_n8aligned_clintox,p5_tpsa_mofe_last_selected_kan_conloss_n8aligned,final_n8,clintox,COMPLETED,1946,62.50G
53659,fta_p5_tpsa_mofe_last_selected_kan_conloss_n8aligned_bace,p5_tpsa_mofe_last_selected_kan_conloss_n8aligned,final_n8,bace,COMPLETED,1756,62.50G
53660,fta_p5_tpsa_mofe_last_selected_kan_conloss_n8aligned_hiv,p5_tpsa_mofe_last_selected_kan_conloss_n8aligned,final_n8,hiv,COMPLETED,179527,96000M
53661,fta_p5_tpsa_mofe_last_selected_kan_conloss_n8aligned_muv,p5_tpsa_mofe_last_selected_kan_conloss_n8aligned,final_n8,muv,COMPLETED,44453,96000M
53662,fta_p5_logp_mofe_last_selected_kan_conloss_n8aligned_bbbp,p5_logp_mofe_last_selected_kan_conloss_n8aligned,final_n8,bbbp,COMPLETED,2128,62.50G
53663,fta_p5_logp_mofe_last_selected_kan_conloss_n8aligned_tox21,p5_logp_mofe_last_selected_kan_conloss_n8aligned,final_n8,tox21,COMPLETED,7531,62.50G
53664,fta_p5_logp_mofe_last_selected_kan_conloss_n8aligned_toxcast,p5_logp_mofe_last_selected_kan_conloss_n8aligned,final_n8,toxcast,COMPLETED,17357,96000M
53665,fta_p5_logp_mofe_last_selected_kan_conloss_n8aligned_sider,p5_logp_mofe_last_selected_kan_conloss_n8aligned,final_n8,sider,COMPLETED,1594,62.50G
53666,fta_p5_logp_mofe_last_selected_kan_conloss_n8aligned_clintox,p5_logp_mofe_last_selected_kan_conloss_n8aligned,final_n8,clintox,COMPLETED,2179,62.50G
53667,fta_p5_logp_mofe_last_selected_kan_conloss_n8aligned_bace,p5_logp_mofe_last_selected_kan_conloss_n8aligned,final_n8,bace,COMPLETED,2326,62.50G
53668,fta_p5_logp_mofe_last_selected_kan_conloss_n8aligned_hiv,p5_logp_mofe_last_selected_kan_conloss_n8aligned,final_n8,hiv,FAILED,88476,96000M
53669,fta_p5_logp_mofe_last_selected_kan_conloss_n8aligned_muv,p5_logp_mofe_last_selected_kan_conloss_n8aligned,final_n8,muv,COMPLETED,42549,96000M
53673,fta_p3_tpsa_mofe_last_all_kan_n8aligned_bbbp,p3_tpsa_mofe_last_all_kan_n8aligned,final_n8,bbbp,COMPLETED,2196,62.50G
53675,fta_p3_tpsa_mofe_last_all_kan_n8aligned_tox21,p3_tpsa_mofe_last_all_kan_n8aligned,final_n8,tox21,COMPLETED,8325,62.50G
53690,fta_p3_tpsa_mofe_last_all_kan_n8aligned_toxcast,p3_tpsa_mofe_last_all_kan_n8aligned,final_n8,toxcast,COMPLETED,18014,96000M
53702,fta_p3_tpsa_mofe_last_all_kan_n8aligned_sider,p3_tpsa_mofe_last_all_kan_n8aligned,final_n8,sider,COMPLETED,1821,62.50G
53712,fta_p3_tpsa_mofe_last_all_kan_n8aligned_clintox,p3_tpsa_mofe_last_all_kan_n8aligned,final_n8,clintox,COMPLETED,2252,62.50G
53719,fta_p3_tpsa_mofe_last_all_kan_n8aligned_bace,p3_tpsa_mofe_last_all_kan_n8aligned,final_n8,bace,COMPLETED,1839,62.50G
53727,fta_p3_tpsa_mofe_last_all_kan_n8aligned_hiv,p3_tpsa_mofe_last_all_kan_n8aligned,final_n8,hiv,FAILED,113765,96000M
53764,fta_p3_tpsa_mofe_last_all_kan_n8aligned_muv,p3_tpsa_mofe_last_all_kan_n8aligned,final_n8,muv,COMPLETED,33360,96000M
53772,fta_p3_logp_mofe_last_all_kan_n8aligned_bbbp,p3_logp_mofe_last_all_kan_n8aligned,final_n8,bbbp,COMPLETED,2201,62.50G
53789,fta_p3_logp_mofe_last_all_kan_n8aligned_tox21,p3_logp_mofe_last_all_kan_n8aligned,final_n8,tox21,COMPLETED,8163,62.50G
53949,fta_p3_logp_mofe_last_all_kan_n8aligned_toxcast,p3_logp_mofe_last_all_kan_n8aligned,final_n8,toxcast,COMPLETED,19969,96000M
53997,fta_p3_logp_mofe_last_all_kan_n8aligned_sider,p3_logp_mofe_last_all_kan_n8aligned,final_n8,sider,COMPLETED,1660,62.50G
54000,fta_p3_logp_mofe_last_all_kan_n8aligned_clintox,p3_logp_mofe_last_all_kan_n8aligned,final_n8,clintox,COMPLETED,2187,62.50G
54022,fta_p3_logp_mofe_last_all_kan_n8aligned_bace,p3_logp_mofe_last_all_kan_n8aligned,final_n8,bace,COMPLETED,1736,62.50G
54024,fta_p3_logp_mofe_last_all_kan_n8aligned_hiv,p3_logp_mofe_last_all_kan_n8aligned,final_n8,hiv,COMPLETED,196644,96000M
54049,fta_p3_logp_mofe_last_all_kan_n8aligned_muv,p3_logp_mofe_last_all_kan_n8aligned,final_n8,muv,COMPLETED,43674,96000M
54075,fta_p3_base_vanilla_n4aligned_bbbp,p3_base_vanilla_n4aligned,depth_reference,bbbp,COMPLETED,1101,62.50G
54080,fta_p3_base_vanilla_n4aligned_tox21,p3_base_vanilla_n4aligned,depth_reference,tox21,COMPLETED,4001,62.50G
54085,fta_p3_base_vanilla_n4aligned_toxcast,p3_base_vanilla_n4aligned,depth_reference,toxcast,COMPLETED,10042,96000M
54244,fta_p3_base_vanilla_n4aligned_sider,p3_base_vanilla_n4aligned,depth_reference,sider,COMPLETED,851,62.50G
54252,fta_p3_base_vanilla_n4aligned_clintox,p3_base_vanilla_n4aligned,depth_reference,clintox,COMPLETED,1153,62.50G
54253,fta_p3_base_vanilla_n4aligned_bace,p3_base_vanilla_n4aligned,depth_reference,bace,COMPLETED,1050,62.50G
54254,fta_p3_base_vanilla_n4aligned_hiv,p3_base_vanilla_n4aligned,depth_reference,hiv,FAILED,71491,96000M
54268,fta_p3_base_vanilla_n4aligned_muv,p3_base_vanilla_n4aligned,depth_reference,muv,COMPLETED,17099,96000M
54543,retry_fta_p3_base_vanilla_n8aligned_hiv_f12345,p3_base_vanilla_n8aligned,final_n8,hiv,FAILED,33735,125G
54544,retry_fta_p5_tpsa_mofe_last_selected_kan_n8aligned_hiv_f12345,p5_tpsa_mofe_last_selected_kan_n8aligned,final_n8,hiv,COMPLETED,218640,125G
54545,retry_fta_p5_logp_mofe_last_selected_kan_n8aligned_hiv_f2345,p5_logp_mofe_last_selected_kan_n8aligned,final_n8,hiv,COMPLETED,142759,125G
54546,retry_fta_p3_logp_mofe_last_ffn_conloss_n8aligned_hiv_f345,p3_logp_mofe_last_ffn_conloss_n8aligned,final_n8,hiv,COMPLETED,107543,125G
54547,retry_fta_p5_logp_mofe_last_selected_kan_conloss_n8aligned_hiv_f45,p5_logp_mofe_last_selected_kan_conloss_n8aligned,final_n8,hiv,COMPLETED,61226,125G
106577,retry2_fta_p3_base_vanilla_n8aligned_hiv_f2345,p3_base_vanilla_n8aligned,final_n8,hiv,FAILED,1172,125G
106578,retry2_fta_p3_tpsa_mofe_last_all_kan_n8aligned_hiv_f345,p3_tpsa_mofe_last_all_kan_n8aligned,final_n8,hiv,FAILED,5818,125G
106579,retry2_fta_p3_base_vanilla_n4aligned_hiv_f345,p3_base_vanilla_n4aligned,depth_reference,hiv,COMPLETED,65076,125G
107256,retry3_fta_p3_base_vanilla_n8aligned_hiv_f2,p3_base_vanilla_n8aligned,final_n8,hiv,CANCELLED by 2652,75,125G
107257,retry3_fta_p3_base_vanilla_n8aligned_hiv_f2,p3_base_vanilla_n8aligned,final_n8,hiv,COMPLETED,37239,125G
107258,retry3_fta_p3_base_vanilla_n8aligned_hiv_f3,p3_base_vanilla_n8aligned,final_n8,hiv,COMPLETED,25686,125G
107259,retry3_fta_p3_base_vanilla_n8aligned_hiv_f4,p3_base_vanilla_n8aligned,final_n8,hiv,COMPLETED,33753,125G
107260,retry3_fta_p3_base_vanilla_n8aligned_hiv_f5,p3_base_vanilla_n8aligned,final_n8,hiv,COMPLETED,43809,125G
107261,retry3_fta_p3_tpsa_mofe_last_all_kan_n8aligned_hiv_f3,p3_tpsa_mofe_last_all_kan_n8aligned,final_n8,hiv,COMPLETED,27240,125G
107262,retry3_fta_p3_tpsa_mofe_last_all_kan_n8aligned_hiv_f4,p3_tpsa_mofe_last_all_kan_n8aligned,final_n8,hiv,COMPLETED,56308,125G
107263,retry3_fta_p3_tpsa_mofe_last_all_kan_n8aligned_hiv_f5,p3_tpsa_mofe_last_all_kan_n8aligned,final_n8,hiv,COMPLETED,68801,125G
