model,completed_jobs,unsuccessful_or_cancelled_jobs,completed_gpu_hours,unsuccessful_gpu_hours,median_completed_job_hours
p2_mofe_ffn_logp_last,9,0,46.1988888889,0.0000000000,1.9644444444
p2_mofe_ffn_logp_odd,8,0,40.7538888889,0.0000000000,0.4818055556
p2_mofe_ffn_logp_even,8,0,35.1788888889,0.0000000000,0.3933333333
pt_smoe_top1,8,0,43.8636111111,0.0000000000,1.9955555556
pt_smoe_top2,8,0,56.9883333333,0.0000000000,1.8698611111
pt_smoe_top3,8,0,47.2855555556,0.0000000000,2.2277777778
pt_smoe_top4,8,0,73.9786111111,0.0000000000,0.6915277778
p3_base_vanilla_n8aligned,11,4,53.5811111111,9.7394444444,4.4691666667
p3_tpsa_mofe_last_ffn_n8aligned,8,0,71.4758333333,0.0000000000,1.1469444444
p3_logp_mofe_last_ffn_n8aligned,8,0,69.0525000000,0.0000000000,1.1834722222
p5_tpsa_mofe_last_selected_kan_n8aligned,8,1,80.3750000000,5.1783333333,1.2069444444
p5_logp_mofe_last_selected_kan_n8aligned,8,1,60.6455555556,10.8497222222,1.3015277778
p3_tpsa_mofe_last_ffn_conloss_n8aligned,8,0,57.7111111111,0.0000000000,1.2086111111
p3_logp_mofe_last_ffn_conloss_n8aligned,8,1,48.0652777778,20.7136111111,1.1675000000
p5_tpsa_mofe_last_selected_kan_conloss_n8aligned,8,0,71.2150000000,0.0000000000,1.1584722222
p5_logp_mofe_last_selected_kan_conloss_n8aligned,8,1,38.0250000000,24.5766666667,1.3690277778
p3_tpsa_mofe_last_all_kan_n8aligned,10,2,61.1544444444,33.2175000000,3.6581944444
p3_logp_mofe_last_all_kan_n8aligned,8,0,76.7316666667,0.0000000000,1.4394444444
p3_base_vanilla_n4aligned,8,1,27.8813888889,19.8586111111,0.7158333333
