partition,expert,model,dataset,mean,std,n,folds,base_mean,delta_dataset
tpsa,k0,p4_tpsa_mofe_last_k0,bbbp,0.93468,0.03412736438695494,5,"1,2,3,4,5",0.93628,-0.0016000000000000458
tpsa,k0,p4_tpsa_mofe_last_k0,tox21,0.8062799999999999,0.01915755725555847,5,"1,2,3,4,5",0.80738,-0.001100000000000101
tpsa,k0,p4_tpsa_mofe_last_k0,toxcast,0.68986,0.02099257011420945,5,"1,2,3,4,5",0.6989799999999999,-0.009119999999999906
tpsa,k0,p4_tpsa_mofe_last_k0,sider,0.6164,0.041408936233619895,5,"1,2,3,4,5",0.61864,-0.0022400000000000198
tpsa,k0,p4_tpsa_mofe_last_k0,clintox,0.8788600000000001,0.05704689299164326,5,"1,2,3,4,5",0.8577600000000001,0.021100000000000008
tpsa,k0,p4_tpsa_mofe_last_k0,bace,0.8628199999999999,0.05050442554865862,5,"1,2,3,4,5",0.8328200000000001,0.029999999999999805
tpsa,k0,p4_tpsa_mofe_last_k0,hiv,0.7872,0.02254295898944947,5,"1,2,3,4,5",0.7807999999999999,0.006400000000000072
tpsa,k0,p4_tpsa_mofe_last_k0,muv,0.7083999999999999,0.04017760570267972,5,"1,2,3,4,5",0.72206,-0.013660000000000116
tpsa,k1,p4_tpsa_mofe_last_k1,bbbp,0.9275,0.04250241169627906,5,"1,2,3,4,5",0.93628,-0.00878000000000001
tpsa,k1,p4_tpsa_mofe_last_k1,tox21,0.8051600000000001,0.027120896002897844,5,"1,2,3,4,5",0.80738,-0.0022199999999998887
tpsa,k1,p4_tpsa_mofe_last_k1,toxcast,0.6937800000000001,0.019504025225578446,5,"1,2,3,4,5",0.6989799999999999,-0.005199999999999871
tpsa,k1,p4_tpsa_mofe_last_k1,sider,0.61358,0.028465189266892316,5,"1,2,3,4,5",0.61864,-0.005059999999999953
tpsa,k1,p4_tpsa_mofe_last_k1,clintox,0.85784,0.07943565320433894,5,"1,2,3,4,5",0.8577600000000001,7.999999999996898e-05
tpsa,k1,p4_tpsa_mofe_last_k1,bace,0.8598399999999999,0.07158228132715524,5,"1,2,3,4,5",0.8328200000000001,0.027019999999999822
tpsa,k1,p4_tpsa_mofe_last_k1,hiv,0.77978,0.034144062441367466,5,"1,2,3,4,5",0.7807999999999999,-0.0010199999999999099
tpsa,k1,p4_tpsa_mofe_last_k1,muv,0.72382,0.024790663565140807,5,"1,2,3,4,5",0.72206,0.0017599999999999838
tpsa,k2,p4_tpsa_mofe_last_k2,bbbp,0.9245800000000001,0.04757659088249178,5,"1,2,3,4,5",0.93628,-0.011699999999999933
tpsa,k2,p4_tpsa_mofe_last_k2,tox21,0.8082800000000001,0.01841879474884282,5,"1,2,3,4,5",0.80738,0.0009000000000001229
tpsa,k2,p4_tpsa_mofe_last_k2,toxcast,0.69466,0.015806897228741623,5,"1,2,3,4,5",0.6989799999999999,-0.0043199999999998795
tpsa,k2,p4_tpsa_mofe_last_k2,sider,0.61844,0.04374463395663519,5,"1,2,3,4,5",0.61864,-0.00019999999999997797
tpsa,k2,p4_tpsa_mofe_last_k2,clintox,0.8887599999999999,0.021269062038557312,5,"1,2,3,4,5",0.8577600000000001,0.030999999999999805
tpsa,k2,p4_tpsa_mofe_last_k2,bace,0.84214,0.0492054671759145,5,"1,2,3,4,5",0.8328200000000001,0.009319999999999884
tpsa,k2,p4_tpsa_mofe_last_k2,hiv,0.78518,0.04346144268199111,5,"1,2,3,4,5",0.7807999999999999,0.0043800000000000505
tpsa,k2,p4_tpsa_mofe_last_k2,muv,0.73892,0.043812406918588724,5,"1,2,3,4,5",0.72206,0.016859999999999986
tpsa,k3,p4_tpsa_mofe_last_k3,bbbp,0.9269400000000001,0.04378741828425147,5,"1,2,3,4,5",0.93628,-0.009339999999999904
tpsa,k3,p4_tpsa_mofe_last_k3,tox21,0.8021,0.027515541063188306,5,"1,2,3,4,5",0.80738,-0.005279999999999951
tpsa,k3,p4_tpsa_mofe_last_k3,toxcast,0.6928599999999999,0.014508721515006037,5,"1,2,3,4,5",0.6989799999999999,-0.006120000000000014
tpsa,k3,p4_tpsa_mofe_last_k3,sider,0.6155,0.027369782607832283,5,"1,2,3,4,5",0.61864,-0.0031399999999999206
tpsa,k3,p4_tpsa_mofe_last_k3,clintox,0.8767799999999999,0.0338655724888861,5,"1,2,3,4,5",0.8577600000000001,0.019019999999999815
tpsa,k3,p4_tpsa_mofe_last_k3,bace,0.8366199999999999,0.0571020752687676,5,"1,2,3,4,5",0.8328200000000001,0.0037999999999998035
tpsa,k3,p4_tpsa_mofe_last_k3,hiv,0.77976,0.03715498620642997,5,"1,2,3,4,5",0.7807999999999999,-0.0010399999999999299
tpsa,k3,p4_tpsa_mofe_last_k3,muv,0.74334,0.040053002384340695,5,"1,2,3,4,5",0.72206,0.021279999999999966
tpsa,k4,p4_tpsa_mofe_last_k4,bbbp,0.9409600000000001,0.029014961657737884,5,"1,2,3,4,5",0.93628,0.0046800000000001285
tpsa,k4,p4_tpsa_mofe_last_k4,tox21,0.80744,0.024200681808577172,5,"1,2,3,4,5",0.80738,6.0000000000060005e-05
tpsa,k4,p4_tpsa_mofe_last_k4,toxcast,0.6930400000000001,0.019053818514932937,5,"1,2,3,4,5",0.6989799999999999,-0.005939999999999834
tpsa,k4,p4_tpsa_mofe_last_k4,sider,0.6144999999999999,0.02437652559328339,5,"1,2,3,4,5",0.61864,-0.0041400000000000325
tpsa,k4,p4_tpsa_mofe_last_k4,clintox,0.8608800000000001,0.03952564989978027,5,"1,2,3,4,5",0.8577600000000001,0.0031200000000000117
tpsa,k4,p4_tpsa_mofe_last_k4,bace,0.83568,0.05715108922846526,5,"1,2,3,4,5",0.8328200000000001,0.0028599999999998627
tpsa,k4,p4_tpsa_mofe_last_k4,hiv,0.76184,0.029633983869874814,5,"1,2,3,4,5",0.7807999999999999,-0.018959999999999977
tpsa,k4,p4_tpsa_mofe_last_k4,muv,0.72994,0.03571537484053615,5,"1,2,3,4,5",0.72206,0.007879999999999998
tpsa,k5,p4_tpsa_mofe_last_k5,bbbp,0.93882,0.03405784784744918,5,"1,2,3,4,5",0.93628,0.0025399999999999867
tpsa,k5,p4_tpsa_mofe_last_k5,tox21,0.80486,0.02826832149244098,5,"1,2,3,4,5",0.80738,-0.0025199999999999667
tpsa,k5,p4_tpsa_mofe_last_k5,toxcast,0.69252,0.01688451953713814,5,"1,2,3,4,5",0.6989799999999999,-0.00645999999999991
tpsa,k5,p4_tpsa_mofe_last_k5,sider,0.6157600000000001,0.018758278172582896,5,"1,2,3,4,5",0.61864,-0.0028799999999998827
tpsa,k5,p4_tpsa_mofe_last_k5,clintox,0.89184,0.021928816657539933,5,"1,2,3,4,5",0.8577600000000001,0.03407999999999989
tpsa,k5,p4_tpsa_mofe_last_k5,bace,0.8508800000000001,0.06796353434011507,5,"1,2,3,4,5",0.8328200000000001,0.018059999999999965
tpsa,k5,p4_tpsa_mofe_last_k5,hiv,0.7755,0.034923129871189965,5,"1,2,3,4,5",0.7807999999999999,-0.005299999999999971
tpsa,k5,p4_tpsa_mofe_last_k5,muv,0.69244,0.0231335902963634,5,"1,2,3,4,5",0.72206,-0.02961999999999998
tpsa,k6,p4_tpsa_mofe_last_k6,bbbp,0.92728,0.03605040915163102,5,"1,2,3,4,5",0.93628,-0.009000000000000008
tpsa,k6,p4_tpsa_mofe_last_k6,tox21,0.8046199999999999,0.01884759931662383,5,"1,2,3,4,5",0.80738,-0.0027600000000000957
tpsa,k6,p4_tpsa_mofe_last_k6,toxcast,0.6969200000000001,0.017818024581866522,5,"1,2,3,4,5",0.6989799999999999,-0.0020599999999998397
tpsa,k6,p4_tpsa_mofe_last_k6,sider,0.61328,0.041369155176290445,5,"1,2,3,4,5",0.61864,-0.00535999999999992
tpsa,k6,p4_tpsa_mofe_last_k6,clintox,0.8367800000000001,0.0631605652286298,5,"1,2,3,4,5",0.8577600000000001,-0.02098
tpsa,k6,p4_tpsa_mofe_last_k6,bace,0.8381399999999999,0.06056428815729613,5,"1,2,3,4,5",0.8328200000000001,0.005319999999999769
tpsa,k6,p4_tpsa_mofe_last_k6,hiv,0.77498,0.02871431698647903,5,"1,2,3,4,5",0.7807999999999999,-0.005819999999999936
tpsa,k6,p4_tpsa_mofe_last_k6,muv,0.72274,0.04039032062264423,5,"1,2,3,4,5",0.72206,0.0006800000000000139
tpsa,k7,p4_tpsa_mofe_last_k7,bbbp,0.93086,0.032617066085103355,5,"1,2,3,4,5",0.93628,-0.00541999999999998
tpsa,k7,p4_tpsa_mofe_last_k7,tox21,0.799,0.016034961802261972,5,"1,2,3,4,5",0.80738,-0.008379999999999943
tpsa,k7,p4_tpsa_mofe_last_k7,toxcast,0.69394,0.014056422019845598,5,"1,2,3,4,5",0.6989799999999999,-0.005039999999999933
tpsa,k7,p4_tpsa_mofe_last_k7,sider,0.6175200000000001,0.03790220310219448,5,"1,2,3,4,5",0.61864,-0.0011199999999998989
tpsa,k7,p4_tpsa_mofe_last_k7,clintox,0.8775999999999999,0.05199004712442565,5,"1,2,3,4,5",0.8577600000000001,0.019839999999999858
tpsa,k7,p4_tpsa_mofe_last_k7,bace,0.8413,0.04987374058560278,5,"1,2,3,4,5",0.8328200000000001,0.008479999999999932
tpsa,k7,p4_tpsa_mofe_last_k7,hiv,0.76982,0.03455266994025209,5,"1,2,3,4,5",0.7807999999999999,-0.01097999999999999
tpsa,k7,p4_tpsa_mofe_last_k7,muv,0.71734,0.03658015855624469,5,"1,2,3,4,5",0.72206,-0.0047200000000000575
logp,k0,p4_logp_mofe_last_k0,bbbp,0.93596,0.024655688998687506,5,"1,2,3,4,5",0.9359400000000001,1.999999999990898e-05
logp,k0,p4_logp_mofe_last_k0,tox21,0.8008000000000001,0.025538891910182767,5,"1,2,3,4,5",0.80916,-0.008359999999999923
logp,k0,p4_logp_mofe_last_k0,toxcast,0.69026,0.02210221708336067,5,"1,2,3,4,5",0.69774,-0.007480000000000042
logp,k0,p4_logp_mofe_last_k0,sider,0.6125,0.028732124877913223,5,"1,2,3,4,5",0.60624,0.006260000000000043
logp,k0,p4_logp_mofe_last_k0,clintox,0.8716200000000001,0.05375934337396613,5,"1,2,3,4,5",0.86758,0.0040400000000000436
logp,k0,p4_logp_mofe_last_k0,bace,0.8216000000000001,0.05233827471363573,5,"1,2,3,4,5",0.83912,-0.01751999999999987
logp,k0,p4_logp_mofe_last_k0,hiv,0.77498,0.046686368460183286,5,"1,2,3,4,5",0.76938,0.005600000000000049
logp,k0,p4_logp_mofe_last_k0,muv,0.7134400000000001,0.025097968045242183,5,"1,2,3,4,5",0.73966,-0.02621999999999991
logp,k1,p4_logp_mofe_last_k1,bbbp,0.92914,0.020954068817296535,5,"1,2,3,4,5",0.9359400000000001,-0.006800000000000139
logp,k1,p4_logp_mofe_last_k1,tox21,0.80966,0.009900909049173208,5,"1,2,3,4,5",0.80916,0.000500000000000056
logp,k1,p4_logp_mofe_last_k1,toxcast,0.69666,0.021252835104992464,5,"1,2,3,4,5",0.69774,-0.001080000000000081
logp,k1,p4_logp_mofe_last_k1,sider,0.6275999999999999,0.02585459340233375,5,"1,2,3,4,5",0.60624,0.021359999999999935
logp,k1,p4_logp_mofe_last_k1,clintox,0.9031399999999999,0.0365450817484378,5,"1,2,3,4,5",0.86758,0.035559999999999925
logp,k1,p4_logp_mofe_last_k1,bace,0.83178,0.03680912930238911,5,"1,2,3,4,5",0.83912,-0.007340000000000013
logp,k1,p4_logp_mofe_last_k1,hiv,0.78168,0.048178906172722524,5,"1,2,3,4,5",0.76938,0.012300000000000089
logp,k1,p4_logp_mofe_last_k1,muv,0.73722,0.031543573037942294,5,"1,2,3,4,5",0.73966,-0.0024399999999999977
logp,k2,p4_logp_mofe_last_k2,bbbp,0.9343199999999999,0.020907582356647535,5,"1,2,3,4,5",0.9359400000000001,-0.0016200000000001769
logp,k2,p4_logp_mofe_last_k2,tox21,0.80812,0.010986218639732254,5,"1,2,3,4,5",0.80916,-0.001040000000000041
logp,k2,p4_logp_mofe_last_k2,toxcast,0.68872,0.017483048933180968,5,"1,2,3,4,5",0.69774,-0.009020000000000028
logp,k2,p4_logp_mofe_last_k2,sider,0.6146,0.02828701115353125,5,"1,2,3,4,5",0.60624,0.008360000000000034
logp,k2,p4_logp_mofe_last_k2,clintox,0.89772,0.046792702422493164,5,"1,2,3,4,5",0.86758,0.030139999999999945
logp,k2,p4_logp_mofe_last_k2,bace,0.8404999999999999,0.04333676268481533,5,"1,2,3,4,5",0.83912,0.0013799999999999368
logp,k2,p4_logp_mofe_last_k2,hiv,0.7578799999999999,0.05093777576612469,5,"1,2,3,4,5",0.76938,-0.011500000000000066
logp,k2,p4_logp_mofe_last_k2,muv,0.744,0.02324478436122824,5,"1,2,3,4,5",0.73966,0.0043400000000000105
logp,k3,p4_logp_mofe_last_k3,bbbp,0.92996,0.027914924323737624,5,"1,2,3,4,5",0.9359400000000001,-0.005980000000000096
logp,k3,p4_logp_mofe_last_k3,tox21,0.8103199999999999,0.0129447672825741,5,"1,2,3,4,5",0.80916,0.0011599999999999389
logp,k3,p4_logp_mofe_last_k3,toxcast,0.6916599999999999,0.01811996136861222,5,"1,2,3,4,5",0.69774,-0.006080000000000085
logp,k3,p4_logp_mofe_last_k3,sider,0.62928,0.012932401169156494,5,"1,2,3,4,5",0.60624,0.02303999999999995
logp,k3,p4_logp_mofe_last_k3,clintox,0.91178,0.03742040887002709,5,"1,2,3,4,5",0.86758,0.04420000000000002
logp,k3,p4_logp_mofe_last_k3,bace,0.8408200000000001,0.04883622630793659,5,"1,2,3,4,5",0.83912,0.0017000000000001458
logp,k3,p4_logp_mofe_last_k3,hiv,0.76354,0.04798482051649253,5,"1,2,3,4,5",0.76938,-0.005839999999999956
logp,k3,p4_logp_mofe_last_k3,muv,0.7522800000000001,0.03274510650463673,5,"1,2,3,4,5",0.73966,0.012620000000000076
logp,k4,p4_logp_mofe_last_k4,bbbp,0.92372,0.03223394173848431,5,"1,2,3,4,5",0.9359400000000001,-0.01222000000000012
logp,k4,p4_logp_mofe_last_k4,tox21,0.80924,0.01547410740559855,5,"1,2,3,4,5",0.80916,7.999999999996898e-05
logp,k4,p4_logp_mofe_last_k4,toxcast,0.6938799999999999,0.011928621043523852,5,"1,2,3,4,5",0.69774,-0.0038600000000000856
logp,k4,p4_logp_mofe_last_k4,sider,0.61288,0.03232099936573742,5,"1,2,3,4,5",0.60624,0.006639999999999979
logp,k4,p4_logp_mofe_last_k4,clintox,0.88516,0.042151548014278215,5,"1,2,3,4,5",0.86758,0.01757999999999993
logp,k4,p4_logp_mofe_last_k4,bace,0.8460000000000001,0.045943171418612386,5,"1,2,3,4,5",0.83912,0.006880000000000108
logp,k4,p4_logp_mofe_last_k4,hiv,0.76982,0.0482095115096596,5,"1,2,3,4,5",0.76938,0.00043999999999999595
logp,k4,p4_logp_mofe_last_k4,muv,0.7371800000000001,0.034963009023824,5,"1,2,3,4,5",0.73966,-0.0024799999999999267
logp,k5,p4_logp_mofe_last_k5,bbbp,0.9222400000000001,0.03256106570737513,5,"1,2,3,4,5",0.9359400000000001,-0.013700000000000045
logp,k5,p4_logp_mofe_last_k5,tox21,0.80648,0.009972311667813028,5,"1,2,3,4,5",0.80916,-0.0026800000000000157
logp,k5,p4_logp_mofe_last_k5,toxcast,0.6926,0.011714520903562403,5,"1,2,3,4,5",0.69774,-0.005140000000000033
logp,k5,p4_logp_mofe_last_k5,sider,0.5968,0.05420853253870646,5,"1,2,3,4,5",0.60624,-0.009440000000000004
logp,k5,p4_logp_mofe_last_k5,clintox,0.8894400000000001,0.020748566215524386,5,"1,2,3,4,5",0.86758,0.0218600000000001
logp,k5,p4_logp_mofe_last_k5,bace,0.83406,0.048811504791391125,5,"1,2,3,4,5",0.83912,-0.005059999999999953
logp,k5,p4_logp_mofe_last_k5,hiv,0.76715,0.05945051163222513,4,"1,2,3,4",0.76938,-0.0022299999999999542
logp,k5,p4_logp_mofe_last_k5,muv,0.75434,0.033564758303911535,5,"1,2,3,4,5",0.73966,0.014680000000000026
logp,k6,p4_logp_mofe_last_k6,bbbp,0.93194,0.018509808210783834,5,"1,2,3,4,5",0.9359400000000001,-0.004000000000000115
logp,k6,p4_logp_mofe_last_k6,tox21,0.8084199999999999,0.017912062974431514,5,"1,2,3,4,5",0.80916,-0.0007400000000000739
logp,k6,p4_logp_mofe_last_k6,toxcast,0.6849000000000001,0.020762466134830924,5,"1,2,3,4,5",0.69774,-0.012839999999999963
logp,k6,p4_logp_mofe_last_k6,sider,0.62514,0.015371336962021228,5,"1,2,3,4,5",0.60624,0.018900000000000028
logp,k6,p4_logp_mofe_last_k6,clintox,0.8649000000000001,0.08180657064074986,5,"1,2,3,4,5",0.86758,-0.0026799999999999047
logp,k6,p4_logp_mofe_last_k6,bace,0.81594,0.03649003973689257,5,"1,2,3,4,5",0.83912,-0.02317999999999998
logp,k6,p4_logp_mofe_last_k6,hiv,0.76346,0.04742987455180541,5,"1,2,3,4,5",0.76938,-0.005919999999999925
logp,k6,p4_logp_mofe_last_k6,muv,0.7393,0.0257934100110862,5,"1,2,3,4,5",0.73966,-0.00036000000000002697
logp,k7,p4_logp_mofe_last_k7,bbbp,0.9265000000000001,0.028713672701345623,5,"1,2,3,4,5",0.9359400000000001,-0.009440000000000004
logp,k7,p4_logp_mofe_last_k7,tox21,0.8036200000000001,0.011310260828115341,5,"1,2,3,4,5",0.80916,-0.005539999999999878
logp,k7,p4_logp_mofe_last_k7,toxcast,0.69072,0.016198055438848207,5,"1,2,3,4,5",0.69774,-0.007020000000000026
logp,k7,p4_logp_mofe_last_k7,sider,0.61876,0.031451120806737565,5,"1,2,3,4,5",0.60624,0.012519999999999976
logp,k7,p4_logp_mofe_last_k7,clintox,0.8732800000000001,0.056020594427406804,5,"1,2,3,4,5",0.86758,0.005700000000000038
logp,k7,p4_logp_mofe_last_k7,bace,0.82264,0.04446209621689018,5,"1,2,3,4,5",0.83912,-0.01647999999999994
logp,k7,p4_logp_mofe_last_k7,hiv,0.75816,0.05517841969465961,5,"1,2,3,4,5",0.76938,-0.011220000000000008
logp,k7,p4_logp_mofe_last_k7,muv,0.73754,0.05537800104734732,5,"1,2,3,4,5",0.73966,-0.0021200000000000108
