model,partition,role,shared_datasets,dataset_ids,matched_macro_auc
p3_base_vanilla_n8aligned,none,Base,8,"bbbp,tox21,toxcast,sider,clintox,bace,hiv,muv",0.7985128933
p3_tpsa_mofe_last_ffn_n8aligned,tpsa,I1,8,"bbbp,tox21,toxcast,sider,clintox,bace,hiv,muv",0.7924204365
p3_logp_mofe_last_ffn_n8aligned,logp,I1,8,"bbbp,tox21,toxcast,sider,clintox,bace,hiv,muv",0.7870504875
p5_tpsa_mofe_last_selected_kan_n8aligned,tpsa,I1+I2,8,"bbbp,tox21,toxcast,sider,clintox,bace,hiv,muv",0.7924874982
p5_logp_mofe_last_selected_kan_n8aligned,logp,I1+I2,8,"bbbp,tox21,toxcast,sider,clintox,bace,hiv,muv",0.7869195474
p3_tpsa_mofe_last_ffn_conloss_n8aligned,tpsa,I1+I3,8,"bbbp,tox21,toxcast,sider,clintox,bace,hiv,muv",0.7982900556
p3_logp_mofe_last_ffn_conloss_n8aligned,logp,I1+I3,8,"bbbp,tox21,toxcast,sider,clintox,bace,hiv,muv",0.7870618564
p5_tpsa_mofe_last_selected_kan_conloss_n8aligned,tpsa,I1+I2+I3,8,"bbbp,tox21,toxcast,sider,clintox,bace,hiv,muv",0.7809537426
p5_logp_mofe_last_selected_kan_conloss_n8aligned,logp,I1+I2+I3,8,"bbbp,tox21,toxcast,sider,clintox,bace,hiv,muv",0.7823187109
p3_tpsa_mofe_last_all_kan_n8aligned,tpsa,all-KAN,8,"bbbp,tox21,toxcast,sider,clintox,bace,hiv,muv",0.7892446103
p3_logp_mofe_last_all_kan_n8aligned,logp,all-KAN,8,"bbbp,tox21,toxcast,sider,clintox,bace,hiv,muv",0.7823713374
