metric,symbol,input,definition,aggregation,parameters,code_source
endpoint ROC-AUC,A_dft,actual and predict columns from one fold CSV,Mask actual == -1 and compute ROC-AUC only when the remaining endpoint contains both classes.,"one dataset, fold, and valid endpoint",binary labels and continuous prediction scores,analysis_v2/build_analysis_v2.py::compute_auc
fold ROC-AUC,A_df,valid endpoint ROC-AUC values,Arithmetic mean across valid endpoints in one fold.,one dataset and fold,valid endpoints receive equal weight,analysis_v2/build_analysis_v2.py::compute_auc
five-fold mean and sample SD,Abar_d and s_d,fold ROC-AUC for folds 1 to 5,Arithmetic mean and sample standard deviation with denominator n - 1.,one model and dataset,seeds 42 to 46 and complete 5 of 5 folds,analysis_v2/build_analysis_v2.py::complete_summary
eight-dataset macro ROC-AUC,A_macro,eight complete dataset means,Equal-weight arithmetic mean of dataset means.,one model across eight classification datasets,no sample-count or endpoint-count weighting,analysis_v2/build_analysis_v2.py::model_macro_summary
paired dataset delta and win,delta_df,matched model ROC-AUC values for the same fold,Subtract right from left within fold and average five fold deltas within a dataset. A positive dataset mean is one win.,matched folds followed by equal-weight datasets,identical scaffold seeds for both models,analysis_v2/build_analysis_v2.py::paired_delta_rows
hierarchical paired bootstrap interval,CI_95,matched fold deltas nested within eight datasets,"Resample datasets with replacement, then folds with replacement within each sampled dataset. Average folds within dataset and then average datasets.","10,000 paired hierarchical bootstrap replicates",seed 42 and percentile interval at 2.5 and 97.5,analysis_v2/build_analysis_v2.py::hierarchical_bootstrap
Wilcoxon signed-rank test,p,eight dataset-level paired mean deltas,Two-sided Wilcoxon signed-rank test.,one planned comparison,zero_method=wilcox and Holm adjustment,analysis_v2/build_analysis_v2.py::wilcoxon_holm
conditional interaction,Delta_interaction,"I1, I1+I2, I1+I3, and Full matched fold ROC-AUC",Full - (I1+I2) - (I1+I3) + I1.,matched folds followed by equal-weight datasets,reported separately for TPSA and MolLogP,analysis_v2/build_analysis_v2.py::build_interaction_rows
descriptor-region occupancy,n_k and p_k,RDKit TPSA or MolLogP for every ZINC15 molecule,"Assign fixed left-closed, right-open intervals with np.digitize and report count and fraction.",one descriptor region,eight fixed regions per descriptor,analysis_v2/build_analysis_v2.py::descriptor_profiles
descriptor-region chemical profile,,RDKit molecular descriptors within one region,Region mean and sample SD for each profile variable.,one region and profile variable,regions with fewer than 10 molecules are masked in heatmaps,analysis_v2/build_analysis_v2.py::descriptor_profiles
active pretraining epoch time,t_active,seconds per epoch recorded in pretraining logs,Exclude the first epoch of each Slurm segment and values above the segment-specific Q3 + 3 IQR upper outer fence.,median and quartiles within model,queue and inter-job gaps are outside the epoch timer,analysis_v2/build_analysis_v2.py::active_epoch_timing_audit
stored and active model cost,,analytical tensor shapes and ZINC15 region occupancy,Stored parameters include all branches. Expected active branch cost is occupancy weighted for selected KAN configurations.,one architecture configuration,one MAC equals two FLOPs. KAN excludes spline-basis construction. Routed controls exclude softmax and dispatch overhead,analysis_v2/build_analysis_v2.py::architecture_complexity
pooled molecular embedding,h_i,padded node embeddings and RDKit atom count,Mean of the first n_i valid node rows.,"one molecule, model, dataset, and fold",n_i equals the RDKit atom count,analysis_v2/analyze_embeddings_v2.py::mean_pool
embedding reduction and t-SNE,,mean-pooled molecular embeddings on common SMILES,"Model-specific PCA to at most 50 dimensions, L2 normalization, then two-dimensional t-SNE for visualization.","one dataset, partition, model, and fold","fold 1, perplexity 30, PCA initialization, learning_rate=auto, 2000 iterations, and seed 42",analysis_v2/analyze_embeddings_v2.py
silhouette score,,L2-normalized PCA embeddings and region labels,Mean Euclidean silhouette coefficient.,"one model, dataset, partition, and fold",regions with fewer than two samples are excluded,analysis_v2/analyze_embeddings_v2.py::separation_metrics
Davies-Bouldin index,,L2-normalized PCA embeddings and region labels,Mean worst-case ratio of within-region dispersion to centroid separation.,"one model, dataset, partition, and fold",lower values indicate stronger separation,analysis_v2/analyze_embeddings_v2.py::separation_metrics
inter-to-intra distance ratio,D_inter / D_intra,Euclidean pairwise distances in L2-normalized PCA space,Mean distance between regions divided by mean non-diagonal distance within regions.,"one model, dataset, partition, and fold",regions with fewer than two samples are excluded,analysis_v2/analyze_embeddings_v2.py::separation_metrics
