model,protocol,partition,role,complete_datasets,target_datasets,macro_auc
p3_base_vanilla_n8aligned,final_n8,none,Base,8,8,0.7985128933
p3_tpsa_mofe_last_ffn_n8aligned,final_n8,tpsa,I1,8,8,0.7924204365
p3_logp_mofe_last_ffn_n8aligned,final_n8,logp,I1,8,8,0.7870504875
p5_tpsa_mofe_last_selected_kan_n8aligned,final_n8,tpsa,I1+I2,8,8,0.7924874982
p5_logp_mofe_last_selected_kan_n8aligned,final_n8,logp,I1+I2,8,8,0.7869195474
p3_tpsa_mofe_last_ffn_conloss_n8aligned,final_n8,tpsa,I1+I3,8,8,0.7982900556
p3_logp_mofe_last_ffn_conloss_n8aligned,final_n8,logp,I1+I3,8,8,0.7870618564
p5_tpsa_mofe_last_selected_kan_conloss_n8aligned,final_n8,tpsa,I1+I2+I3,8,8,0.7809537426
p5_logp_mofe_last_selected_kan_conloss_n8aligned,final_n8,logp,I1+I2+I3,8,8,0.7823187109
p3_tpsa_mofe_last_all_kan_n8aligned,final_n8,tpsa,all-KAN,8,8,0.7892446103
p3_logp_mofe_last_all_kan_n8aligned,final_n8,logp,all-KAN,8,8,0.7823713374
p3_base_vanilla_n4aligned,depth_reference,none,N4 Base,8,8,0.7975017754
p2_mofe_ffn_logp_last,layer_screen,logp,last,8,8,0.7809884167
p2_mofe_ffn_logp_odd,layer_screen,logp,odd,8,8,0.7753507554
p2_mofe_ffn_logp_even,layer_screen,logp,even,8,8,0.7729291441
pt_smoe_top1,routed_control,learned,top1,7,8,
pt_smoe_top2,routed_control,learned,top2,8,8,0.7976575885
pt_smoe_top3,routed_control,learned,top3,6,8,
pt_smoe_top4,routed_control,learned,top4,6,8,
