partition,comparison,left_model,right_model,complete_shared_datasets,macro_delta,wins,ci95_low,ci95_high
TPSA,I1 vs Base,p3_tpsa_mofe_last_ffn_n8aligned,p3_base_vanilla_n8aligned,8,-0.0060924568,1,-0.0220431925,0.0123963559
TPSA,I1 vs Base::bbbp,p3_tpsa_mofe_last_ffn_n8aligned,p3_base_vanilla_n8aligned,1,-0.0038494922,0,,
TPSA,I1 vs Base::tox21,p3_tpsa_mofe_last_ffn_n8aligned,p3_base_vanilla_n8aligned,1,-0.0120372474,0,,
TPSA,I1 vs Base::toxcast,p3_tpsa_mofe_last_ffn_n8aligned,p3_base_vanilla_n8aligned,1,-0.0031864857,0,,
TPSA,I1 vs Base::sider,p3_tpsa_mofe_last_ffn_n8aligned,p3_base_vanilla_n8aligned,1,-0.0075611584,0,,
TPSA,I1 vs Base::clintox,p3_tpsa_mofe_last_ffn_n8aligned,p3_base_vanilla_n8aligned,1,0.0475079061,1,,
TPSA,I1 vs Base::bace,p3_tpsa_mofe_last_ffn_n8aligned,p3_base_vanilla_n8aligned,1,-0.0070734037,0,,
TPSA,I1 vs Base::hiv,p3_tpsa_mofe_last_ffn_n8aligned,p3_base_vanilla_n8aligned,1,-0.0244616714,0,,
TPSA,I1 vs Base::muv,p3_tpsa_mofe_last_ffn_n8aligned,p3_base_vanilla_n8aligned,1,-0.0380781019,0,,
TPSA,I2 conditional effect,p5_tpsa_mofe_last_selected_kan_n8aligned,p3_tpsa_mofe_last_ffn_n8aligned,8,0.0000670617,4,-0.0084217820,0.0083197818
TPSA,I2 conditional effect::bbbp,p5_tpsa_mofe_last_selected_kan_n8aligned,p3_tpsa_mofe_last_ffn_n8aligned,1,-0.0005499717,0,,
TPSA,I2 conditional effect::tox21,p5_tpsa_mofe_last_selected_kan_n8aligned,p3_tpsa_mofe_last_ffn_n8aligned,1,0.0061708555,1,,
TPSA,I2 conditional effect::toxcast,p5_tpsa_mofe_last_selected_kan_n8aligned,p3_tpsa_mofe_last_ffn_n8aligned,1,-0.0055364287,0,,
TPSA,I2 conditional effect::sider,p5_tpsa_mofe_last_selected_kan_n8aligned,p3_tpsa_mofe_last_ffn_n8aligned,1,-0.0071543302,0,,
TPSA,I2 conditional effect::clintox,p5_tpsa_mofe_last_selected_kan_n8aligned,p3_tpsa_mofe_last_ffn_n8aligned,1,-0.0168019664,0,,
TPSA,I2 conditional effect::bace,p5_tpsa_mofe_last_selected_kan_n8aligned,p3_tpsa_mofe_last_ffn_n8aligned,1,0.0053088545,1,,
TPSA,I2 conditional effect::hiv,p5_tpsa_mofe_last_selected_kan_n8aligned,p3_tpsa_mofe_last_ffn_n8aligned,1,0.0129598119,1,,
TPSA,I2 conditional effect::muv,p5_tpsa_mofe_last_selected_kan_n8aligned,p3_tpsa_mofe_last_ffn_n8aligned,1,0.0061396688,1,,
TPSA,I3 conditional effect,p3_tpsa_mofe_last_ffn_conloss_n8aligned,p3_tpsa_mofe_last_ffn_n8aligned,8,0.0058696191,6,-0.0085728591,0.0185457921
TPSA,I3 conditional effect::bbbp,p3_tpsa_mofe_last_ffn_conloss_n8aligned,p3_tpsa_mofe_last_ffn_n8aligned,1,-0.0009994128,0,,
TPSA,I3 conditional effect::tox21,p3_tpsa_mofe_last_ffn_conloss_n8aligned,p3_tpsa_mofe_last_ffn_n8aligned,1,0.0069425934,1,,
TPSA,I3 conditional effect::toxcast,p3_tpsa_mofe_last_ffn_conloss_n8aligned,p3_tpsa_mofe_last_ffn_n8aligned,1,0.0065153241,1,,
TPSA,I3 conditional effect::sider,p3_tpsa_mofe_last_ffn_conloss_n8aligned,p3_tpsa_mofe_last_ffn_n8aligned,1,0.0039642663,1,,
TPSA,I3 conditional effect::clintox,p3_tpsa_mofe_last_ffn_conloss_n8aligned,p3_tpsa_mofe_last_ffn_n8aligned,1,-0.0288064537,0,,
TPSA,I3 conditional effect::bace,p3_tpsa_mofe_last_ffn_conloss_n8aligned,p3_tpsa_mofe_last_ffn_n8aligned,1,0.0069440233,1,,
TPSA,I3 conditional effect::hiv,p3_tpsa_mofe_last_ffn_conloss_n8aligned,p3_tpsa_mofe_last_ffn_n8aligned,1,0.0316391383,1,,
TPSA,I3 conditional effect::muv,p3_tpsa_mofe_last_ffn_conloss_n8aligned,p3_tpsa_mofe_last_ffn_n8aligned,1,0.0207574741,1,,
TPSA,Full vs Base,p5_tpsa_mofe_last_selected_kan_conloss_n8aligned,p3_base_vanilla_n8aligned,8,-0.0175591507,1,-0.0374185452,-0.0028574926
TPSA,Full vs Base::bbbp,p5_tpsa_mofe_last_selected_kan_conloss_n8aligned,p3_base_vanilla_n8aligned,1,-0.0085662684,0,,
TPSA,Full vs Base::tox21,p5_tpsa_mofe_last_selected_kan_conloss_n8aligned,p3_base_vanilla_n8aligned,1,-0.0057184760,0,,
TPSA,Full vs Base::toxcast,p5_tpsa_mofe_last_selected_kan_conloss_n8aligned,p3_base_vanilla_n8aligned,1,-0.0071274003,0,,
TPSA,Full vs Base::sider,p5_tpsa_mofe_last_selected_kan_conloss_n8aligned,p3_base_vanilla_n8aligned,1,-0.0189054988,0,,
TPSA,Full vs Base::clintox,p5_tpsa_mofe_last_selected_kan_conloss_n8aligned,p3_base_vanilla_n8aligned,1,0.0106135630,1,,
TPSA,Full vs Base::bace,p5_tpsa_mofe_last_selected_kan_conloss_n8aligned,p3_base_vanilla_n8aligned,1,-0.0341298244,0,,
TPSA,Full vs Base::hiv,p5_tpsa_mofe_last_selected_kan_conloss_n8aligned,p3_base_vanilla_n8aligned,1,-0.0112385043,0,,
TPSA,Full vs Base::muv,p5_tpsa_mofe_last_selected_kan_conloss_n8aligned,p3_base_vanilla_n8aligned,1,-0.0654007964,0,,
TPSA,selected-KAN vs all-KAN,p5_tpsa_mofe_last_selected_kan_n8aligned,p3_tpsa_mofe_last_all_kan_n8aligned,8,0.0032428879,6,-0.0057332354,0.0115151932
TPSA,selected-KAN vs all-KAN::bbbp,p5_tpsa_mofe_last_selected_kan_n8aligned,p3_tpsa_mofe_last_all_kan_n8aligned,1,0.0073192086,1,,
TPSA,selected-KAN vs all-KAN::tox21,p5_tpsa_mofe_last_selected_kan_n8aligned,p3_tpsa_mofe_last_all_kan_n8aligned,1,0.0112774373,1,,
TPSA,selected-KAN vs all-KAN::toxcast,p5_tpsa_mofe_last_selected_kan_n8aligned,p3_tpsa_mofe_last_all_kan_n8aligned,1,-0.0022983859,0,,
TPSA,selected-KAN vs all-KAN::sider,p5_tpsa_mofe_last_selected_kan_n8aligned,p3_tpsa_mofe_last_all_kan_n8aligned,1,0.0016428816,1,,
TPSA,selected-KAN vs all-KAN::clintox,p5_tpsa_mofe_last_selected_kan_n8aligned,p3_tpsa_mofe_last_all_kan_n8aligned,1,-0.0051610661,0,,
TPSA,selected-KAN vs all-KAN::bace,p5_tpsa_mofe_last_selected_kan_n8aligned,p3_tpsa_mofe_last_all_kan_n8aligned,1,0.0071920400,1,,
TPSA,selected-KAN vs all-KAN::hiv,p5_tpsa_mofe_last_selected_kan_n8aligned,p3_tpsa_mofe_last_all_kan_n8aligned,1,0.0051265474,1,,
TPSA,selected-KAN vs all-KAN::muv,p5_tpsa_mofe_last_selected_kan_n8aligned,p3_tpsa_mofe_last_all_kan_n8aligned,1,0.0008444400,1,,
MolLogP,I1 vs Base,p3_logp_mofe_last_ffn_n8aligned,p3_base_vanilla_n8aligned,8,-0.0114624058,1,-0.0270360976,0.0045526201
MolLogP,I1 vs Base::bbbp,p3_logp_mofe_last_ffn_n8aligned,p3_base_vanilla_n8aligned,1,-0.0187579189,0,,
MolLogP,I1 vs Base::tox21,p3_logp_mofe_last_ffn_n8aligned,p3_base_vanilla_n8aligned,1,-0.0097012557,0,,
MolLogP,I1 vs Base::toxcast,p3_logp_mofe_last_ffn_n8aligned,p3_base_vanilla_n8aligned,1,-0.0039640712,0,,
MolLogP,I1 vs Base::sider,p3_logp_mofe_last_ffn_n8aligned,p3_base_vanilla_n8aligned,1,-0.0076952640,0,,
MolLogP,I1 vs Base::clintox,p3_logp_mofe_last_ffn_n8aligned,p3_base_vanilla_n8aligned,1,0.0280582615,1,,
MolLogP,I1 vs Base::bace,p3_logp_mofe_last_ffn_n8aligned,p3_base_vanilla_n8aligned,1,-0.0299833141,0,,
MolLogP,I1 vs Base::hiv,p3_logp_mofe_last_ffn_n8aligned,p3_base_vanilla_n8aligned,1,-0.0147924336,0,,
MolLogP,I1 vs Base::muv,p3_logp_mofe_last_ffn_n8aligned,p3_base_vanilla_n8aligned,1,-0.0348632503,0,,
MolLogP,I2 conditional effect,p5_logp_mofe_last_selected_kan_n8aligned,p3_logp_mofe_last_ffn_n8aligned,8,-0.0001309401,5,-0.0154006856,0.0121413977
MolLogP,I2 conditional effect::bbbp,p5_logp_mofe_last_selected_kan_n8aligned,p3_logp_mofe_last_ffn_n8aligned,1,0.0080479173,1,,
MolLogP,I2 conditional effect::tox21,p5_logp_mofe_last_selected_kan_n8aligned,p3_logp_mofe_last_ffn_n8aligned,1,0.0086434534,1,,
MolLogP,I2 conditional effect::toxcast,p5_logp_mofe_last_selected_kan_n8aligned,p3_logp_mofe_last_ffn_n8aligned,1,0.0027019737,1,,
MolLogP,I2 conditional effect::sider,p5_logp_mofe_last_selected_kan_n8aligned,p3_logp_mofe_last_ffn_n8aligned,1,-0.0061575347,0,,
MolLogP,I2 conditional effect::clintox,p5_logp_mofe_last_selected_kan_n8aligned,p3_logp_mofe_last_ffn_n8aligned,1,-0.0433768696,0,,
MolLogP,I2 conditional effect::bace,p5_logp_mofe_last_selected_kan_n8aligned,p3_logp_mofe_last_ffn_n8aligned,1,0.0169081670,1,,
MolLogP,I2 conditional effect::hiv,p5_logp_mofe_last_selected_kan_n8aligned,p3_logp_mofe_last_ffn_n8aligned,1,-0.0007100755,0,,
MolLogP,I2 conditional effect::muv,p5_logp_mofe_last_selected_kan_n8aligned,p3_logp_mofe_last_ffn_n8aligned,1,0.0128954473,1,,
MolLogP,I3 conditional effect,p3_logp_mofe_last_ffn_conloss_n8aligned,p3_logp_mofe_last_ffn_n8aligned,8,0.0000113689,5,-0.0099467709,0.0083556931
MolLogP,I3 conditional effect::bbbp,p3_logp_mofe_last_ffn_conloss_n8aligned,p3_logp_mofe_last_ffn_n8aligned,1,0.0054684997,1,,
MolLogP,I3 conditional effect::tox21,p3_logp_mofe_last_ffn_conloss_n8aligned,p3_logp_mofe_last_ffn_n8aligned,1,0.0014215397,1,,
MolLogP,I3 conditional effect::toxcast,p3_logp_mofe_last_ffn_conloss_n8aligned,p3_logp_mofe_last_ffn_n8aligned,1,-0.0071121666,0,,
MolLogP,I3 conditional effect::sider,p3_logp_mofe_last_ffn_conloss_n8aligned,p3_logp_mofe_last_ffn_n8aligned,1,-0.0095599623,0,,
MolLogP,I3 conditional effect::clintox,p3_logp_mofe_last_ffn_conloss_n8aligned,p3_logp_mofe_last_ffn_n8aligned,1,-0.0137413280,0,,
MolLogP,I3 conditional effect::bace,p3_logp_mofe_last_ffn_conloss_n8aligned,p3_logp_mofe_last_ffn_n8aligned,1,0.0064721292,1,,
MolLogP,I3 conditional effect::hiv,p3_logp_mofe_last_ffn_conloss_n8aligned,p3_logp_mofe_last_ffn_n8aligned,1,0.0070354504,1,,
MolLogP,I3 conditional effect::muv,p3_logp_mofe_last_ffn_conloss_n8aligned,p3_logp_mofe_last_ffn_n8aligned,1,0.0101067888,1,,
MolLogP,Full vs Base,p5_logp_mofe_last_selected_kan_conloss_n8aligned,p3_base_vanilla_n8aligned,8,-0.0161941824,0,-0.0341719116,-0.0025630730
MolLogP,Full vs Base::bbbp,p5_logp_mofe_last_selected_kan_conloss_n8aligned,p3_base_vanilla_n8aligned,1,-0.0017004762,0,,
MolLogP,Full vs Base::tox21,p5_logp_mofe_last_selected_kan_conloss_n8aligned,p3_base_vanilla_n8aligned,1,-0.0110180232,0,,
MolLogP,Full vs Base::toxcast,p5_logp_mofe_last_selected_kan_conloss_n8aligned,p3_base_vanilla_n8aligned,1,-0.0046757395,0,,
MolLogP,Full vs Base::sider,p5_logp_mofe_last_selected_kan_conloss_n8aligned,p3_base_vanilla_n8aligned,1,-0.0088516666,0,,
MolLogP,Full vs Base::clintox,p5_logp_mofe_last_selected_kan_conloss_n8aligned,p3_base_vanilla_n8aligned,1,-0.0059997350,0,,
MolLogP,Full vs Base::bace,p5_logp_mofe_last_selected_kan_conloss_n8aligned,p3_base_vanilla_n8aligned,1,-0.0292484378,0,,
MolLogP,Full vs Base::hiv,p5_logp_mofe_last_selected_kan_conloss_n8aligned,p3_base_vanilla_n8aligned,1,-0.0154876005,0,,
MolLogP,Full vs Base::muv,p5_logp_mofe_last_selected_kan_conloss_n8aligned,p3_base_vanilla_n8aligned,1,-0.0525717802,0,,
MolLogP,selected-KAN vs all-KAN,p5_logp_mofe_last_selected_kan_n8aligned,p3_logp_mofe_last_all_kan_n8aligned,8,0.0045482099,7,-0.0166572472,0.0207264995
MolLogP,selected-KAN vs all-KAN::bbbp,p5_logp_mofe_last_selected_kan_n8aligned,p3_logp_mofe_last_all_kan_n8aligned,1,0.0074045726,1,,
MolLogP,selected-KAN vs all-KAN::tox21,p5_logp_mofe_last_selected_kan_n8aligned,p3_logp_mofe_last_all_kan_n8aligned,1,0.0187058096,1,,
MolLogP,selected-KAN vs all-KAN::toxcast,p5_logp_mofe_last_selected_kan_n8aligned,p3_logp_mofe_last_all_kan_n8aligned,1,0.0008758830,1,,
MolLogP,selected-KAN vs all-KAN::sider,p5_logp_mofe_last_selected_kan_n8aligned,p3_logp_mofe_last_all_kan_n8aligned,1,0.0018515018,1,,
MolLogP,selected-KAN vs all-KAN::clintox,p5_logp_mofe_last_selected_kan_n8aligned,p3_logp_mofe_last_all_kan_n8aligned,1,-0.0588531014,0,,
MolLogP,selected-KAN vs all-KAN::bace,p5_logp_mofe_last_selected_kan_n8aligned,p3_logp_mofe_last_all_kan_n8aligned,1,0.0138786246,1,,
MolLogP,selected-KAN vs all-KAN::hiv,p5_logp_mofe_last_selected_kan_n8aligned,p3_logp_mofe_last_all_kan_n8aligned,1,0.0205842979,1,,
MolLogP,selected-KAN vs all-KAN::muv,p5_logp_mofe_last_selected_kan_n8aligned,p3_logp_mofe_last_all_kan_n8aligned,1,0.0319380912,1,,
