model,job_id,first_epoch,last_epoch,epochs_parsed,epochs_retained,startup_epochs_excluded,outer_fence_epochs_excluded,raw_median_seconds,active_median_seconds,upper_outer_fence_seconds,scheduler_pause_seconds_in_epoch_timer,audit_note,source_log
p2_mofe_ffn_logp_even,36956,1,300,300,299,1,0,1035.6500000000,1035.6000000000,1206.1000000000,0,Scheduler and inter-job gaps are outside the in-process epoch timer; segment startup and high-duration outer-fence observations are listed separately.,paper_101/ablation/results/36956.out
p2_mofe_ffn_logp_last,36954,1,300,300,299,1,0,908.6500000000,908.6000000000,1096.4000000000,0,Scheduler and inter-job gaps are outside the in-process epoch timer; segment startup and high-duration outer-fence observations are listed separately.,paper_101/ablation/results/36954.out
p2_mofe_ffn_logp_odd,36955,1,300,300,299,1,0,1035.6500000000,1035.6000000000,1206.2000000000,0,Scheduler and inter-job gaps are outside the in-process epoch timer; segment startup and high-duration outer-fence observations are listed separately.,paper_101/ablation/results/36955.out
p3_base_vanilla,37692,1,300,300,293,1,6,909.4500000000,908.8000000000,932.5500000000,0,Scheduler and inter-job gaps are outside the in-process epoch timer; segment startup and high-duration outer-fence observations are listed separately.,paper_101/ablation/results/37692.out
p3_logp_mofe_last_all_kan,37722,1,300,300,276,1,23,1066.4000000000,1064.1000000000,1150.7500000000,0,Scheduler and inter-job gaps are outside the in-process epoch timer; segment startup and high-duration outer-fence observations are listed separately.,paper_101/ablation/results/37722.out
p3_logp_mofe_last_ffn,37696,1,300,300,292,1,7,951.8000000000,951.5000000000,974.1000000000,0,Scheduler and inter-job gaps are outside the in-process epoch timer; segment startup and high-duration outer-fence observations are listed separately.,paper_101/ablation/results/37696.out
p3_logp_mofe_last_ffn_conloss,37703,1,300,300,290,1,9,963.4500000000,963.2500000000,983.6000000000,0,Scheduler and inter-job gaps are outside the in-process epoch timer; segment startup and high-duration outer-fence observations are listed separately.,paper_101/ablation/results/37703.out
p3_tpsa_mofe_last_all_kan,37712,1,300,300,290,1,9,1053.5500000000,1051.9000000000,1138.5000000000,0,Scheduler and inter-job gaps are outside the in-process epoch timer; segment startup and high-duration outer-fence observations are listed separately.,paper_101/ablation/results/37712.out
p3_tpsa_mofe_last_ffn,37694,1,300,300,272,1,27,919.1500000000,918.7000000000,972.3000000000,0,Scheduler and inter-job gaps are outside the in-process epoch timer; segment startup and high-duration outer-fence observations are listed separately.,paper_101/ablation/results/37694.out
p3_tpsa_mofe_last_ffn_conloss,37702,1,300,300,287,1,12,961.7000000000,961.5000000000,975.4500000000,0,Scheduler and inter-job gaps are outside the in-process epoch timer; segment startup and high-duration outer-fence observations are listed separately.,paper_101/ablation/results/37702.out
p5_logp_mofe_last_selected_kan,50507,1,300,300,299,1,0,1032.7000000000,1032.6000000000,1121.6000000000,0,Scheduler and inter-job gaps are outside the in-process epoch timer; segment startup and high-duration outer-fence observations are listed separately.,paper_101/ablation/results/50507.out
p5_logp_mofe_last_selected_kan_conloss,50509,1,300,300,299,1,0,1007.0500000000,1007.0000000000,1184.2000000000,0,Scheduler and inter-job gaps are outside the in-process epoch timer; segment startup and high-duration outer-fence observations are listed separately.,paper_101/ablation/results/50509.out
p5_tpsa_mofe_last_selected_kan,50506,1,300,300,299,1,0,1032.1500000000,1032.1000000000,1099.7500000000,0,Scheduler and inter-job gaps are outside the in-process epoch timer; segment startup and high-duration outer-fence observations are listed separately.,paper_101/ablation/results/50506.out
p5_tpsa_mofe_last_selected_kan_conloss,50508,1,300,300,299,1,0,1032.1500000000,1032.1000000000,1100.9500000000,0,Scheduler and inter-job gaps are outside the in-process epoch timer; segment startup and high-duration outer-fence observations are listed separately.,paper_101/ablation/results/50508.out
