model,job_id,job_name,state,elapsed_seconds,epochs_parsed,pretrain_done_marker,source_log
p3_base_vanilla,106577,retry2_fta_p3_base_vanilla_n8aligned_hiv_f2345,FAILED,1172,0,0,paper_101/ablation/results/106577.out
p3_tpsa_mofe_last_all_kan,106578,retry2_fta_p3_tpsa_mofe_last_all_kan_n8aligned_hiv_f345,FAILED,5818,0,0,paper_101/ablation/results/106578.out
p3_base_vanilla,106579,retry2_fta_p3_base_vanilla_n4aligned_hiv_f345,COMPLETED,65076,0,0,paper_101/ablation/results/106579.out
p3_base_vanilla,107256,retry3_fta_p3_base_vanilla_n8aligned_hiv_f2,CANCELLED by 2652,75,0,0,paper_101/ablation/results/107256.out
p3_base_vanilla,107257,retry3_fta_p3_base_vanilla_n8aligned_hiv_f2,COMPLETED,37239,0,0,paper_101/ablation/results/107257.out
p3_base_vanilla,107258,retry3_fta_p3_base_vanilla_n8aligned_hiv_f3,COMPLETED,25686,0,0,paper_101/ablation/results/107258.out
p3_base_vanilla,107259,retry3_fta_p3_base_vanilla_n8aligned_hiv_f4,COMPLETED,33753,0,0,paper_101/ablation/results/107259.out
p3_base_vanilla,107260,retry3_fta_p3_base_vanilla_n8aligned_hiv_f5,COMPLETED,43809,0,0,paper_101/ablation/results/107260.out
p3_tpsa_mofe_last_all_kan,107261,retry3_fta_p3_tpsa_mofe_last_all_kan_n8aligned_hiv_f3,COMPLETED,27240,0,0,paper_101/ablation/results/107261.out
p3_tpsa_mofe_last_all_kan,107262,retry3_fta_p3_tpsa_mofe_last_all_kan_n8aligned_hiv_f4,COMPLETED,56308,0,0,paper_101/ablation/results/107262.out
p3_tpsa_mofe_last_all_kan,107263,retry3_fta_p3_tpsa_mofe_last_all_kan_n8aligned_hiv_f5,COMPLETED,68801,0,0,paper_101/ablation/results/107263.out
p2_mofe_ffn_logp_last,36954,p2_mofe_ffn_logp_last,COMPLETED,274024,300,1,paper_101/ablation/results/36954.out
p2_mofe_ffn_logp_odd,36955,p2_mofe_ffn_logp_odd,COMPLETED,312870,300,1,paper_101/ablation/results/36955.out
p2_mofe_ffn_logp_even,36956,p2_mofe_ffn_logp_even,COMPLETED,312866,300,1,paper_101/ablation/results/36956.out
p2_mofe_ffn_logp_last,37146,ft_p2_mofe_ffn_logp_last_bbbp,COMPLETED,1383,0,0,paper_101/ablation/results/37146.out
p2_mofe_ffn_logp_last,37147,ft_p2_mofe_ffn_logp_last_tox21,COMPLETED,7072,0,0,paper_101/ablation/results/37147.out
p2_mofe_ffn_logp_last,37148,ft_p2_mofe_ffn_logp_last_toxcast,COMPLETED,17641,0,0,paper_101/ablation/results/37148.out
p2_mofe_ffn_logp_last,37149,ft_p2_mofe_ffn_logp_last_sider,COMPLETED,1147,0,0,paper_101/ablation/results/37149.out
p2_mofe_ffn_logp_last,37150,ft_p2_mofe_ffn_logp_last_clintox,COMPLETED,1104,0,0,paper_101/ablation/results/37150.out
p2_mofe_ffn_logp_last,37151,ft_p2_mofe_ffn_logp_last_bace,COMPLETED,1269,0,0,paper_101/ablation/results/37151.out
p2_mofe_ffn_logp_last,37152,ft_p2_mofe_ffn_logp_last_hiv,COMPLETED,90170,0,0,paper_101/ablation/results/37152.out
p2_mofe_ffn_logp_last,37153,ft_p2_mofe_ffn_logp_last_muv,COMPLETED,29546,0,0,paper_101/ablation/results/37153.out
p2_mofe_ffn_logp_odd,37179,ft_p2_mofe_ffn_logp_odd_bbbp,COMPLETED,1646,0,0,paper_101/ablation/results/37179.out
p2_mofe_ffn_logp_odd,37180,ft_p2_mofe_ffn_logp_odd_tox21,COMPLETED,4581,0,0,paper_101/ablation/results/37180.out
p2_mofe_ffn_logp_odd,37181,ft_p2_mofe_ffn_logp_odd_toxcast,COMPLETED,4497,0,0,paper_101/ablation/results/37181.out
p2_mofe_ffn_logp_odd,37182,ft_p2_mofe_ffn_logp_odd_sider,COMPLETED,1425,0,0,paper_101/ablation/results/37182.out
p2_mofe_ffn_logp_odd,37183,ft_p2_mofe_ffn_logp_odd_clintox,COMPLETED,1727,0,0,paper_101/ablation/results/37183.out
p2_mofe_ffn_logp_odd,37184,ft_p2_mofe_ffn_logp_odd_bace,COMPLETED,1742,0,0,paper_101/ablation/results/37184.out
p2_mofe_ffn_logp_odd,37185,ft_p2_mofe_ffn_logp_odd_hiv,COMPLETED,130942,0,0,paper_101/ablation/results/37185.out
p2_mofe_ffn_logp_odd,37186,ft_p2_mofe_ffn_logp_odd_muv,COMPLETED,154,0,0,paper_101/ablation/results/37186.out
p2_mofe_ffn_logp_even,37187,ft_p2_mofe_ffn_logp_even_bbbp,COMPLETED,1603,0,0,paper_101/ablation/results/37187.out
p2_mofe_ffn_logp_even,37188,ft_p2_mofe_ffn_logp_even_tox21,COMPLETED,8650,0,0,paper_101/ablation/results/37188.out
p2_mofe_ffn_logp_even,37189,ft_p2_mofe_ffn_logp_even_toxcast,COMPLETED,2822,0,0,paper_101/ablation/results/37189.out
p2_mofe_ffn_logp_even,37190,ft_p2_mofe_ffn_logp_even_sider,COMPLETED,1229,0,0,paper_101/ablation/results/37190.out
p2_mofe_ffn_logp_even,37191,ft_p2_mofe_ffn_logp_even_clintox,COMPLETED,1211,0,0,paper_101/ablation/results/37191.out
p2_mofe_ffn_logp_even,37192,ft_p2_mofe_ffn_logp_even_bace,COMPLETED,1223,0,0,paper_101/ablation/results/37192.out
p2_mofe_ffn_logp_even,37193,ft_p2_mofe_ffn_logp_even_hiv,COMPLETED,109749,0,0,paper_101/ablation/results/37193.out
p2_mofe_ffn_logp_even,37194,ft_p2_mofe_ffn_logp_even_muv,COMPLETED,157,0,0,paper_101/ablation/results/37194.out
p2_mofe_ffn_logp_last,37364,retry2_last_muv,COMPLETED,5560,0,0,paper_101/ablation/results/37364.out
p2_mofe_ffn_logp_odd,37365,retry2_odd_tox21,COMPLETED,4144,0,0,paper_101/ablation/results/37365.out
p2_mofe_ffn_logp_odd,37366,retry2_odd_toxcast,COMPLETED,14862,0,0,paper_101/ablation/results/37366.out
p2_mofe_ffn_logp_odd,37367,retry2_odd_muv,COMPLETED,30026,0,0,paper_101/ablation/results/37367.out
p2_mofe_ffn_logp_even,37368,retry2_even_toxcast,COMPLETED,18053,0,0,paper_101/ablation/results/37368.out
p2_mofe_ffn_logp_even,37369,retry2_even_muv,COMPLETED,32942,0,0,paper_101/ablation/results/37369.out
p3_base_vanilla,37692,p3_base_vanilla,COMPLETED,273739,300,1,paper_101/ablation/results/37692.out
p3_tpsa_mofe_last_ffn,37694,p3_tpsa_mofe_last_ffn,COMPLETED,277148,300,1,paper_101/ablation/results/37694.out
p3_logp_mofe_last_ffn,37696,p3_logp_mofe_last_ffn,COMPLETED,286201,300,1,paper_101/ablation/results/37696.out
p2_mofe_ffn_logp_last,37700,retry_lp_p2_mofe_ffn_logp_last_hiv_f5,COMPLETED,16984,0,0,paper_101/ablation/results/37700.out
p3_tpsa_mofe_last_ffn_conloss,37702,p3_tpsa_mofe_last_ffn_conloss,COMPLETED,288666,300,1,paper_101/ablation/results/37702.out
p3_logp_mofe_last_ffn_conloss,37703,p3_logp_mofe_last_ffn_conloss,COMPLETED,288969,300,1,paper_101/ablation/results/37703.out
p3_tpsa_mofe_last_all_kan,37712,p3_tpsa_mofe_last_all_kan,COMPLETED,320567,300,1,paper_101/ablation/results/37712.out
p3_logp_mofe_last_all_kan,37722,p3_logp_mofe_last_all_kan,COMPLETED,327969,300,1,paper_101/ablation/results/37722.out
p3_base_vanilla,38779,ft_p3_base_vanilla_bbbp,COMPLETED,1319,0,0,paper_101/ablation/results/38779.out
p3_base_vanilla,38780,ft_p3_base_vanilla_tox21,COMPLETED,6554,0,0,paper_101/ablation/results/38780.out
p3_base_vanilla,38781,ft_p3_base_vanilla_toxcast,COMPLETED,16341,0,0,paper_101/ablation/results/38781.out
p3_base_vanilla,38782,ft_p3_base_vanilla_sider,COMPLETED,1101,0,0,paper_101/ablation/results/38782.out
p3_base_vanilla,38783,ft_p3_base_vanilla_clintox,COMPLETED,1235,0,0,paper_101/ablation/results/38783.out
p3_base_vanilla,38784,ft_p3_base_vanilla_bace,COMPLETED,1226,0,0,paper_101/ablation/results/38784.out
p3_base_vanilla,38785,ft_p3_base_vanilla_hiv,FAILED,85524,0,0,paper_101/ablation/results/38785.out
p3_base_vanilla,38786,ft_p3_base_vanilla_muv,COMPLETED,16714,0,0,paper_101/ablation/results/38786.out
p3_tpsa_mofe_last_ffn,38787,ft_p3_tpsa_mofe_last_ffn_bbbp,COMPLETED,1239,0,0,paper_101/ablation/results/38787.out
p3_tpsa_mofe_last_ffn,38788,ft_p3_tpsa_mofe_last_ffn_tox21,COMPLETED,6790,0,0,paper_101/ablation/results/38788.out
p3_tpsa_mofe_last_ffn,38789,ft_p3_tpsa_mofe_last_ffn_toxcast,COMPLETED,18576,0,0,paper_101/ablation/results/38789.out
p3_tpsa_mofe_last_ffn,38790,ft_p3_tpsa_mofe_last_ffn_sider,COMPLETED,1144,0,0,paper_101/ablation/results/38790.out
p3_tpsa_mofe_last_ffn,38791,ft_p3_tpsa_mofe_last_ffn_clintox,COMPLETED,1335,0,0,paper_101/ablation/results/38791.out
p3_tpsa_mofe_last_ffn,38795,ft_p3_tpsa_mofe_last_ffn_bace,COMPLETED,1255,0,0,paper_101/ablation/results/38795.out
p3_tpsa_mofe_last_ffn,38796,ft_p3_tpsa_mofe_last_ffn_hiv,COMPLETED,129817,0,0,paper_101/ablation/results/38796.out
p3_tpsa_mofe_last_ffn,38797,ft_p3_tpsa_mofe_last_ffn_muv,COMPLETED,20595,0,0,paper_101/ablation/results/38797.out
p3_logp_mofe_last_ffn,38799,ft_p3_logp_mofe_last_ffn_bbbp,COMPLETED,1268,0,0,paper_101/ablation/results/38799.out
p3_logp_mofe_last_ffn,38800,ft_p3_logp_mofe_last_ffn_tox21,COMPLETED,6624,0,0,paper_101/ablation/results/38800.out
p3_logp_mofe_last_ffn,38811,ft_p3_logp_mofe_last_ffn_toxcast,COMPLETED,17412,0,0,paper_101/ablation/results/38811.out
p3_logp_mofe_last_ffn,38820,ft_p3_logp_mofe_last_ffn_sider,COMPLETED,1174,0,0,paper_101/ablation/results/38820.out
p3_logp_mofe_last_ffn,38824,ft_p3_logp_mofe_last_ffn_clintox,COMPLETED,1278,0,0,paper_101/ablation/results/38824.out
p3_logp_mofe_last_ffn,38825,ft_p3_logp_mofe_last_ffn_bace,COMPLETED,1446,0,0,paper_101/ablation/results/38825.out
p3_logp_mofe_last_ffn,38830,ft_p3_logp_mofe_last_ffn_hiv,COMPLETED,95372,0,0,paper_101/ablation/results/38830.out
p3_logp_mofe_last_ffn,38831,ft_p3_logp_mofe_last_ffn_muv,COMPLETED,27401,0,0,paper_101/ablation/results/38831.out
p3_tpsa_mofe_last_ffn_conloss,39179,ft_p3_tpsa_mofe_last_ffn_conloss_bbbp,COMPLETED,1228,0,0,paper_101/ablation/results/39179.out
p3_tpsa_mofe_last_ffn_conloss,39203,ft_p3_tpsa_mofe_last_ffn_conloss_tox21,COMPLETED,6550,0,0,paper_101/ablation/results/39203.out
p3_tpsa_mofe_last_ffn_conloss,39226,ft_p3_tpsa_mofe_last_ffn_conloss_toxcast,FAILED,50,0,0,paper_101/ablation/results/39226.out
p3_tpsa_mofe_last_ffn_conloss,39240,ft_p3_tpsa_mofe_last_ffn_conloss_sider,COMPLETED,2253,0,0,paper_101/ablation/results/39240.out
p3_tpsa_mofe_last_ffn_conloss,39242,ft_p3_tpsa_mofe_last_ffn_conloss_clintox,COMPLETED,1300,0,0,paper_101/ablation/results/39242.out
p3_tpsa_mofe_last_ffn_conloss,39244,ft_p3_tpsa_mofe_last_ffn_conloss_bace,COMPLETED,1455,0,0,paper_101/ablation/results/39244.out
p3_tpsa_mofe_last_ffn_conloss,39246,ft_p3_tpsa_mofe_last_ffn_conloss_hiv,FAILED,160,0,0,paper_101/ablation/results/39246.out
p3_tpsa_mofe_last_ffn_conloss,39247,ft_p3_tpsa_mofe_last_ffn_conloss_muv,COMPLETED,34549,0,0,paper_101/ablation/results/39247.out
p3_logp_mofe_last_ffn_conloss,39287,ft_p3_logp_mofe_last_ffn_conloss_bbbp,FAILED,2229,0,0,paper_101/ablation/results/39287.out
p3_logp_mofe_last_ffn_conloss,39288,ft_p3_logp_mofe_last_ffn_conloss_tox21,COMPLETED,6662,0,0,paper_101/ablation/results/39288.out
p3_logp_mofe_last_ffn_conloss,39289,ft_p3_logp_mofe_last_ffn_conloss_toxcast,FAILED,588,0,0,paper_101/ablation/results/39289.out
p3_logp_mofe_last_ffn_conloss,39290,ft_p3_logp_mofe_last_ffn_conloss_sider,FAILED,1196,0,0,paper_101/ablation/results/39290.out
p3_logp_mofe_last_ffn_conloss,39291,ft_p3_logp_mofe_last_ffn_conloss_clintox,COMPLETED,4460,0,0,paper_101/ablation/results/39291.out
p3_logp_mofe_last_ffn_conloss,39293,ft_p3_logp_mofe_last_ffn_conloss_bace,COMPLETED,1365,0,0,paper_101/ablation/results/39293.out
p3_logp_mofe_last_ffn_conloss,39294,ft_p3_logp_mofe_last_ffn_conloss_hiv,FAILED,21373,0,0,paper_101/ablation/results/39294.out
p3_logp_mofe_last_ffn_conloss,39295,ft_p3_logp_mofe_last_ffn_conloss_muv,COMPLETED,25470,0,0,paper_101/ablation/results/39295.out
p3_base_vanilla,39518,ft_p3_base_vanilla_hiv,COMPLETED,137058,0,0,paper_101/ablation/results/39518.out
p3_tpsa_mofe_last_ffn_conloss,39522,ft_p3_tpsa_mofe_last_ffn_conloss_toxcast,COMPLETED,16215,0,0,paper_101/ablation/results/39522.out
p3_tpsa_mofe_last_ffn_conloss,39523,ft_p3_tpsa_mofe_last_ffn_conloss_hiv,COMPLETED,97118,0,0,paper_101/ablation/results/39523.out
p3_logp_mofe_last_ffn_conloss,39524,ft_p3_logp_mofe_last_ffn_conloss_bbbp,COMPLETED,1439,0,0,paper_101/ablation/results/39524.out
p3_logp_mofe_last_ffn_conloss,39525,ft_p3_logp_mofe_last_ffn_conloss_toxcast,COMPLETED,16454,0,0,paper_101/ablation/results/39525.out
p3_logp_mofe_last_ffn_conloss,39527,ft_p3_logp_mofe_last_ffn_conloss_sider,COMPLETED,1176,0,0,paper_101/ablation/results/39527.out
p3_logp_mofe_last_ffn_conloss,39528,ft_p3_logp_mofe_last_ffn_conloss_hiv,CANCELLED by 2652,121768,0,0,paper_101/ablation/results/39528.out
p3_tpsa_mofe_last_all_kan,39948,ft_p3_tpsa_mofe_last_all_kan_bbbp,COMPLETED,1694,0,0,paper_101/ablation/results/39948.out
p3_tpsa_mofe_last_all_kan,39959,ft_p3_tpsa_mofe_last_all_kan_tox21,COMPLETED,6243,0,0,paper_101/ablation/results/39959.out
p3_tpsa_mofe_last_all_kan,39971,ft_p3_tpsa_mofe_last_all_kan_toxcast,COMPLETED,19487,0,0,paper_101/ablation/results/39971.out
p3_tpsa_mofe_last_all_kan,39977,ft_p3_tpsa_mofe_last_all_kan_sider,COMPLETED,1538,0,0,paper_101/ablation/results/39977.out
p3_tpsa_mofe_last_all_kan,40010,ft_p3_tpsa_mofe_last_all_kan_clintox,COMPLETED,1631,0,0,paper_101/ablation/results/40010.out
p3_tpsa_mofe_last_all_kan,40015,ft_p3_tpsa_mofe_last_all_kan_bace,COMPLETED,1173,0,0,paper_101/ablation/results/40015.out
p3_tpsa_mofe_last_all_kan,40019,ft_p3_tpsa_mofe_last_all_kan_hiv,CANCELLED by 2652,90056,0,0,paper_101/ablation/results/40019.out
p3_tpsa_mofe_last_all_kan,40035,ft_p3_tpsa_mofe_last_all_kan_muv,COMPLETED,33790,0,0,paper_101/ablation/results/40035.out
p3_logp_mofe_last_all_kan,40062,ft_p3_logp_mofe_last_all_kan_bbbp,COMPLETED,1502,0,0,paper_101/ablation/results/40062.out
p3_logp_mofe_last_all_kan,40081,ft_p3_logp_mofe_last_all_kan_tox21,COMPLETED,7428,0,0,paper_101/ablation/results/40081.out
p3_logp_mofe_last_all_kan,40089,ft_p3_logp_mofe_last_all_kan_toxcast,COMPLETED,20744,0,0,paper_101/ablation/results/40089.out
p3_logp_mofe_last_all_kan,40096,ft_p3_logp_mofe_last_all_kan_sider,COMPLETED,1435,0,0,paper_101/ablation/results/40096.out
p3_logp_mofe_last_all_kan,40109,ft_p3_logp_mofe_last_all_kan_clintox,COMPLETED,1909,0,0,paper_101/ablation/results/40109.out
p3_logp_mofe_last_all_kan,40118,ft_p3_logp_mofe_last_all_kan_bace,COMPLETED,1466,0,0,paper_101/ablation/results/40118.out
p3_logp_mofe_last_all_kan,40121,ft_p3_logp_mofe_last_all_kan_hiv,CANCELLED by 2652,57712,0,0,paper_101/ablation/results/40121.out
p3_logp_mofe_last_all_kan,40127,ft_p3_logp_mofe_last_all_kan_muv,COMPLETED,43576,0,0,paper_101/ablation/results/40127.out
p5_tpsa_mofe_last_selected_kan,50506,p5_tpsa_mofe_last_selected_kan,COMPLETED,310322,300,1,paper_101/ablation/results/50506.out
p5_logp_mofe_last_selected_kan,50507,p5_logp_mofe_last_selected_kan,COMPLETED,309805,300,1,paper_101/ablation/results/50507.out
p5_tpsa_mofe_last_selected_kan_conloss,50508,p5_tpsa_mofe_last_selected_kan_conloss,COMPLETED,310310,300,1,paper_101/ablation/results/50508.out
p5_logp_mofe_last_selected_kan_conloss,50509,p5_logp_mofe_last_selected_kan_conloss,COMPLETED,305268,300,1,paper_101/ablation/results/50509.out
p5_tpsa_mofe_last_selected_kan,53184,ft_p5_tpsa_mofe_last_selected_kan_bbbp,COMPLETED,1477,0,0,paper_101/ablation/results/53184.out
p5_tpsa_mofe_last_selected_kan,53185,ft_p5_tpsa_mofe_last_selected_kan_tox21,CANCELLED by 2652,4071,0,0,paper_101/ablation/results/53185.out
p5_tpsa_mofe_last_selected_kan,53186,ft_p5_tpsa_mofe_last_selected_kan_toxcast,CANCELLED by 2652,4065,0,0,paper_101/ablation/results/53186.out
p5_tpsa_mofe_last_selected_kan,53187,ft_p5_tpsa_mofe_last_selected_kan_sider,COMPLETED,1637,0,0,paper_101/ablation/results/53187.out
p5_tpsa_mofe_last_selected_kan,53188,ft_p5_tpsa_mofe_last_selected_kan_clintox,COMPLETED,1351,0,0,paper_101/ablation/results/53188.out
p5_tpsa_mofe_last_selected_kan,53189,ft_p5_tpsa_mofe_last_selected_kan_bace,COMPLETED,1194,0,0,paper_101/ablation/results/53189.out
p5_tpsa_mofe_last_selected_kan,53190,ft_p5_tpsa_mofe_last_selected_kan_hiv,CANCELLED by 2652,4041,0,0,paper_101/ablation/results/53190.out
p5_tpsa_mofe_last_selected_kan,53191,ft_p5_tpsa_mofe_last_selected_kan_muv,CANCELLED by 2652,4035,0,0,paper_101/ablation/results/53191.out
p5_logp_mofe_last_selected_kan,53192,ft_p5_logp_mofe_last_selected_kan_bbbp,COMPLETED,1463,0,0,paper_101/ablation/results/53192.out
p5_logp_mofe_last_selected_kan,53193,ft_p5_logp_mofe_last_selected_kan_tox21,CANCELLED by 2652,2702,0,0,paper_101/ablation/results/53193.out
p5_logp_mofe_last_selected_kan,53194,ft_p5_logp_mofe_last_selected_kan_toxcast,CANCELLED by 2652,2600,0,0,paper_101/ablation/results/53194.out
p5_logp_mofe_last_selected_kan,53195,ft_p5_logp_mofe_last_selected_kan_sider,COMPLETED,1483,0,0,paper_101/ablation/results/53195.out
p5_logp_mofe_last_selected_kan,53196,ft_p5_logp_mofe_last_selected_kan_clintox,CANCELLED by 2652,1390,0,0,paper_101/ablation/results/53196.out
p5_logp_mofe_last_selected_kan,53197,ft_p5_logp_mofe_last_selected_kan_bace,CANCELLED by 2652,939,0,0,paper_101/ablation/results/53197.out
p3_base_vanilla,53207,fta_p3_base_vanilla_n8aligned_bbbp,COMPLETED,1719,0,0,paper_101/ablation/results/53207.out
p3_base_vanilla,53208,fta_p3_base_vanilla_n8aligned_tox21,COMPLETED,5517,0,0,paper_101/ablation/results/53208.out
p3_base_vanilla,53209,fta_p3_base_vanilla_n8aligned_toxcast,COMPLETED,16089,0,0,paper_101/ablation/results/53209.out
p3_base_vanilla,53210,fta_p3_base_vanilla_n8aligned_sider,COMPLETED,1036,0,0,paper_101/ablation/results/53210.out
p3_base_vanilla,53211,fta_p3_base_vanilla_n8aligned_clintox,COMPLETED,1235,0,0,paper_101/ablation/results/53211.out
p3_base_vanilla,53212,fta_p3_base_vanilla_n8aligned_bace,COMPLETED,1498,0,0,paper_101/ablation/results/53212.out
p3_base_vanilla,53213,fta_p3_base_vanilla_n8aligned_hiv,FAILED,80,0,0,paper_101/ablation/results/53213.out
p3_base_vanilla,53214,fta_p3_base_vanilla_n8aligned_muv,COMPLETED,25311,0,0,paper_101/ablation/results/53214.out
p3_tpsa_mofe_last_ffn,53215,fta_p3_tpsa_mofe_last_ffn_n8aligned_bbbp,COMPLETED,1707,0,0,paper_101/ablation/results/53215.out
p3_tpsa_mofe_last_ffn,53216,fta_p3_tpsa_mofe_last_ffn_n8aligned_tox21,COMPLETED,5951,0,0,paper_101/ablation/results/53216.out
p3_tpsa_mofe_last_ffn,53217,fta_p3_tpsa_mofe_last_ffn_n8aligned_toxcast,COMPLETED,17059,0,0,paper_101/ablation/results/53217.out
p3_tpsa_mofe_last_ffn,53218,fta_p3_tpsa_mofe_last_ffn_n8aligned_sider,COMPLETED,1179,0,0,paper_101/ablation/results/53218.out
p3_tpsa_mofe_last_ffn,53219,fta_p3_tpsa_mofe_last_ffn_n8aligned_clintox,COMPLETED,2307,0,0,paper_101/ablation/results/53219.out
p3_tpsa_mofe_last_ffn,53220,fta_p3_tpsa_mofe_last_ffn_n8aligned_bace,COMPLETED,1879,0,0,paper_101/ablation/results/53220.out
p3_tpsa_mofe_last_ffn,53221,fta_p3_tpsa_mofe_last_ffn_n8aligned_hiv,COMPLETED,196111,0,0,paper_101/ablation/results/53221.out
p3_tpsa_mofe_last_ffn,53222,fta_p3_tpsa_mofe_last_ffn_n8aligned_muv,COMPLETED,31120,0,0,paper_101/ablation/results/53222.out
p3_logp_mofe_last_ffn,53223,fta_p3_logp_mofe_last_ffn_n8aligned_bbbp,COMPLETED,1869,0,0,paper_101/ablation/results/53223.out
p3_logp_mofe_last_ffn,53224,fta_p3_logp_mofe_last_ffn_n8aligned_tox21,COMPLETED,6501,0,0,paper_101/ablation/results/53224.out
p3_logp_mofe_last_ffn,53225,fta_p3_logp_mofe_last_ffn_n8aligned_toxcast,COMPLETED,16895,0,0,paper_101/ablation/results/53225.out
p3_logp_mofe_last_ffn,53226,fta_p3_logp_mofe_last_ffn_n8aligned_sider,COMPLETED,1389,0,0,paper_101/ablation/results/53226.out
p3_logp_mofe_last_ffn,53227,fta_p3_logp_mofe_last_ffn_n8aligned_clintox,COMPLETED,2020,0,0,paper_101/ablation/results/53227.out
p3_logp_mofe_last_ffn,53228,fta_p3_logp_mofe_last_ffn_n8aligned_bace,COMPLETED,1941,0,0,paper_101/ablation/results/53228.out
p3_logp_mofe_last_ffn,53230,fta_p3_logp_mofe_last_ffn_n8aligned_hiv,COMPLETED,183744,0,0,paper_101/ablation/results/53230.out
p3_logp_mofe_last_ffn,53231,fta_p3_logp_mofe_last_ffn_n8aligned_muv,COMPLETED,34230,0,0,paper_101/ablation/results/53231.out
p5_tpsa_mofe_last_selected_kan,53232,fta_p5_tpsa_mofe_last_selected_kan_n8aligned_bbbp,COMPLETED,2149,0,0,paper_101/ablation/results/53232.out
p5_tpsa_mofe_last_selected_kan,53233,fta_p5_tpsa_mofe_last_selected_kan_n8aligned_tox21,COMPLETED,6541,0,0,paper_101/ablation/results/53233.out
p5_tpsa_mofe_last_selected_kan,53235,fta_p5_tpsa_mofe_last_selected_kan_n8aligned_toxcast,COMPLETED,16674,0,0,paper_101/ablation/results/53235.out
p5_tpsa_mofe_last_selected_kan,53236,fta_p5_tpsa_mofe_last_selected_kan_n8aligned_sider,COMPLETED,1572,0,0,paper_101/ablation/results/53236.out
p5_tpsa_mofe_last_selected_kan,53237,fta_p5_tpsa_mofe_last_selected_kan_n8aligned_clintox,COMPLETED,1772,0,0,paper_101/ablation/results/53237.out
p5_tpsa_mofe_last_selected_kan,53239,fta_p5_tpsa_mofe_last_selected_kan_n8aligned_bace,COMPLETED,2068,0,0,paper_101/ablation/results/53239.out
p5_tpsa_mofe_last_selected_kan,53243,fta_p5_tpsa_mofe_last_selected_kan_n8aligned_hiv,FAILED,18642,0,0,paper_101/ablation/results/53243.out
p5_tpsa_mofe_last_selected_kan,53244,fta_p5_tpsa_mofe_last_selected_kan_n8aligned_muv,COMPLETED,39934,0,0,paper_101/ablation/results/53244.out
p5_logp_mofe_last_selected_kan,53263,fta_p5_logp_mofe_last_selected_kan_n8aligned_bbbp,COMPLETED,2137,0,0,paper_101/ablation/results/53263.out
p5_logp_mofe_last_selected_kan,53268,fta_p5_logp_mofe_last_selected_kan_n8aligned_tox21,COMPLETED,7193,0,0,paper_101/ablation/results/53268.out
p5_logp_mofe_last_selected_kan,53269,fta_p5_logp_mofe_last_selected_kan_n8aligned_toxcast,COMPLETED,17532,0,0,paper_101/ablation/results/53269.out
p5_logp_mofe_last_selected_kan,53275,fta_p5_logp_mofe_last_selected_kan_n8aligned_sider,COMPLETED,1409,0,0,paper_101/ablation/results/53275.out
p5_logp_mofe_last_selected_kan,53295,fta_p5_logp_mofe_last_selected_kan_n8aligned_clintox,COMPLETED,1520,0,0,paper_101/ablation/results/53295.out
p5_logp_mofe_last_selected_kan,53296,fta_p5_logp_mofe_last_selected_kan_n8aligned_bace,COMPLETED,2178,0,0,paper_101/ablation/results/53296.out
p5_logp_mofe_last_selected_kan,53299,fta_p5_logp_mofe_last_selected_kan_n8aligned_hiv,FAILED,39059,0,0,paper_101/ablation/results/53299.out
p5_logp_mofe_last_selected_kan,53328,fta_p5_logp_mofe_last_selected_kan_n8aligned_muv,COMPLETED,43596,0,0,paper_101/ablation/results/53328.out
p3_tpsa_mofe_last_ffn_conloss,53341,fta_p3_tpsa_mofe_last_ffn_conloss_n8aligned_bbbp,COMPLETED,1791,0,0,paper_101/ablation/results/53341.out
p3_tpsa_mofe_last_ffn_conloss,53349,fta_p3_tpsa_mofe_last_ffn_conloss_n8aligned_tox21,COMPLETED,6807,0,0,paper_101/ablation/results/53349.out
p3_tpsa_mofe_last_ffn_conloss,53383,fta_p3_tpsa_mofe_last_ffn_conloss_n8aligned_toxcast,COMPLETED,15909,0,0,paper_101/ablation/results/53383.out
p3_tpsa_mofe_last_ffn_conloss,53384,fta_p3_tpsa_mofe_last_ffn_conloss_n8aligned_sider,COMPLETED,1185,0,0,paper_101/ablation/results/53384.out
p3_tpsa_mofe_last_ffn_conloss,53420,fta_p3_tpsa_mofe_last_ffn_conloss_n8aligned_clintox,COMPLETED,1735,0,0,paper_101/ablation/results/53420.out
p3_tpsa_mofe_last_ffn_conloss,53431,fta_p3_tpsa_mofe_last_ffn_conloss_n8aligned_bace,COMPLETED,1895,0,0,paper_101/ablation/results/53431.out
p3_tpsa_mofe_last_ffn_conloss,53443,fta_p3_tpsa_mofe_last_ffn_conloss_n8aligned_hiv,COMPLETED,152312,0,0,paper_101/ablation/results/53443.out
p3_tpsa_mofe_last_ffn_conloss,53451,fta_p3_tpsa_mofe_last_ffn_conloss_n8aligned_muv,COMPLETED,26126,0,0,paper_101/ablation/results/53451.out
p3_logp_mofe_last_ffn_conloss,53487,fta_p3_logp_mofe_last_ffn_conloss_n8aligned_bbbp,COMPLETED,2040,0,0,paper_101/ablation/results/53487.out
p3_logp_mofe_last_ffn_conloss,53542,fta_p3_logp_mofe_last_ffn_conloss_n8aligned_tox21,COMPLETED,6366,0,0,paper_101/ablation/results/53542.out
p3_logp_mofe_last_ffn_conloss,53545,fta_p3_logp_mofe_last_ffn_conloss_n8aligned_toxcast,COMPLETED,16295,0,0,paper_101/ablation/results/53545.out
p3_logp_mofe_last_ffn_conloss,53574,fta_p3_logp_mofe_last_ffn_conloss_n8aligned_sider,COMPLETED,1365,0,0,paper_101/ablation/results/53574.out
p3_logp_mofe_last_ffn_conloss,53576,fta_p3_logp_mofe_last_ffn_conloss_n8aligned_clintox,COMPLETED,1678,0,0,paper_101/ablation/results/53576.out
p3_logp_mofe_last_ffn_conloss,53579,fta_p3_logp_mofe_last_ffn_conloss_n8aligned_bace,COMPLETED,1613,0,0,paper_101/ablation/results/53579.out
p3_logp_mofe_last_ffn_conloss,53587,fta_p3_logp_mofe_last_ffn_conloss_n8aligned_hiv,FAILED,74569,0,0,paper_101/ablation/results/53587.out
p3_logp_mofe_last_ffn_conloss,53588,fta_p3_logp_mofe_last_ffn_conloss_n8aligned_muv,COMPLETED,36135,0,0,paper_101/ablation/results/53588.out
p5_tpsa_mofe_last_selected_kan_conloss,53633,fta_p5_tpsa_mofe_last_selected_kan_conloss_n8aligned_bbbp,COMPLETED,2028,0,0,paper_101/ablation/results/53633.out
p5_tpsa_mofe_last_selected_kan_conloss,53647,fta_p5_tpsa_mofe_last_selected_kan_conloss_n8aligned_tox21,COMPLETED,6313,0,0,paper_101/ablation/results/53647.out
p5_tpsa_mofe_last_selected_kan_conloss,53650,fta_p5_tpsa_mofe_last_selected_kan_conloss_n8aligned_toxcast,COMPLETED,18917,0,0,paper_101/ablation/results/53650.out
p5_tpsa_mofe_last_selected_kan_conloss,53657,fta_p5_tpsa_mofe_last_selected_kan_conloss_n8aligned_sider,COMPLETED,1434,0,0,paper_101/ablation/results/53657.out
p5_tpsa_mofe_last_selected_kan_conloss,53658,fta_p5_tpsa_mofe_last_selected_kan_conloss_n8aligned_clintox,COMPLETED,1946,0,0,paper_101/ablation/results/53658.out
p5_tpsa_mofe_last_selected_kan_conloss,53659,fta_p5_tpsa_mofe_last_selected_kan_conloss_n8aligned_bace,COMPLETED,1756,0,0,paper_101/ablation/results/53659.out
p5_tpsa_mofe_last_selected_kan_conloss,53660,fta_p5_tpsa_mofe_last_selected_kan_conloss_n8aligned_hiv,COMPLETED,179527,0,0,paper_101/ablation/results/53660.out
p5_tpsa_mofe_last_selected_kan_conloss,53661,fta_p5_tpsa_mofe_last_selected_kan_conloss_n8aligned_muv,COMPLETED,44453,0,0,paper_101/ablation/results/53661.out
p5_logp_mofe_last_selected_kan_conloss,53662,fta_p5_logp_mofe_last_selected_kan_conloss_n8aligned_bbbp,COMPLETED,2128,0,0,paper_101/ablation/results/53662.out
p5_logp_mofe_last_selected_kan_conloss,53663,fta_p5_logp_mofe_last_selected_kan_conloss_n8aligned_tox21,COMPLETED,7531,0,0,paper_101/ablation/results/53663.out
p5_logp_mofe_last_selected_kan_conloss,53664,fta_p5_logp_mofe_last_selected_kan_conloss_n8aligned_toxcast,COMPLETED,17357,0,0,paper_101/ablation/results/53664.out
p5_logp_mofe_last_selected_kan_conloss,53665,fta_p5_logp_mofe_last_selected_kan_conloss_n8aligned_sider,COMPLETED,1594,0,0,paper_101/ablation/results/53665.out
p5_logp_mofe_last_selected_kan_conloss,53666,fta_p5_logp_mofe_last_selected_kan_conloss_n8aligned_clintox,COMPLETED,2179,0,0,paper_101/ablation/results/53666.out
p5_logp_mofe_last_selected_kan_conloss,53667,fta_p5_logp_mofe_last_selected_kan_conloss_n8aligned_bace,COMPLETED,2326,0,0,paper_101/ablation/results/53667.out
p5_logp_mofe_last_selected_kan_conloss,53668,fta_p5_logp_mofe_last_selected_kan_conloss_n8aligned_hiv,FAILED,88476,0,0,paper_101/ablation/results/53668.out
p5_logp_mofe_last_selected_kan_conloss,53669,fta_p5_logp_mofe_last_selected_kan_conloss_n8aligned_muv,COMPLETED,42549,0,0,paper_101/ablation/results/53669.out
p3_tpsa_mofe_last_all_kan,53673,fta_p3_tpsa_mofe_last_all_kan_n8aligned_bbbp,COMPLETED,2196,0,0,paper_101/ablation/results/53673.out
p3_tpsa_mofe_last_all_kan,53675,fta_p3_tpsa_mofe_last_all_kan_n8aligned_tox21,COMPLETED,8325,0,0,paper_101/ablation/results/53675.out
p3_tpsa_mofe_last_all_kan,53690,fta_p3_tpsa_mofe_last_all_kan_n8aligned_toxcast,COMPLETED,18014,0,0,paper_101/ablation/results/53690.out
p3_tpsa_mofe_last_all_kan,53702,fta_p3_tpsa_mofe_last_all_kan_n8aligned_sider,COMPLETED,1821,0,0,paper_101/ablation/results/53702.out
p3_tpsa_mofe_last_all_kan,53712,fta_p3_tpsa_mofe_last_all_kan_n8aligned_clintox,COMPLETED,2252,0,0,paper_101/ablation/results/53712.out
p3_tpsa_mofe_last_all_kan,53719,fta_p3_tpsa_mofe_last_all_kan_n8aligned_bace,COMPLETED,1839,0,0,paper_101/ablation/results/53719.out
p3_tpsa_mofe_last_all_kan,53727,fta_p3_tpsa_mofe_last_all_kan_n8aligned_hiv,FAILED,113765,0,0,paper_101/ablation/results/53727.out
p3_tpsa_mofe_last_all_kan,53764,fta_p3_tpsa_mofe_last_all_kan_n8aligned_muv,COMPLETED,33360,0,0,paper_101/ablation/results/53764.out
p3_logp_mofe_last_all_kan,53772,fta_p3_logp_mofe_last_all_kan_n8aligned_bbbp,COMPLETED,2201,0,0,paper_101/ablation/results/53772.out
p3_logp_mofe_last_all_kan,53789,fta_p3_logp_mofe_last_all_kan_n8aligned_tox21,COMPLETED,8163,0,0,paper_101/ablation/results/53789.out
p3_logp_mofe_last_all_kan,53949,fta_p3_logp_mofe_last_all_kan_n8aligned_toxcast,COMPLETED,19969,0,0,paper_101/ablation/results/53949.out
p3_logp_mofe_last_all_kan,53997,fta_p3_logp_mofe_last_all_kan_n8aligned_sider,COMPLETED,1660,0,0,paper_101/ablation/results/53997.out
p3_logp_mofe_last_all_kan,54000,fta_p3_logp_mofe_last_all_kan_n8aligned_clintox,COMPLETED,2187,0,0,paper_101/ablation/results/54000.out
p3_logp_mofe_last_all_kan,54022,fta_p3_logp_mofe_last_all_kan_n8aligned_bace,COMPLETED,1736,0,0,paper_101/ablation/results/54022.out
p3_logp_mofe_last_all_kan,54024,fta_p3_logp_mofe_last_all_kan_n8aligned_hiv,COMPLETED,196644,0,0,paper_101/ablation/results/54024.out
p3_logp_mofe_last_all_kan,54049,fta_p3_logp_mofe_last_all_kan_n8aligned_muv,COMPLETED,43674,0,0,paper_101/ablation/results/54049.out
p3_base_vanilla,54075,fta_p3_base_vanilla_n4aligned_bbbp,COMPLETED,1101,0,0,paper_101/ablation/results/54075.out
p3_base_vanilla,54080,fta_p3_base_vanilla_n4aligned_tox21,COMPLETED,4001,0,0,paper_101/ablation/results/54080.out
p3_base_vanilla,54085,fta_p3_base_vanilla_n4aligned_toxcast,COMPLETED,10042,0,0,paper_101/ablation/results/54085.out
p3_base_vanilla,54244,fta_p3_base_vanilla_n4aligned_sider,COMPLETED,851,0,0,paper_101/ablation/results/54244.out
p3_base_vanilla,54252,fta_p3_base_vanilla_n4aligned_clintox,COMPLETED,1153,0,0,paper_101/ablation/results/54252.out
p3_base_vanilla,54253,fta_p3_base_vanilla_n4aligned_bace,COMPLETED,1050,0,0,paper_101/ablation/results/54253.out
p3_base_vanilla,54254,fta_p3_base_vanilla_n4aligned_hiv,FAILED,71491,0,0,paper_101/ablation/results/54254.out
p3_base_vanilla,54268,fta_p3_base_vanilla_n4aligned_muv,COMPLETED,17099,0,0,paper_101/ablation/results/54268.out
p3_base_vanilla,54543,retry_fta_p3_base_vanilla_n8aligned_hiv_f12345,FAILED,33735,0,0,paper_101/ablation/results/54543.out
p5_tpsa_mofe_last_selected_kan,54544,retry_fta_p5_tpsa_mofe_last_selected_kan_n8aligned_hiv_f12345,COMPLETED,218640,0,0,paper_101/ablation/results/54544.out
p5_logp_mofe_last_selected_kan,54545,retry_fta_p5_logp_mofe_last_selected_kan_n8aligned_hiv_f2345,COMPLETED,142759,0,0,paper_101/ablation/results/54545.out
p3_logp_mofe_last_ffn_conloss,54546,retry_fta_p3_logp_mofe_last_ffn_conloss_n8aligned_hiv_f345,COMPLETED,107543,0,0,paper_101/ablation/results/54546.out
p5_logp_mofe_last_selected_kan_conloss,54547,retry_fta_p5_logp_mofe_last_selected_kan_conloss_n8aligned_hiv_f45,COMPLETED,61226,0,0,paper_101/ablation/results/54547.out
