model,epochs_recovered,active_epochs_retained,timing_epochs_excluded,median_active_seconds_per_epoch,active_q1_seconds,active_q3_seconds,projected_active_hours_300_epochs,completed_gpu_hours,unsuccessful_gpu_hours,completed_log_segments,unsuccessful_log_segments,pretrain_done_marker
p2_mofe_ffn_logp_even,300,299,1,1035.6000000000,1010.1000000000,1059.1000000000,86.3000000000,86.9072222222,0.0000000000,1,0,1
p2_mofe_ffn_logp_last,300,299,1,908.6000000000,890.6000000000,942.0500000000,75.7166666667,76.1177777778,0.0000000000,1,0,1
p2_mofe_ffn_logp_odd,300,299,1,1035.6000000000,1010.2000000000,1059.2000000000,86.3000000000,86.9083333333,0.0000000000,1,0,1
p3_base_vanilla,300,293,7,908.8000000000,906.3000000000,912.7000000000,75.7333333333,76.0386111111,0.0000000000,1,0,1
p3_logp_mofe_last_all_kan,300,276,24,1064.1000000000,1059.1000000000,1081.3250000000,88.6750000000,91.1025000000,0.0000000000,1,0,1
p3_logp_mofe_last_ffn,300,292,8,951.5000000000,948.9000000000,955.0250000000,79.2916666667,79.5002777778,0.0000000000,1,0,1
p3_logp_mofe_last_ffn_conloss,300,290,10,963.2500000000,958.7000000000,964.9000000000,80.2708333333,80.2691666667,0.0000000000,1,0,1
p3_tpsa_mofe_last_all_kan,300,290,10,1051.9000000000,1046.0250000000,1069.1000000000,87.6583333333,89.0463888889,0.0000000000,1,0,1
p3_tpsa_mofe_last_ffn,300,272,28,918.7000000000,903.4000000000,920.2000000000,76.5583333333,76.9855555556,0.0000000000,1,0,1
p3_tpsa_mofe_last_ffn_conloss,300,287,13,961.5000000000,959.1500000000,963.1000000000,80.1250000000,80.1850000000,0.0000000000,1,0,1
p5_logp_mofe_last_selected_kan,300,299,1,1032.6000000000,1018.2000000000,1044.0500000000,86.0500000000,86.0569444444,0.0000000000,1,0,1
p5_logp_mofe_last_selected_kan_conloss,300,299,1,1007.0000000000,987.6000000000,1036.7500000000,83.9166666667,84.7966666667,0.0000000000,1,0,1
p5_tpsa_mofe_last_selected_kan,300,299,1,1032.1000000000,1022.7500000000,1042.0000000000,86.0083333333,86.2005555556,0.0000000000,1,0,1
p5_tpsa_mofe_last_selected_kan_conloss,300,299,1,1032.1000000000,1022.7500000000,1042.3000000000,86.0083333333,86.1972222222,0.0000000000,1,0,1
