phase	model	role	descriptor	expert_type	kan_indices	layer_mode	conloss	standard_moe	top_k	checkpoint_rel
layer_select	p2_mofe_ffn_logp_last	last	MolLogP	ffn	-	last	0	0	-	MoleSG/pretrain/Model/p2_mofe_ffn_logp_last/compt/periodic_latest.pth
layer_select	p2_mofe_ffn_logp_odd	odd	MolLogP	ffn	-	odd	0	0	-	MoleSG/pretrain/Model/p2_mofe_ffn_logp_odd/compt/periodic_latest.pth
layer_select	p2_mofe_ffn_logp_even	even	MolLogP	ffn	-	even	0	0	-	MoleSG/pretrain/Model/p2_mofe_ffn_logp_even/compt/periodic_latest.pth
kan_select	p4_tpsa_mofe_last_k0	k0	TPSA	mixed	0	last	0	0	-	MoleSG/pretrain/Model/p4_tpsa_mofe_last_k0/compt/periodic_latest.pth
kan_select	p4_tpsa_mofe_last_k1	k1	TPSA	mixed	1	last	0	0	-	MoleSG/pretrain/Model/p4_tpsa_mofe_last_k1/compt/periodic_latest.pth
kan_select	p4_tpsa_mofe_last_k2	k2	TPSA	mixed	2	last	0	0	-	MoleSG/pretrain/Model/p4_tpsa_mofe_last_k2/compt/periodic_latest.pth
kan_select	p4_tpsa_mofe_last_k3	k3	TPSA	mixed	3	last	0	0	-	MoleSG/pretrain/Model/p4_tpsa_mofe_last_k3/compt/periodic_latest.pth
kan_select	p4_tpsa_mofe_last_k4	k4	TPSA	mixed	4	last	0	0	-	MoleSG/pretrain/Model/p4_tpsa_mofe_last_k4/compt/periodic_latest.pth
kan_select	p4_tpsa_mofe_last_k5	k5	TPSA	mixed	5	last	0	0	-	MoleSG/pretrain/Model/p4_tpsa_mofe_last_k5/compt/periodic_latest.pth
kan_select	p4_tpsa_mofe_last_k6	k6	TPSA	mixed	6	last	0	0	-	MoleSG/pretrain/Model/p4_tpsa_mofe_last_k6/compt/periodic_latest.pth
kan_select	p4_tpsa_mofe_last_k7	k7	TPSA	mixed	7	last	0	0	-	MoleSG/pretrain/Model/p4_tpsa_mofe_last_k7/compt/periodic_latest.pth
kan_select	p4_logp_mofe_last_k0	k0	MolLogP	mixed	0	last	0	0	-	MoleSG/pretrain/Model/p4_logp_mofe_last_k0/compt/periodic_latest.pth
kan_select	p4_logp_mofe_last_k1	k1	MolLogP	mixed	1	last	0	0	-	MoleSG/pretrain/Model/p4_logp_mofe_last_k1/compt/periodic_latest.pth
kan_select	p4_logp_mofe_last_k2	k2	MolLogP	mixed	2	last	0	0	-	MoleSG/pretrain/Model/p4_logp_mofe_last_k2/compt/periodic_latest.pth
kan_select	p4_logp_mofe_last_k3	k3	MolLogP	mixed	3	last	0	0	-	MoleSG/pretrain/Model/p4_logp_mofe_last_k3/compt/periodic_latest.pth
kan_select	p4_logp_mofe_last_k4	k4	MolLogP	mixed	4	last	0	0	-	MoleSG/pretrain/Model/p4_logp_mofe_last_k4/compt/periodic_latest.pth
kan_select	p4_logp_mofe_last_k5	k5	MolLogP	mixed	5	last	0	0	-	MoleSG/pretrain/Model/p4_logp_mofe_last_k5/compt/periodic_latest.pth
kan_select	p4_logp_mofe_last_k6	k6	MolLogP	mixed	6	last	0	0	-	MoleSG/pretrain/Model/p4_logp_mofe_last_k6/compt/periodic_latest.pth
kan_select	p4_logp_mofe_last_k7	k7	MolLogP	mixed	7	last	0	0	-	MoleSG/pretrain/Model/p4_logp_mofe_last_k7/compt/periodic_latest.pth
final_ablation	p3_base_vanilla	Base	none	none	-	none	0	0	-	MoleSG/pretrain/Model/p3_base_vanilla/compt/periodic_latest.pth
final_ablation	p3_tpsa_mofe_last_ffn	I1	TPSA	ffn	-	last	0	0	-	MoleSG/pretrain/Model/p3_tpsa_mofe_last_ffn/compt/periodic_latest.pth
final_ablation	p3_logp_mofe_last_ffn	I1	MolLogP	ffn	-	last	0	0	-	MoleSG/pretrain/Model/p3_logp_mofe_last_ffn/compt/periodic_latest.pth
final_ablation	p5_tpsa_mofe_last_selected_kan	I1+I2	TPSA	mixed	0,1,2,3,5	last	0	0	-	MoleSG/pretrain/Model/p5_tpsa_mofe_last_selected_kan/compt/periodic_latest.pth
final_ablation	p5_logp_mofe_last_selected_kan	I1+I2	MolLogP	mixed	1,2,3,4	last	0	0	-	MoleSG/pretrain/Model/p5_logp_mofe_last_selected_kan/compt/periodic_latest.pth
final_ablation	p3_tpsa_mofe_last_ffn_conloss	I1+I3	TPSA	ffn	-	last	1	0	-	MoleSG/pretrain/Model/p3_tpsa_mofe_last_ffn_conloss/compt/periodic_latest.pth
final_ablation	p3_logp_mofe_last_ffn_conloss	I1+I3	MolLogP	ffn	-	last	1	0	-	MoleSG/pretrain/Model/p3_logp_mofe_last_ffn_conloss/compt/periodic_latest.pth
final_ablation	p5_tpsa_mofe_last_selected_kan_conloss	I1+I2+I3	TPSA	mixed	0,1,2,3,5	last	1	0	-	MoleSG/pretrain/Model/p5_tpsa_mofe_last_selected_kan_conloss/compt/periodic_latest.pth
final_ablation	p5_logp_mofe_last_selected_kan_conloss	I1+I2+I3	MolLogP	mixed	1,2,3,4	last	1	0	-	MoleSG/pretrain/Model/p5_logp_mofe_last_selected_kan_conloss/compt/periodic_latest.pth
final_ablation	p3_tpsa_mofe_last_all_kan	all-KAN	TPSA	kan	0,1,2,3,4,5,6,7	last	0	0	-	MoleSG/pretrain/Model/p3_tpsa_mofe_last_all_kan/compt/periodic_latest.pth
final_ablation	p3_logp_mofe_last_all_kan	all-KAN	MolLogP	kan	0,1,2,3,4,5,6,7	last	0	0	-	MoleSG/pretrain/Model/p3_logp_mofe_last_all_kan/compt/periodic_latest.pth
routed_control	pt_smoe_top1	top1	learned	ffn	-	all	0	1	1	MoleSG/pretrain/Model/pt_smoe_top1/compt/periodic_latest.pth
routed_control	pt_smoe_top2	top2	learned	ffn	-	all	0	1	2	MoleSG/pretrain/Model/pt_smoe_top2/compt/periodic_latest.pth
routed_control	pt_smoe_top3	top3	learned	ffn	-	all	0	1	3	MoleSG/pretrain/Model/pt_smoe_top3/compt/periodic_latest.pth
routed_control	pt_smoe_top4	top4	learned	ffn	-	all	0	1	4	MoleSG/pretrain/Model/pt_smoe_top4/compt/periodic_latest.pth
