artifact_type,placement,number,filename,png_filename,latex_label,caption,data_sources
figure,main,01,fig01_descriptor_partition_overview.pdf,fig01_descriptor_partition_overview.png,fig:workflow,"Descriptor-guided chemical space partitioning with a verified neutral ibuprofen illustration. TPSA region 1 activates KAN and MolLogP region 5 activates MLP under the locked branch allocations.",manuscript/paper_v3.0_development.tex|reports/figure1_chemistry_audit.json|reports/pretraining_descriptor_assignment_audit.json|analysis/compose_verified_overview.py|figure_development/fig01_candidates/selected_master_blank_branchbank.png
figure,main,02,fig02_descriptor_space_profiles.pdf,fig02_descriptor_space_profiles.png,fig:descriptor-profiles,Fixed TPSA and MolLogP partitions in the ZINC15 250k pretraining corpus. Region occupancy and standardized chemical profiles use the complete corpus. The joint distribution and descriptor correlations use a deterministic 10\% sample for visualization.,tables_v2/descriptor_region_profiles.csv|tables_v2/descriptor_joint_sample.csv|tables_v2/descriptor_assignment_audit.json
figure,main,03,fig03_layer_placement.pdf,fig03_layer_placement.png,fig:layer-placement,Placement of descriptor-conditioned computation. The left panel reports five-fold dataset means with sample standard deviations. The right panel reports the eight-dataset macro ROC-AUC and the difference from final-layer placement.,tables_v2/dataset_5fold_summary.csv|tables_v2/layer_screen_summary.csv
figure,main,04,fig04_kan_selection.pdf,fig04_kan_selection.png,fig:kan-screening,"Single-branch KAN screening for TPSA and MolLogP. Bars report the eight-dataset macro change relative to the matched all-MLP model. The overlaid curves report pretraining-corpus occupancy, and green bars identify the positive macro changes used for branch selection.",tables_v2/kan_screen_detail.csv|tables_v2/kan_screen_summary.csv|tables_v2/descriptor_region_profiles.csv
figure,main,05,fig05_final_n8_performance.pdf,fig05_final_n8_performance.png,fig:final-performance,"Legacy eight-layer-aligned downstream snapshot. Points report five-fold dataset means with sample standard deviations, and the lower panels report matched differences from the local Base.",tables_v2/dataset_5fold_summary.csv|tables_v2/paired_comparisons.csv
figure,main,06,fig06_conditional_ablation.pdf,fig06_conditional_ablation.png,fig:conditional-ablation,Conditional component effects under the legacy eight-layer protocol. Points are matched macro AUC differences and error bars are 95\% hierarchical bootstrap intervals over datasets and scaffold folds.,tables_v2/paired_comparisons.csv|tables_v2/conditional_interaction.csv
figure,main,07,fig07_embedding_tsne_tox21.pdf,fig07_embedding_tsne_tox21.png,fig:embedding-tsne,"t-SNE visualization of Tox21 fold-1 molecular embeddings. Each panel contains the same 768 molecules, and color denotes the descriptor region. Quantitative comparisons use the PCA-space metrics in Table~\ref{tab:embedding-metrics}.",tables_v2/embedding_tsne_coordinates.csv|tables_v2/embedding_separation_metrics.csv
figure,main,08,fig08_performance_compute.pdf,fig08_performance_compute.png,fig:performance-compute,Matched downstream macro ROC-AUC as a function of analytical active feed-forward computation and recovered active pretraining time. Point area denotes analytical stored model parameters. KAN FLOPs are architecture-based lower bounds.,tables_v2/matched_model_macro_summary.csv|tables_v2/architecture_complexity.csv|tables_v2/pretraining_runtime_summary.csv
table,main,01,tables_v2/tab01_dataset_protocol.tex,,tab:datasets,"Downstream classification datasets and the local evaluation protocol. Each scaffold split uses seeds 42, 43, 44, 45, and 46.",tables_v2/dataset_metadata.csv
table,main,02,tables_v2/tab02_descriptor_intervals.tex,,tab:descriptor-regions,Occupancy and selected chemical characteristics of the fixed descriptor intervals in the ZINC15 250k pretraining corpus. Values in the final four columns are region means.,tables_v2/descriptor_region_profiles.csv
table,main,03,tables_v2/tab03_layer_placement.tex,,tab:layer-placement,Historical layer-placement screening. Macro ROC-AUC gives equal weight to the eight classification datasets. Dataset-level values are provided in the Supporting Information.,tables_v2/layer_screen_summary.csv
table,main,04,tables_v2/tab04_kan_selection.tex,,tab:kan-selection,Single-branch KAN screening after fixing the last-layer placement. A branch is assigned KAN when its eight-task macro AUC is higher than the matched all-MLP branch baseline. Delta is reported in percentage points.,tables_v2/kan_screen_summary.csv
table,main,05,tables_v2/tab05_final_n8_performance.tex,,tab:final-performance,Legacy eight-layer-aligned downstream snapshot. Values are five-fold ROC-AUC mean $\pm$ sample SD. All model and dataset cells contain five folds. Macro values are equal-weight means of the eight dataset means.,tables_v2/dataset_5fold_summary.csv
table,main,06,tables_v2/tab06_published_local_comparison.tex,,tab:molesg-comparison,Published MoleSG and local Base results. The published values summarize three runs. The local values summarize five scaffold seeds. They are displayed as separate protocols and are not pooled.,tables_v2/published_molesg_classification.csv|tables_v2/dataset_5fold_summary.csv
table,main,07,tables_v2/tab07_conditional_ablation.tex,,tab:conditional-ablation,"Conditional ablation contrasts under the legacy eight-layer protocol. Macro deltas and hierarchical bootstrap intervals are reported in AUC percentage points. The interval resamples datasets and matched folds 10,000 times.",tables_v2/paired_comparisons.csv|tables_v2/conditional_interaction.csv
table,main,08,tables_v2/tab08_efficiency.tex,,tab:efficiency,Analytical model complexity and observed successful-job runtime. Stored totals use the shared non-FFN parameter count plus the implemented branch parameters. Active FFN parameters for mixed models are occupancy-weighted. KAN FLOPs exclude spline-basis evaluation overhead. Finetuning times describe Slurm accounting records and are not a controlled architecture benchmark.,tables_v2/architecture_complexity.csv|tables_v2/pretraining_runtime_summary.csv
table,main,09,tables_v2/tab09_embedding_metrics.tex,,tab:embedding-metrics,Descriptor-region separation in existing Tox21 fold-1 molecular embeddings. Distances and clustering indices are calculated after model-specific PCA and L2 normalization.,tables_v2/embedding_separation_metrics.csv
figure,SI,S01,figS01_descriptor_joint_distribution.pdf,figS01_descriptor_joint_distribution.png,fig:si-descriptor-joint,TPSA and MolLogP distributions in a deterministic 10\% sample of the ZINC15 250k pretraining corpus. Vertical lines mark the fixed interval boundaries. The joint panel shows that the two descriptor axes are related but not interchangeable.,tables_v2/descriptor_joint_sample.csv|tables_v2/descriptor_region_profiles.csv
figure,SI,S02,figS02_layer_placement_heatmap.pdf,figS02_layer_placement_heatmap.png,fig:si-layer-heatmap,Layer-placement screening across the eight classification datasets. The left panel reports absolute five-fold ROC-AUC. The right panel reports the difference from final-layer conditioning in AUC percentage points.,tables_v2/dataset_5fold_summary.csv
figure,SI,S03,figS03_tpsa_kan_absolute.pdf,figS03_tpsa_kan_absolute.png,fig:si-tpsa-kan-absolute,Absolute ROC-AUC for the TPSA single-branch KAN screening models. Rows identify the branch replaced by KAN.,tables_v2/kan_screen_detail.csv
figure,SI,S04,figS04_tpsa_kan_delta.pdf,figS04_tpsa_kan_delta.png,fig:si-tpsa-kan-delta,TPSA single-branch KAN differences from the matched all-MLP final-layer model. Values are AUC percentage points.,tables_v2/kan_screen_detail.csv
figure,SI,S05,figS05_logp_kan_absolute.pdf,figS05_logp_kan_absolute.png,fig:si-logp-kan-absolute,Absolute ROC-AUC for the MolLogP single-branch KAN screening models. Rows identify the branch replaced by KAN.,tables_v2/kan_screen_detail.csv
figure,SI,S06,figS06_logp_kan_delta.pdf,figS06_logp_kan_delta.png,fig:si-logp-kan-delta,MolLogP single-branch KAN differences from the matched all-MLP final-layer model. Values are AUC percentage points.,tables_v2/kan_screen_detail.csv
figure,SI,S07,figS07_tpsa_fold_distributions.pdf,figS07_tpsa_fold_distributions.png,fig:si-tpsa-folds,TPSA legacy eight-layer fold-level ROC-AUC values for the five main model roles on each downstream dataset.,tables_v2/final_fold_wide.csv
figure,SI,S08,figS08_logp_fold_distributions.pdf,figS08_logp_fold_distributions.png,fig:si-logp-folds,MolLogP legacy eight-layer fold-level ROC-AUC values for the five main model roles on each downstream dataset.,tables_v2/final_fold_wide.csv
figure,SI,S09,figS09_auxiliary_controls.pdf,figS09_auxiliary_controls.png,fig:si-controls,"Auxiliary depth, learned-routing, and all-KAN controls under their recorded protocols. Blank cells contain fewer than five folds.",tables_v2/dataset_5fold_summary.csv
figure,SI,S10,figS10_pretraining_dynamics_tpsa.pdf,figS10_pretraining_dynamics_tpsa.png,fig:si-tpsa-training,Recovered TPSA terminal-batch composite-loss and active epoch-time traces. Time curves show 11-epoch rolling medians and interquartile bands after deterministic timing exclusions.,tables_v2/pretraining_curves.csv|tables_v2/pretraining_epoch_timing_audit.csv
figure,SI,S11,figS11_pretraining_dynamics_logp.pdf,figS11_pretraining_dynamics_logp.png,fig:si-logp-training,"Recovered MolLogP terminal-batch composite-loss and active epoch-time traces. Separate graph reconstruction, SMILES MLM, and ConLoss epoch series were not available in the stored logs.",tables_v2/pretraining_curves.csv|tables_v2/pretraining_epoch_timing_audit.csv
figure,SI,S12,figS12_finetuning_runtime.pdf,figS12_finetuning_runtime.png,fig:si-finetune-runtime,"Observed completed legacy eight-layer finetuning job time by dataset. A submitted job could skip existing fold files, so the distribution is used for resource accounting rather than architecture-speed claims.",tables_v2/finetune_runtime_jobs.csv
figure,SI,S13,figS13_embedding_metrics_all_datasets.pdf,figS13_embedding_metrics_all_datasets.png,fig:si-embedding-metrics,Five-fold descriptor-region separation metrics across the eight downstream datasets. A cell is reported only when all five fold embeddings are available.,tables_v2/embedding_metric_summary.csv
figure,SI,S14,figS14_tsne_bbbp.pdf,figS14_tsne_bbbp.png,fig:si-tsne-bbbp,BBBP fold-1 t-SNE comparison. All panels within a descriptor row use the same common SMILES set.,tables_v2/embedding_tsne_coordinates.csv|tables_v2/embedding_analysis_audit.json
figure,SI,S15,figS15_tsne_tox21.pdf,figS15_tsne_tox21.png,fig:si-tsne-tox21,Tox21 fold-1 t-SNE comparison including the local Base.,tables_v2/embedding_tsne_coordinates.csv|tables_v2/embedding_analysis_audit.json
figure,SI,S16,figS16_tsne_toxcast.pdf,figS16_tsne_toxcast.png,fig:si-tsne-toxcast,ToxCast fold-1 t-SNE comparison.,tables_v2/embedding_tsne_coordinates.csv|tables_v2/embedding_analysis_audit.json
figure,SI,S17,figS17_tsne_sider.pdf,figS17_tsne_sider.png,fig:si-tsne-sider,SIDER fold-1 t-SNE comparison.,tables_v2/embedding_tsne_coordinates.csv|tables_v2/embedding_analysis_audit.json
figure,SI,S18,figS18_tsne_clintox.pdf,figS18_tsne_clintox.png,fig:si-tsne-clintox,ClinTox fold-1 t-SNE comparison.,tables_v2/embedding_tsne_coordinates.csv|tables_v2/embedding_analysis_audit.json
figure,SI,S19,figS19_tsne_bace.pdf,figS19_tsne_bace.png,fig:si-tsne-bace,BACE fold-1 t-SNE comparison.,tables_v2/embedding_tsne_coordinates.csv|tables_v2/embedding_analysis_audit.json
figure,SI,S20,figS20_tsne_hiv.pdf,figS20_tsne_hiv.png,fig:si-tsne-hiv,HIV fold-1 t-SNE comparison using a deterministic descriptor-region-stratified sample of the common molecules.,tables_v2/embedding_tsne_coordinates.csv|tables_v2/embedding_analysis_audit.json
figure,SI,S21,figS21_tsne_muv.pdf,figS21_tsne_muv.png,fig:si-tsne-muv,MUV fold-1 t-SNE comparison using a deterministic descriptor-region-stratified sample of the common molecules.,tables_v2/embedding_tsne_coordinates.csv|tables_v2/embedding_analysis_audit.json
table,SI,S01,tables_v2/tabS01_descriptor_region_profiles.tex,,tab:si-descriptor-profiles,Complete chemical profiles of the fixed descriptor-defined regions in the ZINC15 250k pretraining corpus. Values after occupancy are region means.,tables_v2/descriptor_region_profiles.csv
table,SI,S02,tables_v2/tabS02_layer_placement_detail.tex,,tab:si-layer-detail,Complete layer-placement screening results. Values are five-fold ROC-AUC mean $\pm$ sample SD under the historical design-selection protocol.,tables_v2/dataset_5fold_summary.csv
table,SI,S03,tables_v2/tabS03_tpsa_kan_absolute.tex,,tab:si-tpsa-kan-absolute,TPSA single-branch KAN screening. Values are ROC-AUC mean $\pm$ sample SD. Macro averages give equal weight to the eight dataset means.,tables_v2/kan_screen_detail.csv
table,SI,S04,tables_v2/tabS04_logp_kan_absolute.tex,,tab:si-logp-kan-absolute,\MolLogP single-branch KAN screening. Values are ROC-AUC mean $\pm$ sample SD. Macro averages give equal weight to the eight dataset means.,tables_v2/kan_screen_detail.csv
table,SI,S05,tables_v2/tabS05_tpsa_kan_deltas.tex,,tab:si-tpsa-kan-deltas,TPSA single-branch KAN differences relative to the matching all-MLP model. Values are AUC percentage points.,tables_v2/kan_screen_detail.csv
table,SI,S06,tables_v2/tabS06_logp_kan_deltas.tex,,tab:si-logp-kan-deltas,\MolLogP single-branch KAN differences relative to the matching all-MLP model. Values are AUC percentage points.,tables_v2/kan_screen_detail.csv
table,SI,S07,tables_v2/tabS07_tpsa_fold_results.tex,,tab:si-tpsa-fold-results,TPSA legacy eight-layer aligned fold-level results. Every model and dataset cell contains folds 1 through 5.,tables_v2/final_fold_wide.csv
table,SI,S08,tables_v2/tabS08_logp_fold_results.tex,,tab:si-logp-fold-results,MolLogP legacy eight-layer aligned fold-level results. Every model and dataset cell contains folds 1 through 5.,tables_v2/final_fold_wide.csv
table,SI,S09,tables_v2/tabS09_tpsa_conditional_deltas.tex,,tab:si-tpsa-conditional,TPSA per-dataset conditional ablation differences. Values are matched AUC percentage points.,tables_v2/paired_comparisons.csv
table,SI,S10,tables_v2/tabS10_logp_conditional_deltas.tex,,tab:si-logp-conditional,MolLogP per-dataset conditional ablation differences. Values are matched AUC percentage points.,tables_v2/paired_comparisons.csv
table,SI,S11,tables_v2/tabS11_statistical_tests.tex,,tab:si-statistics,Two-sided Wilcoxon signed-rank tests on complete shared-dataset mean differences. Holm adjustment was applied across all ten comparisons.,tables_v2/si_statistical_tests.csv
table,SI,S12,tables_v2/tabS12_auxiliary_controls.tex,,tab:si-controls,Auxiliary depth and learned-routing controls. Empty cells contain fewer than five completed folds. Routed models replace FFNs across all layers and are not layer-matched causal controls for MoFE-last.,tables_v2/dataset_5fold_summary.csv
table,SI,S13,tables_v2/tabS13_embedding_metrics_all.tex,,tab:si-embedding-all,Descriptor-region separation metrics across all available embedding folds. Means and sample SDs are shown only for complete five-fold entries.,tables_v2/embedding_metric_summary.csv
table,SI,S14,tables_v2/tabS14_pretraining_runtime.tex,,tab:si-pretrain-runtime,"Recovered active pretraining time. The first epoch of each Slurm segment and high-duration values above the segment-specific $Q_3+3\,\mathrm{IQR}$ outer fence are excluded. Scheduler wait between segments is not included. Projected active hours equal the retained median multiplied by 300.",tables_v2/pretraining_runtime_summary.csv|tables_v2/pretraining_epoch_timing_audit.csv
table,SI,S15,tables_v2/tabS15_finetuning_runtime.tex,,tab:si-finetune-runtime,"Observed downstream Slurm accounting. A job may skip existing fold files, so these values describe execution history rather than a controlled architecture benchmark.",tables_v2/finetune_runtime_by_dataset.csv|tables_v2/slurm_accounting_snapshot.csv
table,SI,S16,tables_v2/tabS16_metric_definitions.tex,,tab:si-metric-definitions,Definitions of evaluation metrics and derived quantities used in the main text and Supporting Information.,tables_v2/metric_definitions.csv
